{"type": "FeatureCollection", "features": [{"type": "Feature", "geometry": {"type": "Point", "coordinates": [78.4867, 17.385]}, "properties": {"id": "ATHER-001", "name": "ATHER Reference Station Alpha", "town": "Hyderabad, Telangana, India", "country": "India", "temperature": 32.4, "pressure": 1008.0, "humidity": 68, "windSpeed": 14.0, "windDirection": "WSW", "condition": "Scattered Clouds", "timestamp": "2 min ago", "status": "ANOMALY", "hasAnomaly": 1, "severity": "HIGH"}}, {"type": "Feature", "geometry": {"type": "Point", "coordinates": [77.5946, 12.9716]}, "properties": {"id": "ATHER-IND-002", "name": "ATHER Bengaluru Climate Hub", "town": "Bengaluru, Karnataka, India", "country": "India", "temperature": 25.2, "pressure": 1012.4, "humidity": 72, "windSpeed": 11.5, "windDirection": "ENE", "condition": "Clear", "timestamp": "3 min ago", "status": "NORMAL", "hasAnomaly": 0, "severity": "NONE"}}, {"type": "Feature", "geometry": {"type": "Point", "coordinates": [77.209, 28.6139]}, "properties": {"id": "ATHER-IND-003", "name": "ATHER Delhi Metro Observatory", "town": "New Delhi, NCR, India", "country": "India", "temperature": 38.6, "pressure": 1003.2, "humidity": 45, "windSpeed": 22.0, "windDirection": "WNW", "condition": "Hazy Sunshine", "timestamp": "1 min ago", "status": "WARNING", "hasAnomaly": 1, "severity": "WARNING"}}, {"type": "Feature", "geometry": {"type": "Point", "coordinates": [72.8777, 19.076]}, "properties": {"id": "ATHER-IND-004", "name": "ATHER Mumbai Coastal Array", "town": "Mumbai, Maharashtra, India", "country": "India", "temperature": 29.8, "pressure": 1009.5, "humidity": 84, "windSpeed": 18.2, "windDirection": "SW", "condition": "Light Rain Shower", "timestamp": "5 min ago", "status": "NORMAL", "hasAnomaly": 0, "severity": "NONE"}}, {"type": "Feature", "geometry": {"type": "Point", "coordinates": [139.6503, 35.6762]}, "properties": {"id": "ATHER-JPN-001", "name": "ATHER Tokyo Kanto Station", "town": "Tokyo, Kanto, Japan", "country": "Japan", "temperature": 22.1, "pressure": 1014.2, "humidity": 58, "windSpeed": 9.4, "windDirection": "SE", "condition": "Clear", "timestamp": "4 min ago", "status": "NORMAL", "hasAnomaly": 0, "severity": "NONE"}}, {"type": "Feature", "geometry": {"type": "Point", "coordinates": [151.2093, -33.8688]}, "properties": {"id": "ATHER-AUS-001", "name": "ATHER Sydney Maritime Site", "town": "Sydney, NSW, Australia", "country": "Australia", "temperature": 18.4, "pressure": 1022.0, "humidity": 65, "windSpeed": 16.0, "windDirection": "SSE", "condition": "Mainly Fine", "timestamp": "6 min ago", "status": "NORMAL", "hasAnomaly": 0, "severity": "NONE"}}, {"type": "Feature", "geometry": {"type": "Point", "coordinates": [11.582, 48.1351]}, "properties": {"id": "ATHER-EUR-001", "name": "ATHER Munich Alpine Alpine-Foreland", "town": "Munich, Bavaria, Germany", "country": "Germany", "temperature": 16.8, "pressure": 1018.5, "humidity": 62, "windSpeed": 8.0, "windDirection": "W", "condition": "Partly Cloudy", "timestamp": "7 min ago", "status": "NORMAL", "hasAnomaly": 0, "severity": "NONE"}}, {"type": "Feature", "geometry": {"type": "Point", "coordinates": [14.53105, -22.679005]}, "properties": {"id": "ATHER-NAM-0100", "name": "Swakopmund", "town": "Swakopmund, Erongo, Namibia, Africa", "country": "Africa", "temperature": 12.0, "pressure": 1021.6, "humidity": 90, "windSpeed": 1.0, "windDirection": "WSW", "condition": "Fog", "timestamp": "21:39:37 WAT", "status": "NORMAL", "hasAnomaly": 0, "severity": "NONE"}}, {"type": "Feature", "geometry": {"type": "Point", "coordinates": [14.51354, -22.956942]}, "properties": {"id": "ATHER-NAM-0101", "name": "Walvis Bay", "town": "Walvis Bay, Erongo, Namibia, Africa", "country": "Africa", "temperature": 13.0, "pressure": 1022.0, "humidity": 87, "windSpeed": 0.0, "windDirection": "S", "condition": "Clear", "timestamp": "21:39:49 WAT", "status": "NORMAL", "hasAnomaly": 0, "severity": "NONE"}}, {"type": "Feature", "geometry": {"type": "Point", "coordinates": [19.847747, -24.886474]}, "properties": {"id": "ATHER-NAM-0102", "name": "Aranos (Farm Skemerhoek)", "town": "Aranos (Farm Skemerhoek), Hardap, Namibia, Africa", "country": "Africa", "temperature": 16.0, "pressure": 1014.8, "humidity": 21, "windSpeed": 0.0, "windDirection": "N", "condition": "Clear", "timestamp": "21:39:35 WAT", "status": "NORMAL", "hasAnomaly": 0, "severity": "NONE"}}, {"type": "Feature", "geometry": {"type": "Point", "coordinates": [15.54171, -24.0659]}, "properties": {"id": "ATHER-NAM-0103", "name": "Namib Desert Lodge", "town": "Namib Desert Lodge, Hardap, Namibia, Africa", "country": "Africa", "temperature": 10.0, "pressure": 1018.6, "humidity": 35, "windSpeed": 0.0, "windDirection": "NNW", "condition": "Clear", "timestamp": "21:39:26 WAT", "status": "NORMAL", "hasAnomaly": 0, "severity": "NONE"}}, {"type": "Feature", "geometry": {"type": "Point", "coordinates": [18.401953, -24.337056]}, "properties": {"id": "ATHER-NAM-0104", "name": "Stampriet (Kalahari Farmhouse)", "town": "Stampriet (Kalahari Farmhouse), Hardap, Namibia, Africa", "country": "Africa", "temperature": 13.0, "pressure": 1016.6, "humidity": 26, "windSpeed": 0.0, "windDirection": "NW", "condition": "Clear", "timestamp": "21:39:10 WAT", "status": "NORMAL", "hasAnomaly": 0, "severity": "NONE"}}, {"type": "Feature", "geometry": {"type": "Point", "coordinates": [17.416141, -26.837623]}, "properties": {"id": "ATHER-NAM-0105", "name": "Farm Sandverhaar(Goageb)", "town": "Farm Sandverhaar(Goageb), Karas, Namibia, Africa", "country": "Africa", "temperature": null, "pressure": null, "humidity": null, "windSpeed": null, "windDirection": null, "condition": "Offline", "timestamp": "Offline", "status": "OFFLINE", "hasAnomaly": 0, "severity": "NONE"}}, {"type": "Feature", "geometry": {"type": "Point", "coordinates": [17.81388, -27.52284]}, "properties": {"id": "ATHER-NAM-0106", "name": "FishRiver Canyon Roadhouse", "town": "FishRiver Canyon Roadhouse, Karas, Namibia, Africa", "country": "Africa", "temperature": 11.0, "pressure": 1017.7, "humidity": 41, "windSpeed": 10.0, "windDirection": "SW", "condition": "Reported", "timestamp": "21:39:26 WAT", "status": "NORMAL", "hasAnomaly": 0, "severity": "NONE"}}, {"type": "Feature", "geometry": {"type": "Point", "coordinates": [16.90105, -26.01721]}, "properties": {"id": "ATHER-NAM-0107", "name": "Helmeringhausen (Farm Sterreprag)", "town": "Helmeringhausen (Farm Sterreprag), Karas, Namibia, Africa", "country": "Africa", "temperature": 10.0, "pressure": 1017.5, "humidity": 24, "windSpeed": 1.0, "windDirection": "WNW", "condition": "Reported", "timestamp": "21:38:45 WAT", "status": "NORMAL", "hasAnomaly": 0, "severity": "NONE"}}, {"type": "Feature", "geometry": {"type": "Point", "coordinates": [16.24464, -26.65242]}, "properties": {"id": "ATHER-NAM-0108", "name": "Klein Aus Vista", "town": "Klein Aus Vista, Karas, Namibia, Africa", "country": "Africa", "temperature": 7.0, "pressure": 1018.6, "humidity": 29, "windSpeed": 0.0, "windDirection": "N", "condition": "Clear", "timestamp": "21:39:50 WAT", "status": "NORMAL", "hasAnomaly": 0, "severity": "NONE"}}, {"type": "Feature", "geometry": {"type": "Point", "coordinates": [19.67132, -17.85068]}, "properties": {"id": "ATHER-NAM-0109", "name": "Rundu (Hakusembe River Lodge)", "town": "Rundu (Hakusembe River Lodge), Kavango, Namibia, Africa", "country": "Africa", "temperature": 16.0, "pressure": 1014.9, "humidity": 44, "windSpeed": 0.0, "windDirection": "NNE", "condition": "Clear", "timestamp": "21:39:58 WAT", "status": "NORMAL", "hasAnomaly": 0, "severity": "NONE"}}, {"type": "Feature", "geometry": {"type": "Point", "coordinates": [17.060158, -22.700346]}, "properties": {"id": "ATHER-NAM-0110", "name": "Auas Mountains (Regenstein)", "town": "Auas Mountains (Regenstein), Khomas, Namibia, Africa", "country": "Africa", "temperature": 0.0, "pressure": 1013.4, "humidity": 0, "windSpeed": 0.0, "windDirection": "CALM", "condition": "Reported", "timestamp": "21:39:54 WAT", "status": "NORMAL", "hasAnomaly": 0, "severity": "NONE"}}, {"type": "Feature", "geometry": {"type": "Point", "coordinates": [17.274729, -22.577522]}, "properties": {"id": "ATHER-NAM-0111", "name": "Finkenstein (Moonrakers)", "town": "Finkenstein (Moonrakers), Khomas, Namibia, Africa", "country": "Africa", "temperature": null, "pressure": null, "humidity": null, "windSpeed": null, "windDirection": null, "condition": "Offline", "timestamp": "Offline", "status": "OFFLINE", "hasAnomaly": 0, "severity": "NONE"}}, {"type": "Feature", "geometry": {"type": "Point", "coordinates": [17.073849, -22.575459]}, "properties": {"id": "ATHER-NAM-0112", "name": "Windhoek", "town": "Windhoek, Khomas, Namibia, Africa", "country": "Africa", "temperature": 14.0, "pressure": 1018.1, "humidity": 28, "windSpeed": 0.0, "windDirection": "WSW", "condition": "Clear", "timestamp": "21:39:09 WAT", "status": "ANOMALY", "hasAnomaly": 1, "severity": "HIGH"}}, {"type": "Feature", "geometry": {"type": "Point", "coordinates": [17.072046, -22.508261]}, "properties": {"id": "ATHER-NAM-0113", "name": "Windhoek (Lafrenz)", "town": "Windhoek (Lafrenz), Khomas, Namibia, Africa", "country": "Africa", "temperature": 16.0, "pressure": 1016.9, "humidity": 25, "windSpeed": 0.0, "windDirection": "NNE", "condition": "Reported", "timestamp": "21:38:44 WAT", "status": "NORMAL", "hasAnomaly": 0, "severity": "NONE"}}, {"type": "Feature", "geometry": {"type": "Point", "coordinates": [17.093774, -22.579291]}, "properties": {"id": "ATHER-NAM-0114", "name": "Windhoek (LuxuryHill)", "town": "Windhoek (LuxuryHill), Khomas, Namibia, Africa", "country": "Africa", "temperature": null, "pressure": null, "humidity": null, "windSpeed": null, "windDirection": null, "condition": "Offline", "timestamp": "Offline", "status": "OFFLINE", "hasAnomaly": 0, "severity": "NONE"}}, {"type": "Feature", "geometry": {"type": "Point", "coordinates": [17.104528, -22.605873]}, "properties": {"id": "ATHER-NAM-0115", "name": "Windhoek (Olympia)", "town": "Windhoek (Olympia), Khomas, Namibia, Africa", "country": "Africa", "temperature": 12.0, "pressure": 1018.2, "humidity": 30, "windSpeed": 0.0, "windDirection": "NE", "condition": "Reported", "timestamp": "21:39:43 WAT", "status": "NORMAL", "hasAnomaly": 0, "severity": "NONE"}}, {"type": "Feature", "geometry": {"type": "Point", "coordinates": [15.91008, -19.4058]}, "properties": {"id": "ATHER-NAM-0116", "name": "Etosha Safari Lodge", "town": "Etosha Safari Lodge, Kunene, Namibia, Africa", "country": "Africa", "temperature": 20.0, "pressure": 1013.2, "humidity": 31, "windSpeed": 8.0, "windDirection": "SW", "condition": "Clear", "timestamp": "21:39:09 WAT", "status": "NORMAL", "hasAnomaly": 0, "severity": "NONE"}}, {"type": "Feature", "geometry": {"type": "Point", "coordinates": [15.173725, -20.299165]}, "properties": {"id": "ATHER-NAM-0117", "name": "Khorixas (Damara Mopane)", "town": "Khorixas (Damara Mopane), Kunene, Namibia, Africa", "country": "Africa", "temperature": null, "pressure": null, "humidity": null, "windSpeed": null, "windDirection": null, "condition": "Offline", "timestamp": "Offline", "status": "OFFLINE", "hasAnomaly": 0, "severity": "NONE"}}, {"type": "Feature", "geometry": {"type": "Point", "coordinates": [19.27735, -21.44223]}, "properties": {"id": "ATHER-NAM-0118", "name": "Gobabis (Omuramba Hunting Lodge)", "town": "Gobabis (Omuramba Hunting Lodge), Omaheke, Namibia, Africa", "country": "Africa", "temperature": 11.0, "pressure": 1018.4, "humidity": 36, "windSpeed": 0.0, "windDirection": "N", "condition": "Reported", "timestamp": "21:39:34 WAT", "status": "NORMAL", "hasAnomaly": 0, "severity": "NONE"}}, {"type": "Feature", "geometry": {"type": "Point", "coordinates": [17.84919, -21.46354]}, "properties": {"id": "ATHER-NAM-0119", "name": "Hochfeld", "town": "Hochfeld, Otjozondjupa, Namibia, Africa", "country": "Africa", "temperature": null, "pressure": null, "humidity": null, "windSpeed": null, "windDirection": null, "condition": "Offline", "timestamp": "Offline", "status": "OFFLINE", "hasAnomaly": 0, "severity": "NONE"}}, {"type": "Feature", "geometry": {"type": "Point", "coordinates": [23.29582, -17.98636]}, "properties": {"id": "ATHER-NAM-0120", "name": "Kongola (Namushasha River Lodge)", "town": "Kongola (Namushasha River Lodge), Zambezi, Namibia, Africa", "country": "Africa", "temperature": 22.0, "pressure": 1017.2, "humidity": 29, "windSpeed": 2.0, "windDirection": "ESE", "condition": "Clear", "timestamp": "21:39:38 WAT", "status": "NORMAL", "hasAnomaly": 0, "severity": "NONE"}}, {"type": "Feature", "geometry": {"type": "Point", "coordinates": [24.72546, -17.89937]}, "properties": {"id": "ATHER-NAM-0121", "name": "Ngoma (Chobe River Camp)", "town": "Ngoma (Chobe River Camp), Zambezi, Namibia, Africa", "country": "Africa", "temperature": null, "pressure": null, "humidity": null, "windSpeed": null, "windDirection": null, "condition": "Offline", "timestamp": "Offline", "status": "OFFLINE", "hasAnomaly": 0, "severity": "NONE"}}, {"type": "Feature", "geometry": {"type": "Point", "coordinates": [-111.924, 51.643]}, "properties": {"id": "ATHER-WCW-0122", "name": "Hanna", "town": "Hanna, Alberta, Canada", "country": "Canada", "temperature": null, "pressure": null, "humidity": null, "windSpeed": null, "windDirection": null, "condition": "Offline", "timestamp": "Offline", "status": "OFFLINE", "hasAnomaly": 0, "severity": "NONE"}}, {"type": "Feature", "geometry": {"type": "Point", "coordinates": [-122.5299, 49.0199]}, "properties": {"id": "ATHER-WCW-0123", "name": "Abbotsford", "town": "Abbotsford, British Columbia, Canada", "country": "Canada", "temperature": 23.0, "pressure": 1022.1, "humidity": 59, "windSpeed": 2.0, "windDirection": "E", "condition": "Sunny", "timestamp": "13:41:00 PDT", "status": "NORMAL", "hasAnomaly": 0, "severity": "NONE"}}, {"type": "Feature", "geometry": {"type": "Point", "coordinates": [-120.203409, 51.261097]}, "properties": {"id": "ATHER-WCW-0124", "name": "Barriere", "town": "Barriere, British Columbia, Canada", "country": "Canada", "temperature": 13.0, "pressure": 1022.7, "humidity": 91, "windSpeed": 0.0, "windDirection": "E", "condition": "Sunny", "timestamp": "13:36:23 PDT", "status": "NORMAL", "hasAnomaly": 0, "severity": "NONE"}}, {"type": "Feature", "geometry": {"type": "Point", "coordinates": [-66.038067, 46.029683]}, "properties": {"id": "ATHER-CAW-0125", "name": "Flowers Cove", "town": "Flowers Cove, Grand Lake, New Brunswick, Canada", "country": "Canada", "temperature": 28.0, "pressure": 1021.4, "humidity": 60, "windSpeed": 9.0, "windDirection": "WSW", "condition": "Reported", "timestamp": "17:40:00 ADT", "status": "NORMAL", "hasAnomaly": 0, "severity": "NONE"}}, {"type": "Feature", "geometry": {"type": "Point", "coordinates": [-66.692, 45.858]}, "properties": {"id": "ATHER-CAW-0126", "name": "Fredericton", "town": "Fredericton, New Brunswick, Canada", "country": "Canada", "temperature": 27.0, "pressure": 1020.3, "humidity": 62, "windSpeed": 6.0, "windDirection": "S", "condition": "Sunny", "timestamp": "17:41:00 ADT", "status": "NORMAL", "hasAnomaly": 0, "severity": "NONE"}}, {"type": "Feature", "geometry": {"type": "Point", "coordinates": [-63.465153, 44.679893]}, "properties": {"id": "ATHER-CAW-0127", "name": "Halifax", "town": "Halifax, Nova Scotia, Canada", "country": "Canada", "temperature": 25.0, "pressure": 1021.2, "humidity": 49, "windSpeed": 3.0, "windDirection": "SSW", "condition": "Partly Cloudy", "timestamp": "17:41:01 ADT", "status": "NORMAL", "hasAnomaly": 0, "severity": "NONE"}}, {"type": "Feature", "geometry": {"type": "Point", "coordinates": [-63.29908, 45.35528]}, "properties": {"id": "ATHER-CAW-0128", "name": "Truro", "town": "Truro, Nova Scotia, Canada", "country": "Canada", "temperature": 26.0, "pressure": 1020.7, "humidity": 61, "windSpeed": 11.0, "windDirection": "W", "condition": "Mostly Cloudy", "timestamp": "17:41:02 ADT", "status": "NORMAL", "hasAnomaly": 0, "severity": "NONE"}}, {"type": "Feature", "geometry": {"type": "Point", "coordinates": [-79.471901, 43.1763]}, "properties": {"id": "ATHER-COW-0129", "name": "Beamsville", "town": "Beamsville, Ontario, Canada", "country": "Canada", "temperature": 28.0, "pressure": 1017.5, "humidity": 55, "windSpeed": 3.0, "windDirection": "NNE", "condition": "Mainly Fine", "timestamp": "16:39:51 EDT", "status": "NORMAL", "hasAnomaly": 0, "severity": "NONE"}}, {"type": "Feature", "geometry": {"type": "Point", "coordinates": [-76.11741, 45.09482]}, "properties": {"id": "ATHER-CAW-0130", "name": "Beckwith Township", "town": "Beckwith Township, Ontario, Canada", "country": "Canada", "temperature": 28.0, "pressure": 1014.4, "humidity": 45, "windSpeed": 2.0, "windDirection": "NE", "condition": "Sunny", "timestamp": "17:40:16 ADT", "status": "NORMAL", "hasAnomaly": 0, "severity": "NONE"}}, {"type": "Feature", "geometry": {"type": "Point", "coordinates": [-81.988628, 42.338464]}, "properties": {"id": "ATHER-COW-0131", "name": "Blenheim", "town": "Blenheim, Ontario, Canada", "country": "Canada", "temperature": 25.0, "pressure": 1018.5, "humidity": 71, "windSpeed": 3.0, "windDirection": "S", "condition": "Mostly Cloudy", "timestamp": "16:39:57 EDT", "status": "NORMAL", "hasAnomaly": 0, "severity": "NONE"}}, {"type": "Feature", "geometry": {"type": "Point", "coordinates": [-81.4348861, 42.9542444]}, "properties": {"id": "ATHER-COW-0132", "name": "Komoka", "town": "Komoka, Ontario, Canada", "country": "Canada", "temperature": 24.0, "pressure": 1017.3, "humidity": 76, "windSpeed": 0.0, "windDirection": "N", "condition": "Mostly Cloudy", "timestamp": "16:39:45 EDT", "status": "NORMAL", "hasAnomaly": 0, "severity": "NONE"}}, {"type": "Feature", "geometry": {"type": "Point", "coordinates": [-78.874046, 43.896912]}, "properties": {"id": "ATHER-COW-0133", "name": "Oshawa", "town": "Oshawa, Ontario, Canada", "country": "Canada", "temperature": null, "pressure": null, "humidity": null, "windSpeed": null, "windDirection": null, "condition": "Offline", "timestamp": "Offline", "status": "OFFLINE", "hasAnomaly": 0, "severity": "NONE"}}, {"type": "Feature", "geometry": {"type": "Point", "coordinates": [-79.464949, 43.656982]}, "properties": {"id": "ATHER-COW-0134", "name": "Toronto", "town": "Toronto, Ontario, Canada", "country": "Canada", "temperature": 29.0, "pressure": 1018.6, "humidity": 45, "windSpeed": 0.0, "windDirection": "S", "condition": "Clear", "timestamp": "16:39:51 EDT", "status": "NORMAL", "hasAnomaly": 0, "severity": "NONE"}}, {"type": "Feature", "geometry": {"type": "Point", "coordinates": [-79.312904, 43.875507]}, "properties": {"id": "ATHER-COW-0135", "name": "Unionville", "town": "Unionville, Ontario, Canada", "country": "Canada", "temperature": 22.0, "pressure": 1018.0, "humidity": 63, "windSpeed": 0.0, "windDirection": "N", "condition": "Partly Cloudy", "timestamp": "16:30:07 EDT", "status": "NORMAL", "hasAnomaly": 0, "severity": "NONE"}}, {"type": "Feature", "geometry": {"type": "Point", "coordinates": [-79.61196541786194, 43.789707904595026]}, "properties": {"id": "ATHER-COW-0136", "name": "Vaughn", "town": "Vaughn, Ontario, Canada", "country": "Canada", "temperature": 29.0, "pressure": 1018.2, "humidity": 48, "windSpeed": 0.0, "windDirection": "S", "condition": "Mainly Fine", "timestamp": "16:34:41 EDT", "status": "NORMAL", "hasAnomaly": 0, "severity": "NONE"}}, {"type": "Feature", "geometry": {"type": "Point", "coordinates": [-84.4946, 47.5625]}, "properties": {"id": "ATHER-COW-0137", "name": "Wawa", "town": "Wawa, Ontario, Canada", "country": "Canada", "temperature": 23.0, "pressure": 914.5, "humidity": 78, "windSpeed": 7.0, "windDirection": "WNW", "condition": "Sunny", "timestamp": "16:39:58 EDT", "status": "ANOMALY", "hasAnomaly": 1, "severity": "HIGH"}}, {"type": "Feature", "geometry": {"type": "Point", "coordinates": [-76.36333, 44.67167]}, "properties": {"id": "ATHER-COW-0138", "name": "Westport", "town": "Westport, Ontario, Canada", "country": "Canada", "temperature": 29.0, "pressure": 1019.4, "humidity": 46, "windSpeed": 1.0, "windDirection": "SSE", "condition": "Mostly Cloudy", "timestamp": "16:39:59 EDT", "status": "NORMAL", "hasAnomaly": 0, "severity": "NONE"}}, {"type": "Feature", "geometry": {"type": "Point", "coordinates": [-73.702202, 46.1833]}, "properties": {"id": "ATHER-CAW-0139", "name": "Meteo Lanaudiere", "town": "Meteo Lanaudiere, Quebec, Canada", "country": "Canada", "temperature": null, "pressure": null, "humidity": null, "windSpeed": null, "windDirection": null, "condition": "Offline", "timestamp": "Offline", "status": "OFFLINE", "hasAnomaly": 0, "severity": "NONE"}}, {"type": "Feature", "geometry": {"type": "Point", "coordinates": [-73.588, 45.587]}, "properties": {"id": "ATHER-CAW-0140", "name": "Montreal", "town": "Montreal, Quebec, Canada", "country": "Canada", "temperature": 29.0, "pressure": 1017.4, "humidity": 44, "windSpeed": 8.0, "windDirection": "NE", "condition": "Partly Cloudy", "timestamp": "17:39:36 ADT", "status": "NORMAL", "hasAnomaly": 0, "severity": "NONE"}}, {"type": "Feature", "geometry": {"type": "Point", "coordinates": [-68.47371674, 48.50280762]}, "properties": {"id": "ATHER-CAW-0141", "name": "Rimouski", "town": "Rimouski, Quebec, Canada", "country": "Canada", "temperature": 28.0, "pressure": 1017.1, "humidity": 49, "windSpeed": 4.0, "windDirection": "WSW", "condition": "Overcast", "timestamp": "17:40:53 ADT", "status": "NORMAL", "hasAnomaly": 0, "severity": "NONE"}}, {"type": "Feature", "geometry": {"type": "Point", "coordinates": [-65.625564, 48.189748]}, "properties": {"id": "ATHER-CAW-0142", "name": "Saint-Alphonse-de-Caplan", "town": "Saint-Alphonse-de-Caplan, Quebec, Canada", "country": "Canada", "temperature": null, "pressure": null, "humidity": null, "windSpeed": null, "windDirection": null, "condition": "Offline", "timestamp": "Offline", "status": "OFFLINE", "hasAnomaly": 0, "severity": "NONE"}}, {"type": "Feature", "geometry": {"type": "Point", "coordinates": [-74.0866, 45.7705]}, "properties": {"id": "ATHER-CQW-0143", "name": "Saint-Colomban", "town": "Saint-Colomban, Quebec, Canada", "country": "Canada", "temperature": null, "pressure": null, "humidity": null, "windSpeed": null, "windDirection": null, "condition": "Offline", "timestamp": "Offline", "status": "OFFLINE", "hasAnomaly": 0, "severity": "NONE"}}, {"type": "Feature", "geometry": {"type": "Point", "coordinates": [-69.803, 47.533]}, "properties": {"id": "ATHER-CQW-0144", "name": "Saint-Pascal de Kamouraska", "town": "Saint-Pascal de Kamouraska, Quebec, Canada", "country": "Canada", "temperature": 30.0, "pressure": 1018.8, "humidity": 46, "windSpeed": 8.0, "windDirection": "W", "condition": "Reported", "timestamp": "16:41:53 EDT", "status": "NORMAL", "hasAnomaly": 0, "severity": "NONE"}}, {"type": "Feature", "geometry": {"type": "Point", "coordinates": [-71.22, 46.68]}, "properties": {"id": "ATHER-CAW-0145", "name": "Saite-Helene-de-Breakeyville", "town": "Saite-Helene-de-Breakeyville, Quebec, Canada", "country": "Canada", "temperature": 30.0, "pressure": 1018.4, "humidity": 38, "windSpeed": 1.0, "windDirection": "WSW", "condition": "Partly Cloudy", "timestamp": "17:20:01 ADT", "status": "WARNING", "hasAnomaly": 1, "severity": "WARNING"}}, {"type": "Feature", "geometry": {"type": "Point", "coordinates": [-74.030417, 45.400556]}, "properties": {"id": "ATHER-CAW-0146", "name": "Vaudreuil", "town": "Vaudreuil, Quebec, Canada", "country": "Canada", "temperature": 0.0, "pressure": 1022.2, "humidity": 0, "windSpeed": 0.0, "windDirection": "N", "condition": "Reported", "timestamp": "17:40:51 ADT", "status": "NORMAL", "hasAnomaly": 0, "severity": "NONE"}}, {"type": "Feature", "geometry": {"type": "Point", "coordinates": [-73.7342, 45.5088]}, "properties": {"id": "ATHER-CQW-0147", "name": "Ville St-Laurent", "town": "Ville St-Laurent, Quebec, Canada", "country": "Canada", "temperature": 29.0, "pressure": 1017.7, "humidity": 44, "windSpeed": 8.0, "windDirection": "NE", "condition": "Partly Cloudy", "timestamp": "16:40:55 EDT", "status": "NORMAL", "hasAnomaly": 0, "severity": "NONE"}}, {"type": "Feature", "geometry": {"type": "Point", "coordinates": [-104.678902, 50.499321]}, "properties": {"id": "ATHER-CSK-0148", "name": "Regina", "town": "Regina, Saskatchewan, Canada", "country": "Canada", "temperature": 25.0, "pressure": 1004.9, "humidity": 62, "windSpeed": 29.0, "windDirection": "NE", "condition": "Cloudy2", "timestamp": "14:40:51 CST", "status": "NORMAL", "hasAnomaly": 0, "severity": "NONE"}}, {"type": "Feature", "geometry": {"type": "Point", "coordinates": [-108.643, 52.542]}, "properties": {"id": "ATHER-CSK-0149", "name": "Wilkie", "town": "Wilkie, Saskatchewan, Canada", "country": "Canada", "temperature": 18.0, "pressure": 1009.8, "humidity": 71, "windSpeed": 10.0, "windDirection": "ESE", "condition": "Mostly Cloudy", "timestamp": "14:38:50 CST", "status": "NORMAL", "hasAnomaly": 0, "severity": "NONE"}}, {"type": "Feature", "geometry": {"type": "Point", "coordinates": [-135.1163, 60.4972]}, "properties": {"id": "ATHER-WCW-0150", "name": "Whitehorse", "town": "Whitehorse, Yukon Territories, Canada", "country": "Canada", "temperature": null, "pressure": null, "humidity": null, "windSpeed": null, "windDirection": null, "condition": "Offline", "timestamp": "Offline", "status": "OFFLINE", "hasAnomaly": 0, "severity": "NONE"}}, {"type": "Feature", "geometry": {"type": "Point", "coordinates": [10.9739, 43.7406]}, "properties": {"id": "ATHER-ZEU-0151", "name": "Capraia e Limite", "town": "Capraia e Limite, Albania, Europe", "country": "Europe", "temperature": null, "pressure": null, "humidity": null, "windSpeed": null, "windDirection": null, "condition": "Offline", "timestamp": "Offline", "status": "OFFLINE", "hasAnomaly": 0, "severity": "NONE"}}, {"type": "Feature", "geometry": {"type": "Point", "coordinates": [14.567, 46.593]}, "properties": {"id": "ATHER-ATW-0152", "name": "St. Kanzian", "town": "St. Kanzian, K\u00e4rnten, Austria, Europe", "country": "Europe", "temperature": null, "pressure": null, "humidity": null, "windSpeed": null, "windDirection": null, "condition": "Offline", "timestamp": "Offline", "status": "OFFLINE", "hasAnomaly": 0, "severity": "NONE"}}, {"type": "Feature", "geometry": {"type": "Point", "coordinates": [16.3246, 48.3799]}, "properties": {"id": "ATHER-ZEU-0153", "name": "Leobendorf", "town": "Leobendorf, Austria, Europe", "country": "Europe", "temperature": null, "pressure": null, "humidity": null, "windSpeed": null, "windDirection": null, "condition": "Offline", "timestamp": "Offline", "status": "OFFLINE", "hasAnomaly": 0, "severity": "NONE"}}, {"type": "Feature", "geometry": {"type": "Point", "coordinates": [15.465828, 48.686409]}, "properties": {"id": "ATHER-ATW-0154", "name": "Brunn a.d. Wild", "town": "Brunn a.d. Wild, Niederoesterreich, Austria, Europe", "country": "Europe", "temperature": null, "pressure": null, "humidity": null, "windSpeed": null, "windDirection": null, "condition": "Offline", "timestamp": "Offline", "status": "OFFLINE", "hasAnomaly": 0, "severity": "NONE"}}, {"type": "Feature", "geometry": {"type": "Point", "coordinates": [16.1875, 48.09611]}, "properties": {"id": "ATHER-ATW-0155", "name": "H\u00f6llensteinhaus", "town": "H\u00f6llensteinhaus, Niederoesterreich, Austria, Europe", "country": "Europe", "temperature": 20.0, "pressure": 1012.8, "humidity": 69, "windSpeed": 10.0, "windDirection": "SSW", "condition": "Reported", "timestamp": "22:32:20 CEST", "status": "NORMAL", "hasAnomaly": 0, "severity": "NONE"}}, {"type": "Feature", "geometry": {"type": "Point", "coordinates": [15.907759, 48.126934]}, "properties": {"id": "ATHER-ATW-0156", "name": "Innermanzing", "town": "Innermanzing, Niederoesterreich, Austria, Europe", "country": "Europe", "temperature": 18.0, "pressure": 1013.0, "humidity": 81, "windSpeed": 0.0, "windDirection": "SW", "condition": "Reported", "timestamp": "22:29:33 CEST", "status": "NORMAL", "hasAnomaly": 0, "severity": "NONE"}}, {"type": "Feature", "geometry": {"type": "Point", "coordinates": [16.33240509, 48.29251862]}, "properties": {"id": "ATHER-ATW-0157", "name": "Klosterneuburg", "town": "Klosterneuburg, Niederoesterreich, Austria, Europe", "country": "Europe", "temperature": 24.0, "pressure": 1008.9, "humidity": 52, "windSpeed": 24.0, "windDirection": "WNW", "condition": "Few Clouds", "timestamp": "22:35:48 CEST", "status": "NORMAL", "hasAnomaly": 0, "severity": "NONE"}}, {"type": "Feature", "geometry": {"type": "Point", "coordinates": [15.140278, 48.948611]}, "properties": {"id": "ATHER-ATW-0158", "name": "Litschau", "town": "Litschau, Niederoesterreich, Austria, Europe", "country": "Europe", "temperature": 16.0, "pressure": 1014.1, "humidity": 81, "windSpeed": 0.0, "windDirection": "NE", "condition": "Few Clouds", "timestamp": "22:33:34 CEST", "status": "NORMAL", "hasAnomaly": 0, "severity": "NONE"}}, {"type": "Feature", "geometry": {"type": "Point", "coordinates": [16.426389, 48.100556]}, "properties": {"id": "ATHER-ATW-0159", "name": "Maria Lanzendorf", "town": "Maria Lanzendorf, Niederoesterreich, Austria, Europe", "country": "Europe", "temperature": 23.0, "pressure": 1014.8, "humidity": 57, "windSpeed": 3.0, "windDirection": "S", "condition": "Clear", "timestamp": "22:33:45 CEST", "status": "NORMAL", "hasAnomaly": 0, "severity": "NONE"}}, {"type": "Feature", "geometry": {"type": "Point", "coordinates": [16.534843, 48.567025]}, "properties": {"id": "ATHER-ATW-0160", "name": "Mistelbach", "town": "Mistelbach, Niederoesterreich, Austria, Europe", "country": "Europe", "temperature": 22.0, "pressure": 1013.2, "humidity": 59, "windSpeed": 6.0, "windDirection": "SSE", "condition": "Few Clouds", "timestamp": "22:40:51 CEST", "status": "NORMAL", "hasAnomaly": 0, "severity": "NONE"}}, {"type": "Feature", "geometry": {"type": "Point", "coordinates": [16.2341, 48.12219]}, "properties": {"id": "ATHER-ATW-0161", "name": "Parapluiberg", "town": "Parapluiberg, Niederoesterreich, Austria, Europe", "country": "Europe", "temperature": 22.0, "pressure": 1012.5, "humidity": 61, "windSpeed": 9.0, "windDirection": "W", "condition": "Few Clouds", "timestamp": "22:01:18 CEST", "status": "NORMAL", "hasAnomaly": 0, "severity": "NONE"}}, {"type": "Feature", "geometry": {"type": "Point", "coordinates": [15.9438, 48.4689]}, "properties": {"id": "ATHER-ATW-0162", "name": "Ruppersthal", "town": "Ruppersthal, Niederoesterreich, Austria, Europe", "country": "Europe", "temperature": null, "pressure": null, "humidity": null, "windSpeed": null, "windDirection": null, "condition": "Offline", "timestamp": "Offline", "status": "OFFLINE", "hasAnomaly": 0, "severity": "NONE"}}, {"type": "Feature", "geometry": {"type": "Point", "coordinates": [15.683, 48.383]}, "properties": {"id": "ATHER-ATW-0163", "name": "Theiss", "town": "Theiss, Niederoesterreich, Austria, Europe", "country": "Europe", "temperature": 22.0, "pressure": 1011.4, "humidity": 64, "windSpeed": 0.0, "windDirection": "WSW", "condition": "Overcast", "timestamp": "22:41:50 CEST", "status": "NORMAL", "hasAnomaly": 0, "severity": "NONE"}}, {"type": "Feature", "geometry": {"type": "Point", "coordinates": [15.94227, 48.5332793]}, "properties": {"id": "ATHER-ATW-0164", "name": "Zitternberg", "town": "Zitternberg, Niederoesterreich, Austria, Europe", "country": "Europe", "temperature": 19.0, "pressure": 1012.8, "humidity": 70, "windSpeed": 0.0, "windDirection": "NNW", "condition": "Few Clouds", "timestamp": "22:32:45 CEST", "status": "NORMAL", "hasAnomaly": 0, "severity": "NONE"}}, {"type": "Feature", "geometry": {"type": "Point", "coordinates": [13.05356, 47.735802]}, "properties": {"id": "ATHER-ATW-0165", "name": "Anif", "town": "Anif, Salzburg, Austria, Europe", "country": "Europe", "temperature": 21.0, "pressure": 1011.5, "humidity": 76, "windSpeed": 0.0, "windDirection": "WNW", "condition": "Partly Cloudy", "timestamp": "22:41:37 CEST", "status": "NORMAL", "hasAnomaly": 0, "severity": "NONE"}}, {"type": "Feature", "geometry": {"type": "Point", "coordinates": [13.836085, 47.076498]}, "properties": {"id": "ATHER-ATW-0166", "name": "Ramingstein", "town": "Ramingstein, Salzburg, Austria, Europe", "country": "Europe", "temperature": 17.0, "pressure": 1014.6, "humidity": 68, "windSpeed": 10.0, "windDirection": "E", "condition": "Reported", "timestamp": "22:00:22 CEST", "status": "NORMAL", "hasAnomaly": 0, "severity": "NONE"}}, {"type": "Feature", "geometry": {"type": "Point", "coordinates": [12.079744, 47.497698]}, "properties": {"id": "ATHER-ATW-0167", "name": "Kirchbichl", "town": "Kirchbichl, Tirol, Austria, Europe", "country": "Europe", "temperature": null, "pressure": null, "humidity": null, "windSpeed": null, "windDirection": null, "condition": "Offline", "timestamp": "Offline", "status": "OFFLINE", "hasAnomaly": 0, "severity": "NONE"}}, {"type": "Feature", "geometry": {"type": "Point", "coordinates": [12.057, 47.524]}, "properties": {"id": "ATHER-ATW-0168", "name": "Mariastein", "town": "Mariastein, Tirol, Austria, Europe", "country": "Europe", "temperature": null, "pressure": null, "humidity": null, "windSpeed": null, "windDirection": null, "condition": "Offline", "timestamp": "Offline", "status": "OFFLINE", "hasAnomaly": 0, "severity": "NONE"}}, {"type": "Feature", "geometry": {"type": "Point", "coordinates": [16.35916, 48.1577777]}, "properties": {"id": "ATHER-ATW-0169", "name": "Wien 10", "town": "Wien 10, Wien, Austria, Europe", "country": "Europe", "temperature": 23.0, "pressure": 1020.3, "humidity": 56, "windSpeed": 8.0, "windDirection": "SE", "condition": "Partly Cloudy", "timestamp": "22:41:47 CEST", "status": "NORMAL", "hasAnomaly": 0, "severity": "NONE"}}, {"type": "Feature", "geometry": {"type": "Point", "coordinates": [16.266944, 48.194444]}, "properties": {"id": "ATHER-ATW-0170", "name": "Wien 14", "town": "Wien 14, Wien, Austria, Europe", "country": "Europe", "temperature": null, "pressure": null, "humidity": null, "windSpeed": null, "windDirection": null, "condition": "Offline", "timestamp": "Offline", "status": "OFFLINE", "hasAnomaly": 0, "severity": "NONE"}}, {"type": "Feature", "geometry": {"type": "Point", "coordinates": [16.289167, 48.212778]}, "properties": {"id": "ATHER-ATW-0171", "name": "Wien 16", "town": "Wien 16, Wien, Austria, Europe", "country": "Europe", "temperature": 22.0, "pressure": 1014.1, "humidity": 58, "windSpeed": 0.0, "windDirection": "SSW", "condition": "Clear", "timestamp": "22:41:24 CEST", "status": "NORMAL", "hasAnomaly": 0, "severity": "NONE"}}, {"type": "Feature", "geometry": {"type": "Point", "coordinates": [16.446, 48.235]}, "properties": {"id": "ATHER-ATW-0172", "name": "Wien 2", "town": "Wien 2, Wien, Austria, Europe", "country": "Europe", "temperature": 25.0, "pressure": 1010.3, "humidity": 50, "windSpeed": 1.0, "windDirection": "SW", "condition": "Clear", "timestamp": "22:40:35 CEST", "status": "NORMAL", "hasAnomaly": 0, "severity": "NONE"}}, {"type": "Feature", "geometry": {"type": "Point", "coordinates": [16.446, 48.235]}, "properties": {"id": "ATHER-ATW-0173", "name": "Wien 22", "town": "Wien 22, Wien, Austria, Europe", "country": "Europe", "temperature": 24.0, "pressure": 1012.7, "humidity": 55, "windSpeed": 0.0, "windDirection": "ESE", "condition": "Clear", "timestamp": "22:40:15 CEST", "status": "NORMAL", "hasAnomaly": 0, "severity": "NONE"}}, {"type": "Feature", "geometry": {"type": "Point", "coordinates": [4.42, 51.281]}, "properties": {"id": "ATHER-ZEU-0174", "name": "Antwerpen", "town": "Antwerpen, Belgium, Europe", "country": "Europe", "temperature": null, "pressure": null, "humidity": null, "windSpeed": null, "windDirection": null, "condition": "Offline", "timestamp": "Offline", "status": "OFFLINE", "hasAnomaly": 0, "severity": "NONE"}}, {"type": "Feature", "geometry": {"type": "Point", "coordinates": [4.4202713, 51.2809101]}, "properties": {"id": "ATHER-BNL-0175", "name": "Antwerpen-Ekeren", "town": "Antwerpen-Ekeren, Belgium, Europe", "country": "Europe", "temperature": 22.0, "pressure": 1009.0, "humidity": 66, "windSpeed": 1.0, "windDirection": "S", "condition": "light Rain", "timestamp": "22:41:55 CEST", "status": "NORMAL", "hasAnomaly": 0, "severity": "NONE"}}, {"type": "Feature", "geometry": {"type": "Point", "coordinates": [4.82382, 51.3162]}, "properties": {"id": "ATHER-ZEU-0176", "name": "Beerse", "town": "Beerse, Belgium, Europe", "country": "Europe", "temperature": null, "pressure": null, "humidity": null, "windSpeed": null, "windDirection": null, "condition": "Offline", "timestamp": "Offline", "status": "OFFLINE", "hasAnomaly": 0, "severity": "NONE"}}, {"type": "Feature", "geometry": {"type": "Point", "coordinates": [3.1817973, 51.1990433]}, "properties": {"id": "ATHER-BNL-0177", "name": "Brugge", "town": "Brugge, Belgium, Europe", "country": "Europe", "temperature": 20.0, "pressure": 1007.0, "humidity": 70, "windSpeed": 0.0, "windDirection": "WNW", "condition": "light Rain", "timestamp": "22:10:17 CEST", "status": "NORMAL", "hasAnomaly": 0, "severity": "NONE"}}, {"type": "Feature", "geometry": {"type": "Point", "coordinates": [2.91355, 50.728]}, "properties": {"id": "ATHER-ZEU-0178", "name": "Comines-Warneton", "town": "Comines-Warneton, Belgium, Europe", "country": "Europe", "temperature": 20.0, "pressure": 1008.0, "humidity": 73, "windSpeed": 5.8, "windDirection": "N", "condition": "Partly Cloudy", "timestamp": "22:39:48 CEST", "status": "NORMAL", "hasAnomaly": 0, "severity": "NONE"}}, {"type": "Feature", "geometry": {"type": "Point", "coordinates": [2.913611, 50.728333]}, "properties": {"id": "ATHER-BNL-0179", "name": "Comines-Warneton Hainaut", "town": "Comines-Warneton Hainaut, Belgium, Europe", "country": "Europe", "temperature": 20.0, "pressure": 1008.0, "humidity": 73, "windSpeed": 6.0, "windDirection": "N", "condition": "Clear", "timestamp": "22:39:45 CEST", "status": "NORMAL", "hasAnomaly": 0, "severity": "NONE"}}, {"type": "Feature", "geometry": {"type": "Point", "coordinates": [4.283324, 50.494137]}, "properties": {"id": "ATHER-BNL-0180", "name": "Godarville", "town": "Godarville, Belgium, Europe", "country": "Europe", "temperature": 22.0, "pressure": 1009.0, "humidity": null, "windSpeed": 1.0, "windDirection": "E", "condition": "Clear", "timestamp": "22:42:11 CEST", "status": "NORMAL", "hasAnomaly": 0, "severity": "NONE"}}, {"type": "Feature", "geometry": {"type": "Point", "coordinates": [4.7, 51.07]}, "properties": {"id": "ATHER-BNL-0181", "name": "Heist Op Den Berg", "town": "Heist Op Den Berg, Belgium, Europe", "country": "Europe", "temperature": 23.0, "pressure": 1008.9, "humidity": 52, "windSpeed": 0.0, "windDirection": "SE", "condition": "light Rain", "timestamp": "22:37:37 CEST", "status": "NORMAL", "hasAnomaly": 0, "severity": "NONE"}}, {"type": "Feature", "geometry": {"type": "Point", "coordinates": [3.24835, 51.33469]}, "properties": {"id": "ATHER-BNL-0182", "name": "Heist aan Zee", "town": "Heist aan Zee, Belgium, Europe", "country": "Europe", "temperature": 20.0, "pressure": 1008.5, "humidity": 60, "windSpeed": 0.0, "windDirection": "N", "condition": "light Rain", "timestamp": "22:47:25 CEST", "status": "NORMAL", "hasAnomaly": 0, "severity": "NONE"}}, {"type": "Feature", "geometry": {"type": "Point", "coordinates": [5.715, 50.658]}, "properties": {"id": "ATHER-BNL-0183", "name": "Heuseux", "town": "Heuseux, Belgium, Europe", "country": "Europe", "temperature": 21.0, "pressure": 1008.5, "humidity": 49, "windSpeed": 0.0, "windDirection": "SE", "condition": "Clear", "timestamp": "22:41:02 CEST", "status": "NORMAL", "hasAnomaly": 0, "severity": "NONE"}}, {"type": "Feature", "geometry": {"type": "Point", "coordinates": [3.203257, 50.906915]}, "properties": {"id": "ATHER-BNL-0184", "name": "Izegem", "town": "Izegem, Belgium, Europe", "country": "Europe", "temperature": 21.0, "pressure": 1008.2, "humidity": 68, "windSpeed": 2.0, "windDirection": "NW", "condition": "Clear", "timestamp": "22:42:01 CEST", "status": "NORMAL", "hasAnomaly": 0, "severity": "NONE"}}, {"type": "Feature", "geometry": {"type": "Point", "coordinates": [4.25, 51.0]}, "properties": {"id": "ATHER-BNL-0185", "name": "Kapelle op de Bos", "town": "Kapelle op de Bos, Belgium, Europe", "country": "Europe", "temperature": 23.0, "pressure": 1009.1, "humidity": 53, "windSpeed": 0.0, "windDirection": "S", "condition": "Clear", "timestamp": "22:02:35 CEST", "status": "NORMAL", "hasAnomaly": 0, "severity": "NONE"}}, {"type": "Feature", "geometry": {"type": "Point", "coordinates": [5.6485, 51.0122]}, "properties": {"id": "ATHER-BNL-0186", "name": "Lanklaar", "town": "Lanklaar, Belgium, Europe", "country": "Europe", "temperature": 18.0, "pressure": 1009.4, "humidity": 68, "windSpeed": 0.0, "windDirection": "SE", "condition": "Partly Cloudy", "timestamp": "22:41:50 CEST", "status": "NORMAL", "hasAnomaly": 0, "severity": "NONE"}}, {"type": "Feature", "geometry": {"type": "Point", "coordinates": [3.63671, 51.1914]}, "properties": {"id": "ATHER-BNL-0187", "name": "Lembeke", "town": "Lembeke, Belgium, Europe", "country": "Europe", "temperature": 22.0, "pressure": 1008.8, "humidity": 69, "windSpeed": 0.0, "windDirection": "WNW", "condition": "light Rain", "timestamp": "22:42:10 CEST", "status": "NORMAL", "hasAnomaly": 0, "severity": "NONE"}}, {"type": "Feature", "geometry": {"type": "Point", "coordinates": [4.6995722, 50.8863105]}, "properties": {"id": "ATHER-BNL-0188", "name": "Leuven-Sluispark", "town": "Leuven-Sluispark, Belgium, Europe", "country": "Europe", "temperature": 24.0, "pressure": 1008.3, "humidity": 45, "windSpeed": 0.0, "windDirection": "E", "condition": "Clear", "timestamp": "22:42:04 CEST", "status": "NORMAL", "hasAnomaly": 0, "severity": "NONE"}}, {"type": "Feature", "geometry": {"type": "Point", "coordinates": [5.026389, 50.710278]}, "properties": {"id": "ATHER-BNL-0189", "name": "Lincent", "town": "Lincent, Belgium, Europe", "country": "Europe", "temperature": 19.0, "pressure": 1007.9, "humidity": 68, "windSpeed": 0.0, "windDirection": "S", "condition": "Clear", "timestamp": "22:41:02 CEST", "status": "NORMAL", "hasAnomaly": 0, "severity": "NONE"}}, {"type": "Feature", "geometry": {"type": "Point", "coordinates": [4.2655, 50.3504]}, "properties": {"id": "ATHER-ZEU-0190", "name": "Lobbes", "town": "Lobbes, Belgium, Europe", "country": "Europe", "temperature": 22.0, "pressure": 1007.3, "humidity": 51, "windSpeed": 1.1, "windDirection": "ESE", "condition": "Partly Cloudy", "timestamp": "22:39:50 CEST", "status": "NORMAL", "hasAnomaly": 0, "severity": "NONE"}}, {"type": "Feature", "geometry": {"type": "Point", "coordinates": [5.7820835, 51.1151479]}, "properties": {"id": "ATHER-BNL-0191", "name": "Maaseik", "town": "Maaseik, Belgium, Europe", "country": "Europe", "temperature": 19.0, "pressure": 1056.8, "humidity": 52, "windSpeed": 4.0, "windDirection": "SE", "condition": "Few Clouds", "timestamp": "22:41:38 CEST", "status": "ANOMALY", "hasAnomaly": 1, "severity": "WARNING"}}, {"type": "Feature", "geometry": {"type": "Point", "coordinates": [4.164181, 51.074353]}, "properties": {"id": "ATHER-BNL-0192", "name": "Moerzeke", "town": "Moerzeke, Belgium, Europe", "country": "Europe", "temperature": 21.0, "pressure": 1008.2, "humidity": 82, "windSpeed": 0.0, "windDirection": "WSW", "condition": "light Rain", "timestamp": "22:41:43 CEST", "status": "NORMAL", "hasAnomaly": 0, "severity": "NONE"}}, {"type": "Feature", "geometry": {"type": "Point", "coordinates": [4.810971, 50.942678]}, "properties": {"id": "ATHER-BNL-0193", "name": "Nieuwrode-Holsbeek", "town": "Nieuwrode-Holsbeek, Belgium, Europe", "country": "Europe", "temperature": 21.0, "pressure": 1007.6, "humidity": 68, "windSpeed": 0.0, "windDirection": "SSE", "condition": "Clear", "timestamp": "22:41:57 CEST", "status": "NORMAL", "hasAnomaly": 0, "severity": "NONE"}}, {"type": "Feature", "geometry": {"type": "Point", "coordinates": [4.538421, 50.774137]}, "properties": {"id": "ATHER-BNL-0194", "name": "Overijse", "town": "Overijse, Belgium, Europe", "country": "Europe", "temperature": null, "pressure": null, "humidity": null, "windSpeed": null, "windDirection": null, "condition": "Offline", "timestamp": "Offline", "status": "OFFLINE", "hasAnomaly": 0, "severity": "NONE"}}, {"type": "Feature", "geometry": {"type": "Point", "coordinates": [5.039444, 50.874167]}, "properties": {"id": "ATHER-BNL-0195", "name": "Ransberg", "town": "Ransberg, Belgium, Europe", "country": "Europe", "temperature": 21.0, "pressure": 1008.9, "humidity": 62, "windSpeed": 6.0, "windDirection": "ESE", "condition": "Mostly Cloudy", "timestamp": "21:45:32 CEST", "status": "NORMAL", "hasAnomaly": 0, "severity": "NONE"}}, {"type": "Feature", "geometry": {"type": "Point", "coordinates": [4.36778, 50.7514]}, "properties": {"id": "ATHER-ZEU-0196", "name": "Sint Genesius Rode", "town": "Sint Genesius Rode, Belgium, Europe", "country": "Europe", "temperature": 21.0, "pressure": 1008.3, "humidity": 71, "windSpeed": 0.0, "windDirection": "SE", "condition": "Partly Cloudy", "timestamp": "22:39:58 CEST", "status": "NORMAL", "hasAnomaly": 0, "severity": "NONE"}}, {"type": "Feature", "geometry": {"type": "Point", "coordinates": [3.2829, 51.2116]}, "properties": {"id": "ATHER-ZEU-0197", "name": "Sint Kruis (Brugge)", "town": "Sint Kruis (Brugge), Belgium, Europe", "country": "Europe", "temperature": null, "pressure": null, "humidity": null, "windSpeed": null, "windDirection": null, "condition": "Offline", "timestamp": "Offline", "status": "OFFLINE", "hasAnomaly": 0, "severity": "NONE"}}, {"type": "Feature", "geometry": {"type": "Point", "coordinates": [3.99477, 50.7404]}, "properties": {"id": "ATHER-BNL-0198", "name": "Tollembeek", "town": "Tollembeek, Belgium, Europe", "country": "Europe", "temperature": 23.0, "pressure": 1009.3, "humidity": 60, "windSpeed": 2.0, "windDirection": "ESE", "condition": "Clear", "timestamp": "21:45:28 CEST", "status": "ANOMALY", "hasAnomaly": 1, "severity": "HIGH"}}, {"type": "Feature", "geometry": {"type": "Point", "coordinates": [4.5549, 50.8327]}, "properties": {"id": "ATHER-ZEU-0199", "name": "Vossem", "town": "Vossem, Belgium, Europe", "country": "Europe", "temperature": 19.0, "pressure": 1008.0, "humidity": 72, "windSpeed": 0.0, "windDirection": "SSW", "condition": "Partly Cloudy", "timestamp": "22:39:10 CEST", "status": "NORMAL", "hasAnomaly": 0, "severity": "NONE"}}, {"type": "Feature", "geometry": {"type": "Point", "coordinates": [4.696, 50.904]}, "properties": {"id": "ATHER-ZEU-0200", "name": "Wilsele", "town": "Wilsele, Belgium, Europe", "country": "Europe", "temperature": 23.0, "pressure": 1009.0, "humidity": 39, "windSpeed": 0.0, "windDirection": "SSE", "condition": "Partly Cloudy", "timestamp": "22:40:03 CEST", "status": "NORMAL", "hasAnomaly": 0, "severity": "NONE"}}, {"type": "Feature", "geometry": {"type": "Point", "coordinates": [4.69741, 50.89518]}, "properties": {"id": "ATHER-BNL-0201", "name": "Wilsele-Herent", "town": "Wilsele-Herent, Belgium, Europe", "country": "Europe", "temperature": 23.0, "pressure": 1009.0, "humidity": 39, "windSpeed": 0.0, "windDirection": "SSE", "condition": "Clear", "timestamp": "22:42:04 CEST", "status": "NORMAL", "hasAnomaly": 0, "severity": "NONE"}}, {"type": "Feature", "geometry": {"type": "Point", "coordinates": [3.2608, 51.0433]}, "properties": {"id": "ATHER-BNL-0202", "name": "Wingene", "town": "Wingene, Belgium, Europe", "country": "Europe", "temperature": 20.0, "pressure": 1007.4, "humidity": 78, "windSpeed": 10.0, "windDirection": "W", "condition": "light Rain", "timestamp": "22:38:19 CEST", "status": "NORMAL", "hasAnomaly": 0, "severity": "NONE"}}, {"type": "Feature", "geometry": {"type": "Point", "coordinates": [4.6786, 51.2592]}, "properties": {"id": "ATHER-BNL-0203", "name": "Zoersel", "town": "Zoersel, Belgium, Europe", "country": "Europe", "temperature": 20.0, "pressure": 1008.5, "humidity": 77, "windSpeed": 0.0, "windDirection": "NE", "condition": "light Rain", "timestamp": "22:42:10 CEST", "status": "NORMAL", "hasAnomaly": 0, "severity": "NONE"}}, {"type": "Feature", "geometry": {"type": "Point", "coordinates": [3.0023, 50.8736]}, "properties": {"id": "ATHER-BNL-0204", "name": "Zonnebeke", "town": "Zonnebeke, Belgium, Europe", "country": "Europe", "temperature": 20.0, "pressure": 1006.9, "humidity": 77, "windSpeed": 3.0, "windDirection": "NNW", "condition": "Clear", "timestamp": "22:40:37 CEST", "status": "NORMAL", "hasAnomaly": 0, "severity": "NONE"}}, {"type": "Feature", "geometry": {"type": "Point", "coordinates": [5.02528, 50.7108]}, "properties": {"id": "ATHER-ZEU-0205", "name": "lincent", "town": "lincent, Belgium, Europe", "country": "Europe", "temperature": 19.0, "pressure": 1007.9, "humidity": 68, "windSpeed": 0.0, "windDirection": "S", "condition": "Partly Cloudy", "timestamp": "22:39:02 CEST", "status": "NORMAL", "hasAnomaly": 0, "severity": "NONE"}}, {"type": "Feature", "geometry": {"type": "Point", "coordinates": [3.279, 51.058]}, "properties": {"id": "ATHER-ZEU-0206", "name": "wingene", "town": "wingene, Belgium, Europe", "country": "Europe", "temperature": 20.0, "pressure": 1007.4, "humidity": 78, "windSpeed": 9.7, "windDirection": "W", "condition": "Rain Showers", "timestamp": "22:38:20 CEST", "status": "NORMAL", "hasAnomaly": 0, "severity": "NONE"}}, {"type": "Feature", "geometry": {"type": "Point", "coordinates": [23.366749328234857, 42.04233657492203]}, "properties": {"id": "ATHER-BGW-0207", "name": "Parangalitsa(2700)", "town": "Parangalitsa(2700), Blagoevgrad, Bulgaria, Europe", "country": "Europe", "temperature": 11.0, "pressure": 863.5, "humidity": 82, "windSpeed": 0.0, "windDirection": "NE", "condition": "Clear", "timestamp": "23:40:11 EEST", "status": "ANOMALY", "hasAnomaly": 1, "severity": "HIGH"}}, {"type": "Feature", "geometry": {"type": "Point", "coordinates": [23.208736, 41.401012]}, "properties": {"id": "ATHER-BGW-0208", "name": "Petrich (2850)", "town": "Petrich (2850), Blagoevgrad, Bulgaria, Europe", "country": "Europe", "temperature": null, "pressure": null, "humidity": null, "windSpeed": null, "windDirection": null, "condition": "Offline", "timestamp": "Offline", "status": "OFFLINE", "hasAnomaly": 0, "severity": "NONE"}}, {"type": "Feature", "geometry": {"type": "Point", "coordinates": [23.37864760742492, 41.82571536144988]}, "properties": {"id": "ATHER-BGW-0209", "name": "Yavorov hut(2760)", "town": "Yavorov hut(2760), Blagoevgrad, Bulgaria, Europe", "country": "Europe", "temperature": 11.0, "pressure": 827.1, "humidity": 74, "windSpeed": 0.0, "windDirection": "SE", "condition": "Clear", "timestamp": "23:40:13 EEST", "status": "ANOMALY", "hasAnomaly": 1, "severity": "HIGH"}}, {"type": "Feature", "geometry": {"type": "Point", "coordinates": [22.9091, 42.7398]}, "properties": {"id": "ATHER-ZEU-0210", "name": "Breznik(2360)", "town": "Breznik(2360), Bulgaria, Europe", "country": "Europe", "temperature": null, "pressure": 0.0, "humidity": 50, "windSpeed": null, "windDirection": "CALM", "condition": "Partly Cloudy", "timestamp": "22:39:42 CEST", "status": "ANOMALY", "hasAnomaly": 1, "severity": "HIGH"}}, {"type": "Feature", "geometry": {"type": "Point", "coordinates": [27.4762023, 42.4764499]}, "properties": {"id": "ATHER-BGW-0211", "name": "Burgas (8000)", "town": "Burgas (8000), Burgas, Bulgaria, Europe", "country": "Europe", "temperature": 22.0, "pressure": 987.4, "humidity": null, "windSpeed": 8.0, "windDirection": "NNE", "condition": "Clear", "timestamp": "23:31:15 EEST", "status": "NORMAL", "hasAnomaly": 0, "severity": "NONE"}}, {"type": "Feature", "geometry": {"type": "Point", "coordinates": [27.472686767578125, 42.50551526821832]}, "properties": {"id": "ATHER-BGW-0212", "name": "Burgas(8000)", "town": "Burgas(8000), Burgas, Bulgaria, Europe", "country": "Europe", "temperature": 23.0, "pressure": 1015.4, "humidity": 65, "windSpeed": 0.0, "windDirection": "NNE", "condition": "Clear", "timestamp": "23:31:02 EEST", "status": "NORMAL", "hasAnomaly": 0, "severity": "NONE"}}, {"type": "Feature", "geometry": {"type": "Point", "coordinates": [27.880132, 42.718799]}, "properties": {"id": "ATHER-BGW-0213", "name": "Emona (8252)", "town": "Emona (8252), Burgas, Bulgaria, Europe", "country": "Europe", "temperature": 20.0, "pressure": 1012.4, "humidity": null, "windSpeed": 2.0, "windDirection": "SW", "condition": "Clear", "timestamp": "23:31:15 EEST", "status": "NORMAL", "hasAnomaly": 0, "severity": "NONE"}}, {"type": "Feature", "geometry": {"type": "Point", "coordinates": [27.758248, 42.307709]}, "properties": {"id": "ATHER-BGW-0214", "name": "Primorsko (8290)", "town": "Primorsko (8290), Burgas, Bulgaria, Europe", "country": "Europe", "temperature": 24.0, "pressure": 1015.8, "humidity": null, "windSpeed": 5.0, "windDirection": "NNE", "condition": "Clear", "timestamp": "23:31:15 EEST", "status": "NORMAL", "hasAnomaly": 0, "severity": "NONE"}}, {"type": "Feature", "geometry": {"type": "Point", "coordinates": [27.7462314, 42.2679611]}, "properties": {"id": "ATHER-BGW-0215", "name": "Primorsko(8290)", "town": "Primorsko(8290), Burgas, Bulgaria, Europe", "country": "Europe", "temperature": 0.0, "pressure": 1021.7, "humidity": 0, "windSpeed": 0.0, "windDirection": "ENE", "condition": "Clear", "timestamp": "23:39:40 EEST", "status": "NORMAL", "hasAnomaly": 0, "severity": "NONE"}}, {"type": "Feature", "geometry": {"type": "Point", "coordinates": [28.1433843, 43.418869]}, "properties": {"id": "ATHER-BGW-0216", "name": "Balchik (9600)", "town": "Balchik (9600), Dobrich, Bulgaria, Europe", "country": "Europe", "temperature": 18.0, "pressure": 1011.4, "humidity": null, "windSpeed": 2.0, "windDirection": "WNW", "condition": "Clear", "timestamp": "23:31:15 EEST", "status": "NORMAL", "hasAnomaly": 0, "severity": "NONE"}}, {"type": "Feature", "geometry": {"type": "Point", "coordinates": [28.4668793, 43.379972]}, "properties": {"id": "ATHER-BGW-0217", "name": "Kaliakra (9699)", "town": "Kaliakra (9699), Dobrich, Bulgaria, Europe", "country": "Europe", "temperature": 21.0, "pressure": 994.2, "humidity": null, "windSpeed": 3.0, "windDirection": "NNE", "condition": "Clear", "timestamp": "23:31:15 EEST", "status": "NORMAL", "hasAnomaly": 0, "severity": "NONE"}}, {"type": "Feature", "geometry": {"type": "Point", "coordinates": [25.31527777, 42.87111111]}, "properties": {"id": "ATHER-BGW-0218", "name": "Gabrovo (5300)", "town": "Gabrovo (5300), Gabrovo, Bulgaria, Europe", "country": "Europe", "temperature": 17.0, "pressure": 1015.9, "humidity": 81, "windSpeed": 5.0, "windDirection": "N", "condition": "Clear", "timestamp": "23:39:27 EEST", "status": "NORMAL", "hasAnomaly": 0, "severity": "NONE"}}, {"type": "Feature", "geometry": {"type": "Point", "coordinates": [25.387756, 42.867666]}, "properties": {"id": "ATHER-BGW-0219", "name": "Yasenite(5335)", "town": "Yasenite(5335), Gabrovo, Bulgaria, Europe", "country": "Europe", "temperature": 16.0, "pressure": 1011.9, "humidity": 89, "windSpeed": 0.0, "windDirection": "NNW", "condition": "Clear", "timestamp": "23:26:14 EEST", "status": "NORMAL", "hasAnomaly": 0, "severity": "NONE"}}, {"type": "Feature", "geometry": {"type": "Point", "coordinates": [25.561839, 41.920031]}, "properties": {"id": "ATHER-BGW-0220", "name": "Haskovo(6300)", "town": "Haskovo(6300), Haskovo, Bulgaria, Europe", "country": "Europe", "temperature": 21.0, "pressure": 991.0, "humidity": 60, "windSpeed": 2.0, "windDirection": "ENE", "condition": "Clear", "timestamp": "23:39:19 EEST", "status": "NORMAL", "hasAnomaly": 0, "severity": "NONE"}}, {"type": "Feature", "geometry": {"type": "Point", "coordinates": [26.201377, 41.764225]}, "properties": {"id": "ATHER-BGW-0221", "name": "Svilengrad(6500)", "town": "Svilengrad(6500), Haskovo, Bulgaria, Europe", "country": "Europe", "temperature": 23.0, "pressure": 1011.7, "humidity": 68, "windSpeed": null, "windDirection": "CALM", "condition": "Clear", "timestamp": "23:35:29 EEST", "status": "NORMAL", "hasAnomaly": 0, "severity": "NONE"}}, {"type": "Feature", "geometry": {"type": "Point", "coordinates": [23.3225, 42.220555555556]}, "properties": {"id": "ATHER-BGW-0222", "name": "Rilskiezera(2645)", "town": "Rilskiezera(2645), Kustendil, Bulgaria, Europe", "country": "Europe", "temperature": 9.0, "pressure": 1015.9, "humidity": 57, "windSpeed": 5.0, "windDirection": "ESE", "condition": "Clear", "timestamp": "23:39:56 EEST", "status": "NORMAL", "hasAnomaly": 0, "severity": "NONE"}}, {"type": "Feature", "geometry": {"type": "Point", "coordinates": [22.71731142387695, 42.349718858777415]}, "properties": {"id": "ATHER-BGW-0223", "name": "Shishkovtsi(2553)", "town": "Shishkovtsi(2553), Kustendil, Bulgaria, Europe", "country": "Europe", "temperature": null, "pressure": null, "humidity": null, "windSpeed": null, "windDirection": null, "condition": "Offline", "timestamp": "Offline", "status": "OFFLINE", "hasAnomaly": 0, "severity": "NONE"}}, {"type": "Feature", "geometry": {"type": "Point", "coordinates": [24.626369, 42.791228]}, "properties": {"id": "ATHER-BGW-0224", "name": "Beklemeto (5364)", "town": "Beklemeto (5364), Lovech, Bulgaria, Europe", "country": "Europe", "temperature": null, "pressure": null, "humidity": null, "windSpeed": null, "windDirection": null, "condition": "Offline", "timestamp": "Offline", "status": "OFFLINE", "hasAnomaly": 0, "severity": "NONE"}}, {"type": "Feature", "geometry": {"type": "Point", "coordinates": [24.89575867042846, 42.749635186944325]}, "properties": {"id": "ATHER-BGW-0225", "name": "Pleven hut(5635)", "town": "Pleven hut(5635), Lovech, Bulgaria, Europe", "country": "Europe", "temperature": 15.0, "pressure": 867.7, "humidity": 66, "windSpeed": 7.0, "windDirection": "W", "condition": "Clear", "timestamp": "23:40:24 EEST", "status": "ANOMALY", "hasAnomaly": 1, "severity": "HIGH"}}, {"type": "Feature", "geometry": {"type": "Point", "coordinates": [24.712018847449144, 42.89043982655264]}, "properties": {"id": "ATHER-BGW-0226", "name": "Troyan (5600)", "town": "Troyan (5600), Lovech, Bulgaria, Europe", "country": "Europe", "temperature": 17.0, "pressure": 1017.9, "humidity": 79, "windSpeed": 3.0, "windDirection": "WSW", "condition": "Clear", "timestamp": "23:40:27 EEST", "status": "NORMAL", "hasAnomaly": 0, "severity": "NONE"}}, {"type": "Feature", "geometry": {"type": "Point", "coordinates": [23.085675281146237, 43.39609020476068]}, "properties": {"id": "ATHER-BGW-0227", "name": "Gavril Genovo(3469)", "town": "Gavril Genovo(3469), Montana, Bulgaria, Europe", "country": "Europe", "temperature": 29.0, "pressure": 1018.6, "humidity": 44, "windSpeed": 0.0, "windDirection": "N", "condition": "Clear", "timestamp": "23:35:29 EEST", "status": "NORMAL", "hasAnomaly": 0, "severity": "NONE"}}, {"type": "Feature", "geometry": {"type": "Point", "coordinates": [22.909133434295654, 42.73984992518802]}, "properties": {"id": "ATHER-BGW-0228", "name": "Breznik(2360)", "town": "Breznik(2360), Pernik, Bulgaria, Europe", "country": "Europe", "temperature": 27.0, "pressure": 945.9, "humidity": 50, "windSpeed": 4.0, "windDirection": "ENE", "condition": "Clear", "timestamp": "23:39:42 EEST", "status": "ANOMALY", "hasAnomaly": 1, "severity": "HIGH"}}, {"type": "Feature", "geometry": {"type": "Point", "coordinates": [24.0895, 43.2812]}, "properties": {"id": "ATHER-BGW-0229", "name": "Cherven Bryag(5980)", "town": "Cherven Bryag(5980), Pleven, Bulgaria, Europe", "country": "Europe", "temperature": 20.0, "pressure": 1020.5, "humidity": 70, "windSpeed": 3.0, "windDirection": "ESE", "condition": "Clear", "timestamp": "23:36:11 EEST", "status": "NORMAL", "hasAnomaly": 0, "severity": "NONE"}}, {"type": "Feature", "geometry": {"type": "Point", "coordinates": [24.462182, 42.042381]}, "properties": {"id": "ATHER-BGW-0230", "name": "Krichim(4220)", "town": "Krichim(4220), Plovdiv, Bulgaria, Europe", "country": "Europe", "temperature": 22.0, "pressure": 989.9, "humidity": 47, "windSpeed": null, "windDirection": "CALM", "condition": "Clear", "timestamp": "23:35:28 EEST", "status": "NORMAL", "hasAnomaly": 0, "severity": "NONE"}}, {"type": "Feature", "geometry": {"type": "Point", "coordinates": [24.744869470596313, 42.152101809318765]}, "properties": {"id": "ATHER-BGW-0231", "name": "Plovdiv(4000)", "town": "Plovdiv(4000), Plovdiv, Bulgaria, Europe", "country": "Europe", "temperature": 23.0, "pressure": 0.0, "humidity": 57, "windSpeed": 0.0, "windDirection": "S", "condition": "Clear", "timestamp": "23:39:26 EEST", "status": "ANOMALY", "hasAnomaly": 1, "severity": "HIGH"}}, {"type": "Feature", "geometry": {"type": "Point", "coordinates": [24.768375199893182, 42.161279473318565]}, "properties": {"id": "ATHER-BGW-0232", "name": "Plovdiv2(4004)", "town": "Plovdiv2(4004), Plovdiv, Bulgaria, Europe", "country": "Europe", "temperature": 23.0, "pressure": 1000.4, "humidity": 52, "windSpeed": 3.0, "windDirection": "NW", "condition": "Clear", "timestamp": "23:40:30 EEST", "status": "NORMAL", "hasAnomaly": 0, "severity": "NONE"}}, {"type": "Feature", "geometry": {"type": "Point", "coordinates": [24.53075409, 42.12878418]}, "properties": {"id": "ATHER-BGW-0233", "name": "Stambolijski (4210)", "town": "Stambolijski (4210), Plovdiv, Bulgaria, Europe", "country": "Europe", "temperature": null, "pressure": null, "humidity": null, "windSpeed": null, "windDirection": null, "condition": "Offline", "timestamp": "Offline", "status": "OFFLINE", "hasAnomaly": 0, "severity": "NONE"}}, {"type": "Feature", "geometry": {"type": "Point", "coordinates": [24.53075409, 42.12878418]}, "properties": {"id": "ATHER-BGW-0234", "name": "Stamboliyski 2(4210)", "town": "Stamboliyski 2(4210), Plovdiv, Bulgaria, Europe", "country": "Europe", "temperature": 21.0, "pressure": 20.5, "humidity": 81, "windSpeed": null, "windDirection": "CALM", "condition": "Clear", "timestamp": "23:31:03 EEST", "status": "ANOMALY", "hasAnomaly": 1, "severity": "HIGH"}}, {"type": "Feature", "geometry": {"type": "Point", "coordinates": [25.7474349, 43.5331837]}, "properties": {"id": "ATHER-BGW-0235", "name": "Brestovitsa (7177)", "town": "Brestovitsa (7177), Ruse, Bulgaria, Europe", "country": "Europe", "temperature": 20.0, "pressure": null, "humidity": 76, "windSpeed": null, "windDirection": "CALM", "condition": "Clear", "timestamp": "23:31:03 EEST", "status": "NORMAL", "hasAnomaly": 0, "severity": "NONE"}}, {"type": "Feature", "geometry": {"type": "Point", "coordinates": [26.037929099658196, 43.80816852409328]}, "properties": {"id": "ATHER-BGW-0236", "name": "Ruse(7007)", "town": "Ruse(7007), Ruse, Bulgaria, Europe", "country": "Europe", "temperature": 20.0, "pressure": 1013.9, "humidity": 66, "windSpeed": 0.0, "windDirection": "SE", "condition": "Clear", "timestamp": "23:40:33 EEST", "status": "NORMAL", "hasAnomaly": 0, "severity": "NONE"}}, {"type": "Feature", "geometry": {"type": "Point", "coordinates": [26.459219455718994, 42.83357910610006]}, "properties": {"id": "ATHER-BGW-0237", "name": "Jeravna(8988)", "town": "Jeravna(8988), Sliven, Bulgaria, Europe", "country": "Europe", "temperature": 18.0, "pressure": 1079.4, "humidity": 72, "windSpeed": 0.0, "windDirection": "NNW", "condition": "Clear", "timestamp": "23:40:16 EEST", "status": "ANOMALY", "hasAnomaly": 1, "severity": "WARNING"}}, {"type": "Feature", "geometry": {"type": "Point", "coordinates": [25.093095302581787, 41.380431275261735]}, "properties": {"id": "ATHER-BGW-0238", "name": "Zlatograd(4980)", "town": "Zlatograd(4980), Smolyan, Bulgaria, Europe", "country": "Europe", "temperature": 17.0, "pressure": 1021.9, "humidity": 80, "windSpeed": 0.0, "windDirection": "CALM", "condition": "Clear", "timestamp": "23:40:38 EEST", "status": "NORMAL", "hasAnomaly": 0, "severity": "NONE"}}, {"type": "Feature", "geometry": {"type": "Point", "coordinates": [23.29209923, 42.58256884]}, "properties": {"id": "ATHER-BGW-0239", "name": "Aleko Hut (1743)", "town": "Aleko Hut (1743), Sofia, Bulgaria, Europe", "country": "Europe", "temperature": 10.0, "pressure": 24.2, "humidity": 86, "windSpeed": 0.0, "windDirection": "SE", "condition": "Clear", "timestamp": "23:40:36 EEST", "status": "ANOMALY", "hasAnomaly": 1, "severity": "HIGH"}}, {"type": "Feature", "geometry": {"type": "Point", "coordinates": [23.79186872825927, 42.90604558352068]}, "properties": {"id": "ATHER-BGW-0240", "name": "Botevgrad(2140)", "town": "Botevgrad(2140), Sofia, Bulgaria, Europe", "country": "Europe", "temperature": 21.0, "pressure": 1017.0, "humidity": 62, "windSpeed": 0.0, "windDirection": "SSW", "condition": "Clear", "timestamp": "23:40:08 EEST", "status": "NORMAL", "hasAnomaly": 0, "severity": "NONE"}}, {"type": "Feature", "geometry": {"type": "Point", "coordinates": [23.4769115, 42.4882869]}, "properties": {"id": "ATHER-BGW-0241", "name": "Dolni Okol(2028)", "town": "Dolni Okol(2028), Sofia, Bulgaria, Europe", "country": "Europe", "temperature": null, "pressure": null, "humidity": null, "windSpeed": null, "windDirection": null, "condition": "Offline", "timestamp": "Offline", "status": "OFFLINE", "hasAnomaly": 0, "severity": "NONE"}}, {"type": "Feature", "geometry": {"type": "Point", "coordinates": [23.816944, 42.432777]}, "properties": {"id": "ATHER-BGW-0242", "name": "Ihtiman (2050)", "town": "Ihtiman (2050), Sofia, Bulgaria, Europe", "country": "Europe", "temperature": 16.0, "pressure": 1019.0, "humidity": 76, "windSpeed": 0.0, "windDirection": "ESE", "condition": "Clear", "timestamp": "23:35:28 EEST", "status": "ANOMALY", "hasAnomaly": 1, "severity": "HIGH"}}, {"type": "Feature", "geometry": {"type": "Point", "coordinates": [23.349, 42.686]}, "properties": {"id": "ATHER-BGW-0243", "name": "Sofia(1000)", "town": "Sofia(1000), Sofia, Bulgaria, Europe", "country": "Europe", "temperature": 21.0, "pressure": 1019.1, "humidity": 56, "windSpeed": 0.0, "windDirection": "SE", "condition": "Clear", "timestamp": "23:40:55 EEST", "status": "NORMAL", "hasAnomaly": 0, "severity": "NONE"}}, {"type": "Feature", "geometry": {"type": "Point", "coordinates": [25.63381676063842, 42.42048594513504]}, "properties": {"id": "ATHER-BGW-0244", "name": "St. Zagora II(6000)", "town": "St. Zagora II(6000), St. Zagora, Bulgaria, Europe", "country": "Europe", "temperature": 23.0, "pressure": 993.1, "humidity": 57, "windSpeed": 4.0, "windDirection": "NE", "condition": "Clear", "timestamp": "23:40:40 EEST", "status": "NORMAL", "hasAnomaly": 0, "severity": "NONE"}}, {"type": "Feature", "geometry": {"type": "Point", "coordinates": [26.227969, 43.358189]}, "properties": {"id": "ATHER-BGW-0245", "name": "Popovo(7800)", "town": "Popovo(7800), Targovishte, Bulgaria, Europe", "country": "Europe", "temperature": 21.0, "pressure": 990.8, "humidity": 77, "windSpeed": null, "windDirection": "CALM", "condition": "Clear", "timestamp": "23:35:28 EEST", "status": "NORMAL", "hasAnomaly": 0, "severity": "NONE"}}, {"type": "Feature", "geometry": {"type": "Point", "coordinates": [25.217962, 43.460395]}, "properties": {"id": "ATHER-BGW-0246", "name": "Morava(5291)", "town": "Morava(5291), V.Tranovo, Bulgaria, Europe", "country": "Europe", "temperature": null, "pressure": null, "humidity": null, "windSpeed": null, "windDirection": null, "condition": "Offline", "timestamp": "Offline", "status": "OFFLINE", "hasAnomaly": 0, "severity": "NONE"}}, {"type": "Feature", "geometry": {"type": "Point", "coordinates": [27.6736593, 43.185326]}, "properties": {"id": "ATHER-BGW-0247", "name": "Beloslav(9150)", "town": "Beloslav(9150), Varna, Bulgaria, Europe", "country": "Europe", "temperature": 21.0, "pressure": 1015.1, "humidity": null, "windSpeed": 1.0, "windDirection": "ENE", "condition": "Clear", "timestamp": "23:31:15 EEST", "status": "NORMAL", "hasAnomaly": 0, "severity": "NONE"}}, {"type": "Feature", "geometry": {"type": "Point", "coordinates": [27.7560673, 43.191639]}, "properties": {"id": "ATHER-BGW-0248", "name": "Ezerovo(9168)", "town": "Ezerovo(9168), Varna, Bulgaria, Europe", "country": "Europe", "temperature": 21.0, "pressure": 1014.8, "humidity": null, "windSpeed": 3.0, "windDirection": "WNW", "condition": "Clear", "timestamp": "23:31:15 EEST", "status": "NORMAL", "hasAnomaly": 0, "severity": "NONE"}}, {"type": "Feature", "geometry": {"type": "Point", "coordinates": [27.513343, 42.799337]}, "properties": {"id": "ATHER-BGW-0249", "name": "Gorica (9101)", "town": "Gorica (9101), Varna, Bulgaria, Europe", "country": "Europe", "temperature": 20.0, "pressure": 1014.9, "humidity": null, "windSpeed": 1.0, "windDirection": "SE", "condition": "Clear", "timestamp": "23:31:15 EEST", "status": "NORMAL", "hasAnomaly": 0, "severity": "NONE"}}, {"type": "Feature", "geometry": {"type": "Point", "coordinates": [27.9055413, 43.182119]}, "properties": {"id": "ATHER-BGW-0250", "name": "Varna(9000)", "town": "Varna(9000), Varna, Bulgaria, Europe", "country": "Europe", "temperature": 20.0, "pressure": 1014.6, "humidity": null, "windSpeed": 4.0, "windDirection": "WNW", "condition": "Clear", "timestamp": "23:31:15 EEST", "status": "NORMAL", "hasAnomaly": 0, "severity": "NONE"}}, {"type": "Feature", "geometry": {"type": "Point", "coordinates": [23.67382049560547, 42.9444861056509]}, "properties": {"id": "ATHER-BGW-0251", "name": "Litakovo(2164)", "town": "Litakovo(2164), Vratsa, Bulgaria, Europe", "country": "Europe", "temperature": 15.0, "pressure": 1017.0, "humidity": 82, "windSpeed": 0.0, "windDirection": "E", "condition": "Clear", "timestamp": "23:40:05 EEST", "status": "NORMAL", "hasAnomaly": 0, "severity": "NONE"}}, {"type": "Feature", "geometry": {"type": "Point", "coordinates": [26.654377, 42.079647]}, "properties": {"id": "ATHER-BGW-0252", "name": "Razdel (8747)", "town": "Razdel (8747), Yambol, Bulgaria, Europe", "country": "Europe", "temperature": 17.0, "pressure": 987.5, "humidity": 80, "windSpeed": 0.0, "windDirection": "W", "condition": "Clear", "timestamp": "23:40:26 EEST", "status": "NORMAL", "hasAnomaly": 0, "severity": "NONE"}}, {"type": "Feature", "geometry": {"type": "Point", "coordinates": [25.0931, 41.3804]}, "properties": {"id": "ATHER-ZEU-0253", "name": "Zlatograd(4980)", "town": "Zlatograd(4980), Bulgaria, Europe", "country": "Europe", "temperature": 17.0, "pressure": 1021.9, "humidity": 80, "windSpeed": 0.0, "windDirection": "0", "condition": "Clear", "timestamp": "22:40:04 CEST", "status": "NORMAL", "hasAnomaly": 0, "severity": "NONE"}}, {"type": "Feature", "geometry": {"type": "Point", "coordinates": [16.624, 49.254]}, "properties": {"id": "ATHER-ZEU-0254", "name": "Brno - Sobesice", "town": "Brno - Sobesice, Czech Republic, Europe", "country": "Europe", "temperature": 21.0, "pressure": 1015.9, "humidity": 62, "windSpeed": 2.5, "windDirection": "NE", "condition": "Partly Cloudy", "timestamp": "22:39:28 CEST", "status": "NORMAL", "hasAnomaly": 0, "severity": "NONE"}}, {"type": "Feature", "geometry": {"type": "Point", "coordinates": [16.45, 49.9]}, "properties": {"id": "ATHER-ZEU-0255", "name": "Ceska Trebova", "town": "Ceska Trebova, Czech Republic, Europe", "country": "Europe", "temperature": null, "pressure": null, "humidity": null, "windSpeed": null, "windDirection": null, "condition": "Offline", "timestamp": "Offline", "status": "OFFLINE", "hasAnomaly": 0, "severity": "NONE"}}, {"type": "Feature", "geometry": {"type": "Point", "coordinates": [15.900563, 50.5583384]}, "properties": {"id": "ATHER-CZW-0256", "name": "Trutnov", "town": "Trutnov, Hradec Kralove, Czech Republic, Europe", "country": "Europe", "temperature": 16.0, "pressure": 1012.7, "humidity": 60, "windSpeed": 0.0, "windDirection": "NNE", "condition": "Overcast", "timestamp": "22:42:03 CEST", "status": "NORMAL", "hasAnomaly": 0, "severity": "NONE"}}, {"type": "Feature", "geometry": {"type": "Point", "coordinates": [16.0387583, 50.5248153]}, "properties": {"id": "ATHER-CZW-0257", "name": "Velke Svatonovice", "town": "Velke Svatonovice, Hradec Kralove, Czech Republic, Europe", "country": "Europe", "temperature": null, "pressure": null, "humidity": null, "windSpeed": null, "windDirection": null, "condition": "Offline", "timestamp": "Offline", "status": "OFFLINE", "hasAnomaly": 0, "severity": "NONE"}}, {"type": "Feature", "geometry": {"type": "Point", "coordinates": [15.438, 50.5939]}, "properties": {"id": "ATHER-CZW-0258", "name": "Frydlant", "town": "Frydlant, Liberec, Czech Republic, Europe", "country": "Europe", "temperature": null, "pressure": null, "humidity": null, "windSpeed": null, "windDirection": null, "condition": "Offline", "timestamp": "Offline", "status": "OFFLINE", "hasAnomaly": 0, "severity": "NONE"}}, {"type": "Feature", "geometry": {"type": "Point", "coordinates": [15.1835621, 50.727944]}, "properties": {"id": "ATHER-CZW-0259", "name": "Jablonec nad Nisou", "town": "Jablonec nad Nisou, Liberec, Czech Republic, Europe", "country": "Europe", "temperature": null, "pressure": null, "humidity": null, "windSpeed": null, "windDirection": null, "condition": "Offline", "timestamp": "Offline", "status": "OFFLINE", "hasAnomaly": 0, "severity": "NONE"}}, {"type": "Feature", "geometry": {"type": "Point", "coordinates": [14.4795, 50.2923]}, "properties": {"id": "ATHER-ZEU-0260", "name": "Obristvi", "town": "Obristvi, Czech Republic, Europe", "country": "Europe", "temperature": null, "pressure": null, "humidity": null, "windSpeed": null, "windDirection": null, "condition": "Offline", "timestamp": "Offline", "status": "OFFLINE", "hasAnomaly": 0, "severity": "NONE"}}, {"type": "Feature", "geometry": {"type": "Point", "coordinates": [16.59568214, 49.20196915]}, "properties": {"id": "ATHER-CZW-0261", "name": "Brno", "town": "Brno, South Moravian, Czech Republic, Europe", "country": "Europe", "temperature": 22.0, "pressure": 1014.9, "humidity": 51, "windSpeed": 5.0, "windDirection": "ESE", "condition": "Clear", "timestamp": "22:25:00 CEST", "status": "NORMAL", "hasAnomaly": 0, "severity": "NONE"}}, {"type": "Feature", "geometry": {"type": "Point", "coordinates": [16.622, 49.254]}, "properties": {"id": "ATHER-CZW-0262", "name": "Brno-Sobesice", "town": "Brno-Sobesice, South Moravian, Czech Republic, Europe", "country": "Europe", "temperature": 21.0, "pressure": 1015.9, "humidity": 62, "windSpeed": 3.0, "windDirection": "SE", "condition": "Clear", "timestamp": "22:41:32 CEST", "status": "NORMAL", "hasAnomaly": 0, "severity": "NONE"}}, {"type": "Feature", "geometry": {"type": "Point", "coordinates": [16.091, 49.6062]}, "properties": {"id": "ATHER-ZEU-0263", "name": "Studnice", "town": "Studnice, Czech Republic, Europe", "country": "Europe", "temperature": 18.0, "pressure": 1012.7, "humidity": 52, "windSpeed": 3.6, "windDirection": "E", "condition": "Partly Cloudy", "timestamp": "22:39:30 CEST", "status": "NORMAL", "hasAnomaly": 0, "severity": "NONE"}}, {"type": "Feature", "geometry": {"type": "Point", "coordinates": [16.091046, 49.606164]}, "properties": {"id": "ATHER-CZW-0264", "name": "Studnice", "town": "Studnice, Nov\u00e9 M\u00ecsto na Morav\u00ec, Vysocina, Czech Republic, Europe", "country": "Europe", "temperature": 18.0, "pressure": 1012.8, "humidity": 52, "windSpeed": 4.0, "windDirection": "S", "condition": "Clear", "timestamp": "22:41:30 CEST", "status": "NORMAL", "hasAnomaly": 0, "severity": "NONE"}}, {"type": "Feature", "geometry": {"type": "Point", "coordinates": [16.348, 49.153]}, "properties": {"id": "ATHER-ZEU-0265", "name": "Zbysov", "town": "Zbysov, Czech Republic, Europe", "country": "Europe", "temperature": null, "pressure": null, "humidity": null, "windSpeed": null, "windDirection": null, "condition": "Offline", "timestamp": "Offline", "status": "OFFLINE", "hasAnomaly": 0, "severity": "NONE"}}, {"type": "Feature", "geometry": {"type": "Point", "coordinates": [17.49959, 49.17281]}, "properties": {"id": "ATHER-CZW-0266", "name": "Napajedla", "town": "Napajedla, Zlin, Czech Republic, Europe", "country": "Europe", "temperature": null, "pressure": null, "humidity": null, "windSpeed": null, "windDirection": null, "condition": "Offline", "timestamp": "Offline", "status": "OFFLINE", "hasAnomaly": 0, "severity": "NONE"}}, {"type": "Feature", "geometry": {"type": "Point", "coordinates": [11.5536, 55.2758]}, "properties": {"id": "ATHER-ZEU-0267", "name": "Arl\u00c3\u0083\u00c6\u0092\u00c3\u0086\u00e2\u0080\u0099\u00c3\u0083\u00e2\u0080\u00a0\u00c3\u00a2\u00e2\u0082\u00ac\u00e2\u0084\u00a2\u00c3\u0083\u00c6\u0092\u00c3\u00a2\u00e2\u0082\u00ac\u00c2\u00a0\u00c3\u0083\u00c2\u00a2\u00c3\u00a2\u00e2\u0080\u009a\u00c2\u00ac\u00c3\u00a2\u00e2\u0080\u009e\u00c2\u00a2\u00c3\u0083\u00c6\u0092\u00c3\u0086", "town": "Arl\u00c3\u0083\u00c6\u0092\u00c3\u0086\u00e2\u0080\u0099\u00c3\u0083\u00e2\u0080\u00a0\u00c3\u00a2\u00e2\u0082\u00ac\u00e2\u0084\u00a2\u00c3\u0083\u00c6\u0092\u00c3\u00a2\u00e2\u0082\u00ac\u00c2\u00a0\u00c3\u0083\u00c2\u00a2\u00c3\u00a2\u00e2\u0080\u009a\u00c2\u00ac\u00c3\u00a2\u00e2\u0080\u009e\u00c2\u00a2\u00c3\u0083\u00c6\u0092\u00c3\u0086, Denmark, Europe", "country": "Europe", "temperature": 15.0, "pressure": 1010.3, "humidity": 95, "windSpeed": 4.0, "windDirection": "SE", "condition": "Rain", "timestamp": "22:40:01 CEST", "status": "NORMAL", "hasAnomaly": 0, "severity": "NONE"}}, {"type": "Feature", "geometry": {"type": "Point", "coordinates": [10.4093, 57.1463]}, "properties": {"id": "ATHER-ZEU-0268", "name": "Asaa", "town": "Asaa, Denmark, Europe", "country": "Europe", "temperature": 13.0, "pressure": 1007.7, "humidity": 100, "windSpeed": 0.0, "windDirection": "SSW", "condition": "Clear", "timestamp": "22:40:00 CEST", "status": "NORMAL", "hasAnomaly": 0, "severity": "NONE"}}, {"type": "Feature", "geometry": {"type": "Point", "coordinates": [14.85, 55.0964]}, "properties": {"id": "ATHER-ZEU-0269", "name": "Bornholm", "town": "Bornholm, Denmark, Europe", "country": "Europe", "temperature": 14.0, "pressure": 1007.8, "humidity": 86, "windSpeed": 0.0, "windDirection": "0", "condition": "nt_mostlycloudy", "timestamp": "22:30:23 CEST", "status": "NORMAL", "hasAnomaly": 0, "severity": "NONE"}}, {"type": "Feature", "geometry": {"type": "Point", "coordinates": [12.3766, 56.0534]}, "properties": {"id": "ATHER-ZEU-0270", "name": "Esrum", "town": "Esrum, Denmark, Europe", "country": "Europe", "temperature": 14.0, "pressure": 1009.5, "humidity": 90, "windSpeed": 0.0, "windDirection": "SE", "condition": "Partly Cloudy", "timestamp": "22:39:59 CEST", "status": "NORMAL", "hasAnomaly": 0, "severity": "NONE"}}, {"type": "Feature", "geometry": {"type": "Point", "coordinates": [11.811, 55.273]}, "properties": {"id": "ATHER-ZEU-0271", "name": "Fensmark", "town": "Fensmark, Denmark, Europe", "country": "Europe", "temperature": 14.0, "pressure": 1005.2, "humidity": 95, "windSpeed": 2.9, "windDirection": "SW", "condition": "Rain", "timestamp": "22:39:59 CEST", "status": "NORMAL", "hasAnomaly": 0, "severity": "NONE"}}, {"type": "Feature", "geometry": {"type": "Point", "coordinates": [11.78, 54.6986]}, "properties": {"id": "ATHER-ZEU-0272", "name": "Frejlev", "town": "Frejlev, Denmark, Europe", "country": "Europe", "temperature": 17.0, "pressure": 1013.5, "humidity": 88, "windSpeed": 0.0, "windDirection": "NE", "condition": "Rain", "timestamp": "22:39:54 CEST", "status": "NORMAL", "hasAnomaly": 0, "severity": "NONE"}}, {"type": "Feature", "geometry": {"type": "Point", "coordinates": [12.4079, 55.7359]}, "properties": {"id": "ATHER-ZEU-0273", "name": "Herlev", "town": "Herlev, Denmark, Europe", "country": "Europe", "temperature": null, "pressure": null, "humidity": null, "windSpeed": null, "windDirection": null, "condition": "Offline", "timestamp": "Offline", "status": "OFFLINE", "hasAnomaly": 0, "severity": "NONE"}}, {"type": "Feature", "geometry": {"type": "Point", "coordinates": [9.42306, 56.8439]}, "properties": {"id": "ATHER-ZEU-0274", "name": "Hornum", "town": "Hornum, Denmark, Europe", "country": "Europe", "temperature": null, "pressure": null, "humidity": null, "windSpeed": null, "windDirection": null, "condition": "Offline", "timestamp": "Offline", "status": "OFFLINE", "hasAnomaly": 0, "severity": "NONE"}}, {"type": "Feature", "geometry": {"type": "Point", "coordinates": [8.691, 54.969]}, "properties": {"id": "ATHER-ZEU-0275", "name": "H\u00c3\u00b8jer", "town": "H\u00c3\u00b8jer, Denmark, Europe", "country": "Europe", "temperature": 18.0, "pressure": 1009.3, "humidity": 84, "windSpeed": 1.4, "windDirection": "0", "condition": "Partly Cloudy", "timestamp": "22:31:57 CEST", "status": "NORMAL", "hasAnomaly": 0, "severity": "NONE"}}, {"type": "Feature", "geometry": {"type": "Point", "coordinates": [10.0224, 56.0825]}, "properties": {"id": "ATHER-ZEU-0276", "name": "H\u00c3\u00b8rning", "town": "H\u00c3\u00b8rning, Denmark, Europe", "country": "Europe", "temperature": 14.0, "pressure": 1009.6, "humidity": 96, "windSpeed": 5.0, "windDirection": "ENE", "condition": "Rain", "timestamp": "22:40:00 CEST", "status": "NORMAL", "hasAnomaly": 0, "severity": "NONE"}}, {"type": "Feature", "geometry": {"type": "Point", "coordinates": [11.8132, 55.6493]}, "properties": {"id": "ATHER-ZEU-0277", "name": "Kr.Sonnerup", "town": "Kr.Sonnerup, Denmark, Europe", "country": "Europe", "temperature": 13.0, "pressure": 1009.9, "humidity": 97, "windSpeed": 0.4, "windDirection": "NE", "condition": "Rain", "timestamp": "22:39:54 CEST", "status": "NORMAL", "hasAnomaly": 0, "severity": "NONE"}}, {"type": "Feature", "geometry": {"type": "Point", "coordinates": [12.4905, 55.9917]}, "properties": {"id": "ATHER-ZEU-0278", "name": "Kvistg\u00c3\u00a5rd", "town": "Kvistg\u00c3\u00a5rd, Denmark, Europe", "country": "Europe", "temperature": 13.0, "pressure": 1012.3, "humidity": 93, "windSpeed": 0.0, "windDirection": "WSW", "condition": "Rain", "timestamp": "22:40:02 CEST", "status": "NORMAL", "hasAnomaly": 0, "severity": "NONE"}}, {"type": "Feature", "geometry": {"type": "Point", "coordinates": [12.0873, 56.0164]}, "properties": {"id": "ATHER-ZEU-0279", "name": "Lake Arresoe", "town": "Lake Arresoe, Denmark, Europe", "country": "Europe", "temperature": 13.0, "pressure": 1012.4, "humidity": 95, "windSpeed": 3.6, "windDirection": "S", "condition": "Rain", "timestamp": "22:40:03 CEST", "status": "NORMAL", "hasAnomaly": 0, "severity": "NONE"}}, {"type": "Feature", "geometry": {"type": "Point", "coordinates": [12.43, 56.0353]}, "properties": {"id": "ATHER-ZEU-0280", "name": "Langes\u00c3\u00b8", "town": "Langes\u00c3\u00b8, Denmark, Europe", "country": "Europe", "temperature": 13.0, "pressure": 1010.9, "humidity": 90, "windSpeed": 1.8, "windDirection": "E", "condition": "Rain", "timestamp": "22:40:04 CEST", "status": "NORMAL", "hasAnomaly": 0, "severity": "NONE"}}, {"type": "Feature", "geometry": {"type": "Point", "coordinates": [8.271, 56.544]}, "properties": {"id": "ATHER-ZEU-0281", "name": "Lemvig", "town": "Lemvig, Denmark, Europe", "country": "Europe", "temperature": 13.0, "pressure": 1007.6, "humidity": 92, "windSpeed": 9.7, "windDirection": "0", "condition": "Partly Cloudy", "timestamp": "22:38:20 CEST", "status": "NORMAL", "hasAnomaly": 0, "severity": "NONE"}}, {"type": "Feature", "geometry": {"type": "Point", "coordinates": [11.4983, 54.7803]}, "properties": {"id": "ATHER-ZEU-0282", "name": "Maribo", "town": "Maribo, Denmark, Europe", "country": "Europe", "temperature": 15.0, "pressure": 1011.8, "humidity": 95, "windSpeed": 0.4, "windDirection": "E", "condition": "Rain", "timestamp": "22:39:46 CEST", "status": "NORMAL", "hasAnomaly": 0, "severity": "NONE"}}, {"type": "Feature", "geometry": {"type": "Point", "coordinates": [8.72565, 55.2756]}, "properties": {"id": "ATHER-ZEU-0283", "name": "Ribe", "town": "Ribe, Denmark, Europe", "country": "Europe", "temperature": 16.0, "pressure": 1009.0, "humidity": 96, "windSpeed": 0.0, "windDirection": "SSW", "condition": "Rain", "timestamp": "22:39:37 CEST", "status": "NORMAL", "hasAnomaly": 0, "severity": "NONE"}}, {"type": "Feature", "geometry": {"type": "Point", "coordinates": [9.5072, 56.1827]}, "properties": {"id": "ATHER-ZEU-0284", "name": "Silkeborg", "town": "Silkeborg, Denmark, Europe", "country": "Europe", "temperature": 13.0, "pressure": 1007.0, "humidity": 92, "windSpeed": 3.2, "windDirection": "ENE", "condition": "Rain", "timestamp": "22:40:04 CEST", "status": "NORMAL", "hasAnomaly": 0, "severity": "NONE"}}, {"type": "Feature", "geometry": {"type": "Point", "coordinates": [9.55708, 56.6958]}, "properties": {"id": "ATHER-ZEU-0285", "name": "Simested", "town": "Simested, Denmark, Europe", "country": "Europe", "temperature": 13.0, "pressure": 1011.1, "humidity": 76, "windSpeed": 0.0, "windDirection": "E", "condition": "Clear", "timestamp": "22:39:47 CEST", "status": "NORMAL", "hasAnomaly": 0, "severity": "NONE"}}, {"type": "Feature", "geometry": {"type": "Point", "coordinates": [12.3995, 55.7126]}, "properties": {"id": "ATHER-ZEU-0286", "name": "Skovlunde", "town": "Skovlunde, Denmark, Europe", "country": "Europe", "temperature": 14.0, "pressure": 1012.1, "humidity": 91, "windSpeed": 2.2, "windDirection": "E", "condition": "Light Rain", "timestamp": "22:40:04 CEST", "status": "NORMAL", "hasAnomaly": 0, "severity": "NONE"}}, {"type": "Feature", "geometry": {"type": "Point", "coordinates": [11.98, 54.9331]}, "properties": {"id": "ATHER-ZEU-0287", "name": "Sorts\u00c3\u00b8 Strand", "town": "Sorts\u00c3\u00b8 Strand, Denmark, Europe", "country": "Europe", "temperature": 17.0, "pressure": 1010.7, "humidity": 69, "windSpeed": 0.0, "windDirection": "0", "condition": "Clear", "timestamp": "22:39:38 CEST", "status": "NORMAL", "hasAnomaly": 0, "severity": "NONE"}}, {"type": "Feature", "geometry": {"type": "Point", "coordinates": [12.27, 55.3886]}, "properties": {"id": "ATHER-ZEU-0288", "name": "Str\u00c3\u00b8by", "town": "Str\u00c3\u00b8by, Denmark, Europe", "country": "Europe", "temperature": 14.0, "pressure": 1011.6, "humidity": 92, "windSpeed": 0.4, "windDirection": "SE", "condition": "Rain", "timestamp": "22:39:57 CEST", "status": "NORMAL", "hasAnomaly": 0, "severity": "NONE"}}, {"type": "Feature", "geometry": {"type": "Point", "coordinates": [11.2694, 54.8081]}, "properties": {"id": "ATHER-ZEU-0289", "name": "S\u00c3\u0083\u00c2\u00b8llested. Lolland", "town": "S\u00c3\u0083\u00c2\u00b8llested. Lolland, Denmark, Europe", "country": "Europe", "temperature": 15.0, "pressure": 1011.2, "humidity": 94, "windSpeed": 6.8, "windDirection": "SE", "condition": "Rain", "timestamp": "22:40:01 CEST", "status": "NORMAL", "hasAnomaly": 0, "severity": "NONE"}}, {"type": "Feature", "geometry": {"type": "Point", "coordinates": [10.65, 55.3664]}, "properties": {"id": "ATHER-ZEU-0290", "name": "Ullerslev", "town": "Ullerslev, Denmark, Europe", "country": "Europe", "temperature": 15.0, "pressure": 1010.0, "humidity": 95, "windSpeed": 0.0, "windDirection": "SSE", "condition": "Rain", "timestamp": "22:40:06 CEST", "status": "NORMAL", "hasAnomaly": 0, "severity": "NONE"}}, {"type": "Feature", "geometry": {"type": "Point", "coordinates": [9.66394, 55.718]}, "properties": {"id": "ATHER-ZEU-0291", "name": "Vejle \u00c3\u0098st", "town": "Vejle \u00c3\u0098st, Denmark, Europe", "country": "Europe", "temperature": 15.0, "pressure": 1010.0, "humidity": 92, "windSpeed": 0.0, "windDirection": "0", "condition": "Partly Cloudy", "timestamp": "22:39:59 CEST", "status": "NORMAL", "hasAnomaly": 0, "severity": "NONE"}}, {"type": "Feature", "geometry": {"type": "Point", "coordinates": [10.335, 56.5167]}, "properties": {"id": "ATHER-ZEU-0292", "name": "Voer", "town": "Voer, Denmark, Europe", "country": "Europe", "temperature": 12.0, "pressure": 1010.4, "humidity": 93, "windSpeed": 5.4, "windDirection": "SE", "condition": "nt_rain2", "timestamp": "22:40:05 CEST", "status": "NORMAL", "hasAnomaly": 0, "severity": "NONE"}}, {"type": "Feature", "geometry": {"type": "Point", "coordinates": [10.67, 55.2537]}, "properties": {"id": "ATHER-ZEU-0293", "name": "\u00c3\u0098rb\u00c3\u00a6k", "town": "\u00c3\u0098rb\u00c3\u00a6k, Denmark, Europe", "country": "Europe", "temperature": 16.0, "pressure": 1000.5, "humidity": 97, "windSpeed": 8.6, "windDirection": "SSE", "condition": "Light Rain", "timestamp": "22:39:44 CEST", "status": "NORMAL", "hasAnomaly": 0, "severity": "NONE"}}, {"type": "Feature", "geometry": {"type": "Point", "coordinates": [24.8625, 59.5009]}, "properties": {"id": "ATHER-ZEU-0294", "name": "Viimsi", "town": "Viimsi, Estonia, Europe", "country": "Europe", "temperature": 15.0, "pressure": 999.8, "humidity": 92, "windSpeed": 14.0, "windDirection": "WNW", "condition": "Clear", "timestamp": "22:40:01 CEST", "status": "NORMAL", "hasAnomaly": 0, "severity": "NONE"}}, {"type": "Feature", "geometry": {"type": "Point", "coordinates": [23.8488, 62.9953]}, "properties": {"id": "ATHER-ZEU-0295", "name": "Alaj\u00c3\u00a4rvi", "town": "Alaj\u00c3\u00a4rvi, Pyntt\u00c3\u00a4rinniemi, Finland, Europe", "country": "Europe", "temperature": null, "pressure": null, "humidity": null, "windSpeed": null, "windDirection": null, "condition": "Offline", "timestamp": "Offline", "status": "OFFLINE", "hasAnomaly": 0, "severity": "NONE"}}, {"type": "Feature", "geometry": {"type": "Point", "coordinates": [21.88, 60.577]}, "properties": {"id": "ATHER-ZEU-0296", "name": "Askainen", "town": "Askainen, Kielotie, Finland, Europe", "country": "Europe", "temperature": null, "pressure": null, "humidity": null, "windSpeed": null, "windDirection": null, "condition": "Offline", "timestamp": "Offline", "status": "OFFLINE", "hasAnomaly": 0, "severity": "NONE"}}, {"type": "Feature", "geometry": {"type": "Point", "coordinates": [24.5891, 60.1909]}, "properties": {"id": "ATHER-ZEU-0297", "name": "Espoo", "town": "Espoo, Kauklahti, Finland, Europe", "country": "Europe", "temperature": null, "pressure": 0.0, "humidity": 120, "windSpeed": null, "windDirection": "CALM", "condition": "Clear", "timestamp": "22:35:26 CEST", "status": "ANOMALY", "hasAnomaly": 1, "severity": "HIGH"}}, {"type": "Feature", "geometry": {"type": "Point", "coordinates": [24.53, 60.2643]}, "properties": {"id": "ATHER-ZEU-0298", "name": "Espoo", "town": "Espoo, Kolmiranta, Finland, Europe", "country": "Europe", "temperature": 12.0, "pressure": 1000.1, "humidity": 93, "windSpeed": 1.4, "windDirection": "WNW", "condition": "Clear", "timestamp": "22:24:41 CEST", "status": "NORMAL", "hasAnomaly": 0, "severity": "NONE"}}, {"type": "Feature", "geometry": {"type": "Point", "coordinates": [22.1704, 61.1291]}, "properties": {"id": "ATHER-ZEU-0299", "name": "Eura", "town": "Eura, Kauttua, Finland, Europe", "country": "Europe", "temperature": 11.0, "pressure": 1002.0, "humidity": 89, "windSpeed": 0.0, "windDirection": "NW", "condition": "Clear", "timestamp": "22:39:57 CEST", "status": "NORMAL", "hasAnomaly": 0, "severity": "NONE"}}, {"type": "Feature", "geometry": {"type": "Point", "coordinates": [25.5408, 64.1729]}, "properties": {"id": "ATHER-ZEU-0300", "name": "Haapavesi", "town": "Haapavesi, Finland, Europe", "country": "Europe", "temperature": 11.0, "pressure": 997.1, "humidity": 77, "windSpeed": 1.1, "windDirection": "0", "condition": "Clear", "timestamp": "22:39:41 CEST", "status": "NORMAL", "hasAnomaly": 0, "severity": "NONE"}}, {"type": "Feature", "geometry": {"type": "Point", "coordinates": [24.8508, 60.1615]}, "properties": {"id": "ATHER-ZEU-0301", "name": "Helsinki", "town": "Helsinki, Lauttasaari, Finland, Europe", "country": "Europe", "temperature": null, "pressure": null, "humidity": null, "windSpeed": null, "windDirection": null, "condition": "Offline", "timestamp": "Offline", "status": "OFFLINE", "hasAnomaly": 0, "severity": "NONE"}}, {"type": "Feature", "geometry": {"type": "Point", "coordinates": [24.8624, 60.2212]}, "properties": {"id": "ATHER-ZEU-0302", "name": "Helsinki", "town": "Helsinki, Pit\u00c3\u00a4j\u00c3\u00a4nm\u00c3\u00a4ki, Finland, Europe", "country": "Europe", "temperature": null, "pressure": null, "humidity": null, "windSpeed": null, "windDirection": null, "condition": "Offline", "timestamp": "Offline", "status": "OFFLINE", "hasAnomaly": 0, "severity": "NONE"}}, {"type": "Feature", "geometry": {"type": "Point", "coordinates": [23.583, 64.117]}, "properties": {"id": "ATHER-ZEU-0303", "name": "Himanka", "town": "Himanka, Kunnottomanperukka, Finland, Europe", "country": "Europe", "temperature": 17.0, "pressure": 1001.0, "humidity": 42, "windSpeed": 11.2, "windDirection": "NE", "condition": "Clear", "timestamp": "22:40:06 CEST", "status": "NORMAL", "hasAnomaly": 0, "severity": "NONE"}}, {"type": "Feature", "geometry": {"type": "Point", "coordinates": [24.8875, 60.6377]}, "properties": {"id": "ATHER-ZEU-0304", "name": "Hyvink\u00c3\u00a4\u00c3\u00a4", "town": "Hyvink\u00c3\u00a4\u00c3\u00a4, Ahdenkallio, Finland, Europe", "country": "Europe", "temperature": null, "pressure": null, "humidity": null, "windSpeed": null, "windDirection": null, "condition": "Offline", "timestamp": "Offline", "status": "OFFLINE", "hasAnomaly": 0, "severity": "NONE"}}, {"type": "Feature", "geometry": {"type": "Point", "coordinates": [23.214, 61.636]}, "properties": {"id": "ATHER-ZEU-0305", "name": "H\u00c3\u00a4meenkyr\u00c3\u00b6", "town": "H\u00c3\u00a4meenkyr\u00c3\u00b6, Kyr\u00c3\u00b6skoski, Finland, Europe", "country": "Europe", "temperature": null, "pressure": null, "humidity": null, "windSpeed": null, "windDirection": null, "condition": "Offline", "timestamp": "Offline", "status": "OFFLINE", "hasAnomaly": 0, "severity": "NONE"}}, {"type": "Feature", "geometry": {"type": "Point", "coordinates": [24.6606, 60.9106]}, "properties": {"id": "ATHER-ZEU-0306", "name": "Janakkala", "town": "Janakkala, Turenki, Finland, Europe", "country": "Europe", "temperature": 13.0, "pressure": 1001.0, "humidity": 100, "windSpeed": 2.5, "windDirection": "0", "condition": "Clear", "timestamp": "22:39:19 CEST", "status": "NORMAL", "hasAnomaly": 0, "severity": "NONE"}}, {"type": "Feature", "geometry": {"type": "Point", "coordinates": [26.1315, 61.7431]}, "properties": {"id": "ATHER-ZEU-0307", "name": "Joutsa", "town": "Joutsa, Finland, Europe", "country": "Europe", "temperature": 13.0, "pressure": 998.4, "humidity": 91, "windSpeed": 0.0, "windDirection": "NW", "condition": "Clear", "timestamp": "22:40:02 CEST", "status": "NORMAL", "hasAnomaly": 0, "severity": "NONE"}}, {"type": "Feature", "geometry": {"type": "Point", "coordinates": [29.278, 63.283]}, "properties": {"id": "ATHER-ZEU-0308", "name": "Juuka", "town": "Juuka, Kannaksenkyl\u00c3\u00a4, Finland, Europe", "country": "Europe", "temperature": 14.0, "pressure": 1002.2, "humidity": 57, "windSpeed": 0.0, "windDirection": "NW", "condition": "Partly Cloudy", "timestamp": "22:40:10 CEST", "status": "NORMAL", "hasAnomaly": 0, "severity": "NONE"}}, {"type": "Feature", "geometry": {"type": "Point", "coordinates": [25.7783, 62.2054]}, "properties": {"id": "ATHER-ZEU-0309", "name": "Jyv\u00c3\u00a4skyl\u00c3\u00a4", "town": "Jyv\u00c3\u00a4skyl\u00c3\u00a4, Nen\u00c3\u00a4inniemi, Finland, Europe", "country": "Europe", "temperature": 12.0, "pressure": 997.8, "humidity": 89, "windSpeed": 0.0, "windDirection": "ESE", "condition": "Clear", "timestamp": "22:39:38 CEST", "status": "NORMAL", "hasAnomaly": 0, "severity": "NONE"}}, {"type": "Feature", "geometry": {"type": "Point", "coordinates": [23.896, 64.0503]}, "properties": {"id": "ATHER-ZEU-0310", "name": "Kalajoki", "town": "Kalajoki, Ainali, Finland, Europe", "country": "Europe", "temperature": 13.0, "pressure": 997.6, "humidity": 80, "windSpeed": 3.2, "windDirection": "S", "condition": "Partly Cloudy", "timestamp": "22:40:04 CEST", "status": "ANOMALY", "hasAnomaly": 1, "severity": "HIGH"}}, {"type": "Feature", "geometry": {"type": "Point", "coordinates": [23.7121, 63.5504]}, "properties": {"id": "ATHER-ZEU-0311", "name": "Kaustinen", "town": "Kaustinen, Finland, Europe", "country": "Europe", "temperature": 11.0, "pressure": 999.1, "humidity": 84, "windSpeed": 0.4, "windDirection": "SW", "condition": "Clear", "timestamp": "22:40:08 CEST", "status": "NORMAL", "hasAnomaly": 0, "severity": "NONE"}}, {"type": "Feature", "geometry": {"type": "Point", "coordinates": [24.5956, 65.7562]}, "properties": {"id": "ATHER-ZEU-0312", "name": "Kemi", "town": "Kemi, Nauska, Finland, Europe", "country": "Europe", "temperature": 15.0, "pressure": 996.2, "humidity": 76, "windSpeed": 0.0, "windDirection": "NW", "condition": "Clear", "timestamp": "22:39:45 CEST", "status": "NORMAL", "hasAnomaly": 0, "severity": "NONE"}}, {"type": "Feature", "geometry": {"type": "Point", "coordinates": [22.814, 60.0322]}, "properties": {"id": "ATHER-ZEU-0313", "name": "Kemi\u00c3\u00b6nsaari", "town": "Kemi\u00c3\u00b6nsaari, V\u00c3\u00a4stanfj\u00c3\u00a4rd, Finland, Europe", "country": "Europe", "temperature": 12.0, "pressure": 999.5, "humidity": 97, "windSpeed": 2.2, "windDirection": "NW", "condition": "Partly Cloudy", "timestamp": "22:39:56 CEST", "status": "NORMAL", "hasAnomaly": 0, "severity": "NONE"}}, {"type": "Feature", "geometry": {"type": "Point", "coordinates": [25.541, 64.861]}, "properties": {"id": "ATHER-ZEU-0314", "name": "Kempele", "town": "Kempele, Finland, Europe", "country": "Europe", "temperature": 12.0, "pressure": 996.0, "humidity": 87, "windSpeed": 2.5, "windDirection": "S", "condition": "Clear", "timestamp": "22:38:35 CEST", "status": "NORMAL", "hasAnomaly": 0, "severity": "NONE"}}, {"type": "Feature", "geometry": {"type": "Point", "coordinates": [24.4489, 60.2658]}, "properties": {"id": "ATHER-ZEU-0315", "name": "Kirkkonummi", "town": "Kirkkonummi, Veikkola, Finland, Europe", "country": "Europe", "temperature": 13.0, "pressure": 1000.2, "humidity": 92, "windSpeed": 0.0, "windDirection": "NW", "condition": "Clear", "timestamp": "22:40:03 CEST", "status": "NORMAL", "hasAnomaly": 0, "severity": "NONE"}}, {"type": "Feature", "geometry": {"type": "Point", "coordinates": [29.8845, 61.9975]}, "properties": {"id": "ATHER-ZEU-0316", "name": "Kitee", "town": "Kitee, Puhos, Finland, Europe", "country": "Europe", "temperature": 13.0, "pressure": 998.2, "humidity": 96, "windSpeed": 0.0, "windDirection": "NW", "condition": "Cloudy", "timestamp": "22:39:58 CEST", "status": "NORMAL", "hasAnomaly": 0, "severity": "NONE"}}, {"type": "Feature", "geometry": {"type": "Point", "coordinates": [23.0836, 63.8251]}, "properties": {"id": "ATHER-ZEU-0317", "name": "Kokkola", "town": "Kokkola, Koivuhaka, Finland, Europe", "country": "Europe", "temperature": 15.0, "pressure": 998.3, "humidity": 74, "windSpeed": 0.4, "windDirection": "W", "condition": "Clear", "timestamp": "22:38:08 CEST", "status": "NORMAL", "hasAnomaly": 0, "severity": "NONE"}}, {"type": "Feature", "geometry": {"type": "Point", "coordinates": [25.7858, 62.7579]}, "properties": {"id": "ATHER-ZEU-0318", "name": "Konginkangas", "town": "Konginkangas, Finland, Europe", "country": "Europe", "temperature": 11.0, "pressure": 995.8, "humidity": 81, "windSpeed": 0.0, "windDirection": "SW", "condition": "Clear", "timestamp": "22:39:39 CEST", "status": "NORMAL", "hasAnomaly": 0, "severity": "NONE"}}, {"type": "Feature", "geometry": {"type": "Point", "coordinates": [24.4636, 61.797]}, "properties": {"id": "ATHER-ZEU-0319", "name": "Kopsamo", "town": "Kopsamo, Juupajoki, Finland, Europe", "country": "Europe", "temperature": 12.0, "pressure": 999.1, "humidity": 96, "windSpeed": 0.0, "windDirection": "SE", "condition": "Clear", "timestamp": "22:35:12 CEST", "status": "NORMAL", "hasAnomaly": 0, "severity": "NONE"}}, {"type": "Feature", "geometry": {"type": "Point", "coordinates": [26.8987, 60.5129]}, "properties": {"id": "ATHER-ZEU-0320", "name": "Kotka", "town": "Kotka, Hovila, Finland, Europe", "country": "Europe", "temperature": 14.0, "pressure": 999.6, "humidity": 90, "windSpeed": 1.8, "windDirection": "NNW", "condition": "nt_rain1", "timestamp": "22:38:09 CEST", "status": "NORMAL", "hasAnomaly": 0, "severity": "NONE"}}, {"type": "Feature", "geometry": {"type": "Point", "coordinates": [26.8781, 60.4894]}, "properties": {"id": "ATHER-ZEU-0321", "name": "Kotka", "town": "Kotka, Lankila, Finland, Europe", "country": "Europe", "temperature": null, "pressure": null, "humidity": null, "windSpeed": null, "windDirection": null, "condition": "Offline", "timestamp": "Offline", "status": "OFFLINE", "hasAnomaly": 0, "severity": "NONE"}}, {"type": "Feature", "geometry": {"type": "Point", "coordinates": [26.7502, 60.9124]}, "properties": {"id": "ATHER-ZEU-0322", "name": "Kouvola", "town": "Kouvola, Valkeala, Finland, Europe", "country": "Europe", "temperature": 12.0, "pressure": 999.1, "humidity": 95, "windSpeed": 0.0, "windDirection": "N", "condition": "Light Rain", "timestamp": "22:39:52 CEST", "status": "NORMAL", "hasAnomaly": 0, "severity": "NONE"}}, {"type": "Feature", "geometry": {"type": "Point", "coordinates": [26.651, 61.0559]}, "properties": {"id": "ATHER-ZEU-0323", "name": "Kouvola", "town": "Kouvola, Verla, Finland, Europe", "country": "Europe", "temperature": 12.0, "pressure": 997.8, "humidity": 93, "windSpeed": 0.0, "windDirection": "0", "condition": "Partly Cloudy", "timestamp": "22:38:23 CEST", "status": "NORMAL", "hasAnomaly": 0, "severity": "NONE"}}, {"type": "Feature", "geometry": {"type": "Point", "coordinates": [27.663, 62.8989]}, "properties": {"id": "ATHER-ZEU-0324", "name": "Kuopio", "town": "Kuopio, Niirala, Finland, Europe", "country": "Europe", "temperature": 15.0, "pressure": 997.9, "humidity": 66, "windSpeed": 2.2, "windDirection": "0", "condition": "Clear", "timestamp": "22:39:39 CEST", "status": "NORMAL", "hasAnomaly": 0, "severity": "NONE"}}, {"type": "Feature", "geometry": {"type": "Point", "coordinates": [23.517, 62.808]}, "properties": {"id": "ATHER-ZEU-0325", "name": "Kuortane", "town": "Kuortane, Kortesm\u00c3\u00a4ki, Finland, Europe", "country": "Europe", "temperature": null, "pressure": null, "humidity": null, "windSpeed": null, "windDirection": null, "condition": "Offline", "timestamp": "Offline", "status": "OFFLINE", "hasAnomaly": 0, "severity": "NONE"}}, {"type": "Feature", "geometry": {"type": "Point", "coordinates": [22.3905, 62.633]}, "properties": {"id": "ATHER-ZEU-0326", "name": "Kurikka", "town": "Kurikka, Finland, Europe", "country": "Europe", "temperature": 12.0, "pressure": 999.6, "humidity": 87, "windSpeed": 0.0, "windDirection": "WSW", "condition": "Clear", "timestamp": "22:39:42 CEST", "status": "NORMAL", "hasAnomaly": 0, "severity": "NONE"}}, {"type": "Feature", "geometry": {"type": "Point", "coordinates": [28.0949, 61.0646]}, "properties": {"id": "ATHER-ZEU-0327", "name": "Lappeenranta", "town": "Lappeenranta, Skinnarila, Finland, Europe", "country": "Europe", "temperature": null, "pressure": null, "humidity": null, "windSpeed": null, "windDirection": null, "condition": "Offline", "timestamp": "Offline", "status": "OFFLINE", "hasAnomaly": 0, "severity": "NONE"}}, {"type": "Feature", "geometry": {"type": "Point", "coordinates": [25.9027, 62.3702]}, "properties": {"id": "ATHER-ZEU-0328", "name": "Laukaa", "town": "Laukaa, Vihtavuori, Finland, Europe", "country": "Europe", "temperature": 12.0, "pressure": 999.3, "humidity": 85, "windSpeed": 0.0, "windDirection": "SSW", "condition": "Clear", "timestamp": "22:39:52 CEST", "status": "NORMAL", "hasAnomaly": 0, "severity": "NONE"}}, {"type": "Feature", "geometry": {"type": "Point", "coordinates": [29.8178, 62.6866]}, "properties": {"id": "ATHER-ZEU-0329", "name": "Lehmo", "town": "Lehmo, Finland, Europe", "country": "Europe", "temperature": 14.0, "pressure": 997.9, "humidity": 85, "windSpeed": 0.0, "windDirection": "W", "condition": "Light Rain", "timestamp": "22:40:09 CEST", "status": "NORMAL", "hasAnomaly": 0, "severity": "NONE"}}, {"type": "Feature", "geometry": {"type": "Point", "coordinates": [24.0038, 60.2003]}, "properties": {"id": "ATHER-ZEU-0330", "name": "Lohja", "town": "Lohja, Maksjoki, Finland, Europe", "country": "Europe", "temperature": 14.0, "pressure": 1000.5, "humidity": 91, "windSpeed": 3.6, "windDirection": "NE", "condition": "Clear", "timestamp": "22:39:57 CEST", "status": "NORMAL", "hasAnomaly": 0, "severity": "NONE"}}, {"type": "Feature", "geometry": {"type": "Point", "coordinates": [24.0473, 60.2413]}, "properties": {"id": "ATHER-ZEU-0331", "name": "Lohja", "town": "Lohja, Neitsytlinna, Finland, Europe", "country": "Europe", "temperature": 14.0, "pressure": 1002.2, "humidity": 98, "windSpeed": 2.2, "windDirection": "W", "condition": "Clear", "timestamp": "22:35:56 CEST", "status": "NORMAL", "hasAnomaly": 0, "severity": "NONE"}}, {"type": "Feature", "geometry": {"type": "Point", "coordinates": [23.8437, 60.3451]}, "properties": {"id": "ATHER-ZEU-0332", "name": "Lohja", "town": "Lohja, Sammatti/Leikkil\u00c3\u00a4, Finland, Europe", "country": "Europe", "temperature": 13.0, "pressure": 1000.0, "humidity": 81, "windSpeed": 0.0, "windDirection": "WSW", "condition": "Clear", "timestamp": "22:39:39 CEST", "status": "NORMAL", "hasAnomaly": 0, "severity": "NONE"}}, {"type": "Feature", "geometry": {"type": "Point", "coordinates": [23.973, 60.1492]}, "properties": {"id": "ATHER-ZEU-0333", "name": "Lohja", "town": "Lohja, Virkkala, Finland, Europe", "country": "Europe", "temperature": 13.0, "pressure": 1000.5, "humidity": 93, "windSpeed": 0.4, "windDirection": "W", "condition": "Clear", "timestamp": "22:39:44 CEST", "status": "NORMAL", "hasAnomaly": 0, "severity": "NONE"}}, {"type": "Feature", "geometry": {"type": "Point", "coordinates": [25.6462, 62.099]}, "properties": {"id": "ATHER-ZEU-0334", "name": "Muurame", "town": "Muurame, Finland, Europe", "country": "Europe", "temperature": 12.0, "pressure": 997.9, "humidity": 99, "windSpeed": 0.0, "windDirection": "SW", "condition": "Clear", "timestamp": "22:40:07 CEST", "status": "NORMAL", "hasAnomaly": 0, "severity": "NONE"}}, {"type": "Feature", "geometry": {"type": "Point", "coordinates": [25.31, 60.6348]}, "properties": {"id": "ATHER-ZEU-0335", "name": "M\u00c3\u00a4nts\u00c3\u00a4l\u00c3\u00a4", "town": "M\u00c3\u00a4nts\u00c3\u00a4l\u00c3\u00a4, Koskenranta, Finland, Europe", "country": "Europe", "temperature": 12.0, "pressure": 996.9, "humidity": 97, "windSpeed": 0.0, "windDirection": "0", "condition": "Partly Cloudy", "timestamp": "22:33:32 CEST", "status": "NORMAL", "hasAnomaly": 0, "severity": "NONE"}}, {"type": "Feature", "geometry": {"type": "Point", "coordinates": [27.09, 61.23]}, "properties": {"id": "ATHER-ZEU-0336", "name": "M\u00c3\u00a4ntyharju", "town": "M\u00c3\u00a4ntyharju, K\u00c3\u00a4\u00c3\u00a4v\u00c3\u00a4nkyl\u00c3\u00a4, Finland, Europe", "country": "Europe", "temperature": 13.0, "pressure": 999.3, "humidity": 97, "windSpeed": 0.4, "windDirection": "W", "condition": "Light Rain", "timestamp": "22:40:09 CEST", "status": "NORMAL", "hasAnomaly": 0, "severity": "NONE"}}, {"type": "Feature", "geometry": {"type": "Point", "coordinates": [29.185, 67.1295]}, "properties": {"id": "ATHER-ZEU-0337", "name": "Naruska", "town": "Naruska, Retkeilymaja, Finland, Europe", "country": "Europe", "temperature": 11.0, "pressure": 996.3, "humidity": 86, "windSpeed": 0.0, "windDirection": "W", "condition": "Clear", "timestamp": "22:40:03 CEST", "status": "NORMAL", "hasAnomaly": 0, "severity": "NONE"}}, {"type": "Feature", "geometry": {"type": "Point", "coordinates": [21.895, 60.1903]}, "properties": {"id": "ATHER-ZEU-0338", "name": "Nauvo", "town": "Nauvo, Finland, Europe", "country": "Europe", "temperature": 13.0, "pressure": 1003.5, "humidity": 100, "windSpeed": 0.0, "windDirection": "0", "condition": "Partly Cloudy", "timestamp": "22:35:25 CEST", "status": "NORMAL", "hasAnomaly": 0, "severity": "NONE"}}, {"type": "Feature", "geometry": {"type": "Point", "coordinates": [25.0205, 63.8936]}, "properties": {"id": "ATHER-ZEU-0339", "name": "Nivala", "town": "Nivala, Siironpuhto, Finland, Europe", "country": "Europe", "temperature": 11.0, "pressure": 997.9, "humidity": 79, "windSpeed": 0.0, "windDirection": "NW", "condition": "Clear", "timestamp": "22:39:50 CEST", "status": "NORMAL", "hasAnomaly": 0, "severity": "NONE"}}, {"type": "Feature", "geometry": {"type": "Point", "coordinates": [23.9837, 66.782]}, "properties": {"id": "ATHER-ZEU-0340", "name": "Pello", "town": "Pello, Yliranta, Finland, Europe", "country": "Europe", "temperature": 13.0, "pressure": 996.5, "humidity": 93, "windSpeed": 0.0, "windDirection": "W", "condition": "Fog", "timestamp": "22:40:06 CEST", "status": "NORMAL", "hasAnomaly": 0, "severity": "NONE"}}, {"type": "Feature", "geometry": {"type": "Point", "coordinates": [22.716, 63.666]}, "properties": {"id": "ATHER-ZEU-0341", "name": "Pietarsaari", "town": "Pietarsaari, keskusta, Finland, Europe", "country": "Europe", "temperature": null, "pressure": null, "humidity": null, "windSpeed": null, "windDirection": null, "condition": "Offline", "timestamp": "Offline", "status": "OFFLINE", "hasAnomaly": 0, "severity": "NONE"}}, {"type": "Feature", "geometry": {"type": "Point", "coordinates": [25.8192, 60.3741]}, "properties": {"id": "ATHER-ZEU-0342", "name": "Porvoo", "town": "Porvoo, Finland, Europe", "country": "Europe", "temperature": null, "pressure": null, "humidity": null, "windSpeed": null, "windDirection": null, "condition": "Offline", "timestamp": "Offline", "status": "OFFLINE", "hasAnomaly": 0, "severity": "NONE"}}, {"type": "Feature", "geometry": {"type": "Point", "coordinates": [21.5822, 61.1275]}, "properties": {"id": "ATHER-ZEU-0343", "name": "Rauma", "town": "Rauma, Uotila, Finland, Europe", "country": "Europe", "temperature": 14.0, "pressure": 1005.0, "humidity": 82, "windSpeed": 2.9, "windDirection": "NW", "condition": "Partly Cloudy", "timestamp": "22:40:07 CEST", "status": "NORMAL", "hasAnomaly": 0, "severity": "NONE"}}, {"type": "Feature", "geometry": {"type": "Point", "coordinates": [21.524, 61.144]}, "properties": {"id": "ATHER-ZEU-0344", "name": "Rauma", "town": "Rauma, Vesiniittu, Finland, Europe", "country": "Europe", "temperature": null, "pressure": null, "humidity": null, "windSpeed": null, "windDirection": null, "condition": "Offline", "timestamp": "Offline", "status": "OFFLINE", "hasAnomaly": 0, "severity": "NONE"}}, {"type": "Feature", "geometry": {"type": "Point", "coordinates": [23.1175, 60.4017]}, "properties": {"id": "ATHER-ZEU-0345", "name": "Salo", "town": "Salo, Paukkula, Finland, Europe", "country": "Europe", "temperature": null, "pressure": null, "humidity": null, "windSpeed": null, "windDirection": null, "condition": "Offline", "timestamp": "Offline", "status": "OFFLINE", "hasAnomaly": 0, "severity": "NONE"}}, {"type": "Feature", "geometry": {"type": "Point", "coordinates": [23.237, 60.45]}, "properties": {"id": "ATHER-ZEU-0346", "name": "Salo", "town": "Salo, Pertteli, Finland, Europe", "country": "Europe", "temperature": 13.0, "pressure": 1001.2, "humidity": 93, "windSpeed": 0.0, "windDirection": "0", "condition": "Partly Cloudy", "timestamp": "22:39:53 CEST", "status": "NORMAL", "hasAnomaly": 0, "severity": "NONE"}}, {"type": "Feature", "geometry": {"type": "Point", "coordinates": [22.81, 62.7847]}, "properties": {"id": "ATHER-ZEU-0347", "name": "Sein\u00c3\u00a4joki", "town": "Sein\u00c3\u00a4joki, Joupplia, Finland, Europe", "country": "Europe", "temperature": 10.0, "pressure": 997.6, "humidity": 89, "windSpeed": 0.4, "windDirection": "0", "condition": "Partly Cloudy", "timestamp": "22:35:42 CEST", "status": "NORMAL", "hasAnomaly": 0, "severity": "NONE"}}, {"type": "Feature", "geometry": {"type": "Point", "coordinates": [13.7822, 62.7538]}, "properties": {"id": "ATHER-ZEU-0348", "name": "Sein\u00c3\u00a4joki", "town": "Sein\u00c3\u00a4joki, Katajalaakso, Finland, Europe", "country": "Europe", "temperature": 11.0, "pressure": 998.9, "humidity": 81, "windSpeed": 0.0, "windDirection": "0", "condition": "Clear", "timestamp": "22:23:33 CEST", "status": "NORMAL", "hasAnomaly": 0, "severity": "NONE"}}, {"type": "Feature", "geometry": {"type": "Point", "coordinates": [29.5578, 65.4379]}, "properties": {"id": "ATHER-ZEU-0349", "name": "Suomussalmi", "town": "Suomussalmi, Hossa, Finland, Europe", "country": "Europe", "temperature": null, "pressure": null, "humidity": null, "windSpeed": null, "windDirection": null, "condition": "Offline", "timestamp": "Offline", "status": "OFFLINE", "hasAnomaly": 0, "severity": "NONE"}}, {"type": "Feature", "geometry": {"type": "Point", "coordinates": [28.154, 65.6255]}, "properties": {"id": "ATHER-ZEU-0350", "name": "Taivalkoski", "town": "Taivalkoski, Siekkinen, Finland, Europe", "country": "Europe", "temperature": 5.0, "pressure": 997.9, "humidity": 86, "windSpeed": 0.0, "windDirection": "W", "condition": "Clear", "timestamp": "22:40:08 CEST", "status": "NORMAL", "hasAnomaly": 0, "severity": "NONE"}}, {"type": "Feature", "geometry": {"type": "Point", "coordinates": [23.7596, 61.5016]}, "properties": {"id": "ATHER-ZEU-0351", "name": "Tampere", "town": "Tampere, Amuri, Finland, Europe", "country": "Europe", "temperature": null, "pressure": null, "humidity": null, "windSpeed": null, "windDirection": null, "condition": "Offline", "timestamp": "Offline", "status": "OFFLINE", "hasAnomaly": 0, "severity": "NONE"}}, {"type": "Feature", "geometry": {"type": "Point", "coordinates": [22.307, 60.4671]}, "properties": {"id": "ATHER-ZEU-0352", "name": "Turku", "town": "Turku, Halinen, Finland, Europe", "country": "Europe", "temperature": 14.0, "pressure": 1002.0, "humidity": 96, "windSpeed": 0.7, "windDirection": "N", "condition": "Clear", "timestamp": "21:41:01 CEST", "status": "NORMAL", "hasAnomaly": 0, "severity": "NONE"}}, {"type": "Feature", "geometry": {"type": "Point", "coordinates": [24.9845, 60.3967]}, "properties": {"id": "ATHER-ZEU-0353", "name": "Tuusula", "town": "Tuusula, Lahela, Finland, Europe", "country": "Europe", "temperature": 12.0, "pressure": 1000.2, "humidity": 96, "windSpeed": 2.9, "windDirection": "W", "condition": "Clear", "timestamp": "22:40:02 CEST", "status": "NORMAL", "hasAnomaly": 0, "severity": "NONE"}}, {"type": "Feature", "geometry": {"type": "Point", "coordinates": [21.7292, 63.0792]}, "properties": {"id": "ATHER-ZEU-0354", "name": "Vaasa", "town": "Vaasa, Kr\u00c3\u00a5klund, Finland, Europe", "country": "Europe", "temperature": null, "pressure": null, "humidity": null, "windSpeed": null, "windDirection": null, "condition": "Offline", "timestamp": "Offline", "status": "OFFLINE", "hasAnomaly": 0, "severity": "NONE"}}, {"type": "Feature", "geometry": {"type": "Point", "coordinates": [24.1743, 61.201]}, "properties": {"id": "ATHER-ZEU-0355", "name": "Valkeakoski", "town": "Valkeakoski, Ritvala, Finland, Europe", "country": "Europe", "temperature": null, "pressure": null, "humidity": null, "windSpeed": null, "windDirection": null, "condition": "Offline", "timestamp": "Offline", "status": "OFFLINE", "hasAnomaly": 0, "severity": "NONE"}}, {"type": "Feature", "geometry": {"type": "Point", "coordinates": [24.4896, 62.0171]}, "properties": {"id": "ATHER-ZEU-0356", "name": "Vilppula", "town": "Vilppula, Finland, Europe", "country": "Europe", "temperature": 12.0, "pressure": 1000.4, "humidity": 94, "windSpeed": 2.2, "windDirection": "SW", "condition": "Clear", "timestamp": "22:40:05 CEST", "status": "NORMAL", "hasAnomaly": 0, "severity": "NONE"}}, {"type": "Feature", "geometry": {"type": "Point", "coordinates": [23.3633, 62.3719]}, "properties": {"id": "ATHER-ZEU-0357", "name": "Virrat", "town": "Virrat, Sein\u00c3\u00a4j\u00c3\u00a4rvi, Finland, Europe", "country": "Europe", "temperature": null, "pressure": null, "humidity": null, "windSpeed": null, "windDirection": null, "condition": "Offline", "timestamp": "Offline", "status": "OFFLINE", "hasAnomaly": 0, "severity": "NONE"}}, {"type": "Feature", "geometry": {"type": "Point", "coordinates": [22.2888, 63.1997]}, "properties": {"id": "ATHER-ZEU-0358", "name": "V\u00c3\u00b6yri", "town": "V\u00c3\u00b6yri, Finland, Europe", "country": "Europe", "temperature": 12.0, "pressure": 0.0, "humidity": 67, "windSpeed": 0.0, "windDirection": "SW", "condition": "Clear", "timestamp": "22:40:07 CEST", "status": "ANOMALY", "hasAnomaly": 1, "severity": "HIGH"}}, {"type": "Feature", "geometry": {"type": "Point", "coordinates": [23.6125, 61.6275]}, "properties": {"id": "ATHER-ZEU-0359", "name": "Yl\u00c3\u00b6j\u00c3\u00a4rvi", "town": "Yl\u00c3\u00b6j\u00c3\u00a4rvi, Ylinen, Finland, Europe", "country": "Europe", "temperature": 12.0, "pressure": 1001.9, "humidity": 90, "windSpeed": 0.0, "windDirection": "WSW", "condition": "Clear", "timestamp": "22:35:05 CEST", "status": "NORMAL", "hasAnomaly": 0, "severity": "NONE"}}, {"type": "Feature", "geometry": {"type": "Point", "coordinates": [5.159468, 46.201011]}, "properties": {"id": "ATHER-FRW-0360", "name": "Buellas", "town": "Buellas, Ain, France, Europe", "country": "Europe", "temperature": 26.0, "pressure": 1014.4, "humidity": 64, "windSpeed": 12.0, "windDirection": "S", "condition": "Clear", "timestamp": "22:40:05 CEST", "status": "NORMAL", "hasAnomaly": 0, "severity": "NONE"}}, {"type": "Feature", "geometry": {"type": "Point", "coordinates": [5.741944, 46.210833]}, "properties": {"id": "ATHER-FRW-0361", "name": "Echallon", "town": "Echallon, Ain, France, Europe", "country": "Europe", "temperature": 19.0, "pressure": 1011.4, "humidity": 51, "windSpeed": 1.0, "windDirection": "S", "condition": "Partly Cloudy", "timestamp": "22:41:26 CEST", "status": "NORMAL", "hasAnomaly": 0, "severity": "NONE"}}, {"type": "Feature", "geometry": {"type": "Point", "coordinates": [5.2013, 46.0256]}, "properties": {"id": "ATHER-FRW-0362", "name": "Pont d'Ain", "town": "Pont d'Ain, Ain, France, Europe", "country": "Europe", "temperature": 26.0, "pressure": 1010.0, "humidity": 46, "windSpeed": 6.0, "windDirection": "S", "condition": "Nearby Thunderstorm", "timestamp": "22:35:32 CEST", "status": "NORMAL", "hasAnomaly": 0, "severity": "NONE"}}, {"type": "Feature", "geometry": {"type": "Point", "coordinates": [5.29658, 46.01417]}, "properties": {"id": "ATHER-FRW-0363", "name": "Priay", "town": "Priay, Ain, France, Europe", "country": "Europe", "temperature": 26.0, "pressure": 1010.5, "humidity": 42, "windSpeed": 6.0, "windDirection": "SE", "condition": "Nearby Thunderstorm", "timestamp": "22:40:45 CEST", "status": "NORMAL", "hasAnomaly": 0, "severity": "NONE"}}, {"type": "Feature", "geometry": {"type": "Point", "coordinates": [3.402, 49.016]}, "properties": {"id": "ATHER-FRW-0364", "name": "Nogentel", "town": "Nogentel, Aisne, France, Europe", "country": "Europe", "temperature": 23.0, "pressure": 1008.6, "humidity": 57, "windSpeed": 0.0, "windDirection": "SW", "condition": "Showers", "timestamp": "22:41:36 CEST", "status": "NORMAL", "hasAnomaly": 0, "severity": "NONE"}}, {"type": "Feature", "geometry": {"type": "Point", "coordinates": [2.588055, 46.291666]}, "properties": {"id": "ATHER-FRW-0365", "name": "Lignerolles", "town": "Lignerolles, Allier, France, Europe", "country": "Europe", "temperature": 23.0, "pressure": 1011.7, "humidity": 71, "windSpeed": 0.0, "windDirection": "E", "condition": "Clear", "timestamp": "22:42:02 CEST", "status": "NORMAL", "hasAnomaly": 0, "severity": "NONE"}}, {"type": "Feature", "geometry": {"type": "Point", "coordinates": [7.401944, 43.738889]}, "properties": {"id": "ATHER-FRW-0366", "name": "La Turbie", "town": "La Turbie, Alpes-Maritimes, France, Europe", "country": "Europe", "temperature": 23.0, "pressure": 1017.2, "humidity": 75, "windSpeed": 7.0, "windDirection": "W", "condition": "Few Clouds", "timestamp": "22:42:02 CEST", "status": "NORMAL", "hasAnomaly": 0, "severity": "NONE"}}, {"type": "Feature", "geometry": {"type": "Point", "coordinates": [7.256135, 43.790358]}, "properties": {"id": "ATHER-FRW-0367", "name": "Tourrette-Levens", "town": "Tourrette-Levens, Alpes-Maritimes, France, Europe", "country": "Europe", "temperature": 21.0, "pressure": 1017.9, "humidity": 77, "windSpeed": 0.0, "windDirection": "SW", "condition": "Clear", "timestamp": "22:42:02 CEST", "status": "NORMAL", "hasAnomaly": 0, "severity": "NONE"}}, {"type": "Feature", "geometry": {"type": "Point", "coordinates": [4.633611, 44.371389]}, "properties": {"id": "ATHER-FRW-0368", "name": "Bourg-Saint-And\u00e9ol", "town": "Bourg-Saint-And\u00e9ol, Ard\u00e8che, France, Europe", "country": "Europe", "temperature": 24.0, "pressure": 1014.6, "humidity": 83, "windSpeed": 4.0, "windDirection": "S", "condition": "Nearby Thunderstorm", "timestamp": "22:41:59 CEST", "status": "NORMAL", "hasAnomaly": 0, "severity": "NONE"}}, {"type": "Feature", "geometry": {"type": "Point", "coordinates": [4.38803, 44.40765]}, "properties": {"id": "ATHER-FRW-0369", "name": "Vallon-Pont-d'Arc", "town": "Vallon-Pont-d'Arc, Ard\u00e8che, France, Europe", "country": "Europe", "temperature": 24.0, "pressure": 1012.3, "humidity": 76, "windSpeed": 6.0, "windDirection": "SSE", "condition": "Mostly Cloudy", "timestamp": "22:42:04 CEST", "status": "NORMAL", "hasAnomaly": 0, "severity": "NONE"}}, {"type": "Feature", "geometry": {"type": "Point", "coordinates": [1.91530085, 42.98675919]}, "properties": {"id": "ATHER-FRW-0370", "name": "L\u00e9ran", "town": "L\u00e9ran, Ari\u00e8ge, France, Europe", "country": "Europe", "temperature": 19.0, "pressure": 1011.6, "humidity": 81, "windSpeed": 4.0, "windDirection": "SSE", "condition": "Reported", "timestamp": "22:41:35 CEST", "status": "NORMAL", "hasAnomaly": 0, "severity": "NONE"}}, {"type": "Feature", "geometry": {"type": "Point", "coordinates": [1.876959, 43.08856]}, "properties": {"id": "ATHER-FRW-0371", "name": "Mirepoix", "town": "Mirepoix, Ari\u00e8ge, France, Europe", "country": "Europe", "temperature": 20.0, "pressure": 1014.2, "humidity": 84, "windSpeed": 2.0, "windDirection": "SE", "condition": "Reported", "timestamp": "22:42:02 CEST", "status": "NORMAL", "hasAnomaly": 0, "severity": "NONE"}}, {"type": "Feature", "geometry": {"type": "Point", "coordinates": [2.729429, 43.147636]}, "properties": {"id": "ATHER-FRW-0372", "name": "Ferrals-les-Corbi\u00e8res", "town": "Ferrals-les-Corbi\u00e8res, Aude, France, Europe", "country": "Europe", "temperature": 20.0, "pressure": 1014.1, "humidity": 89, "windSpeed": 11.0, "windDirection": "N", "condition": "Reported", "timestamp": "22:39:47 CEST", "status": "NORMAL", "hasAnomaly": 0, "severity": "NONE"}}, {"type": "Feature", "geometry": {"type": "Point", "coordinates": [2.217338, 43.071858]}, "properties": {"id": "ATHER-FRW-0373", "name": "Limoux", "town": "Limoux, Aude, France, Europe", "country": "Europe", "temperature": 20.0, "pressure": 1016.0, "humidity": 88, "windSpeed": 3.0, "windDirection": "N", "condition": "Reported", "timestamp": "22:41:30 CEST", "status": "NORMAL", "hasAnomaly": 0, "severity": "NONE"}}, {"type": "Feature", "geometry": {"type": "Point", "coordinates": [2.15, 43.2]}, "properties": {"id": "ATHER-FRW-0374", "name": "Montr\u00e9al", "town": "Montr\u00e9al, Aude, France, Europe", "country": "Europe", "temperature": 20.0, "pressure": 1013.9, "humidity": 88, "windSpeed": 8.0, "windDirection": "S", "condition": "Partly Cloudy", "timestamp": "22:41:36 CEST", "status": "NORMAL", "hasAnomaly": 0, "severity": "NONE"}}, {"type": "Feature", "geometry": {"type": "Point", "coordinates": [2.978889, 43.196389]}, "properties": {"id": "ATHER-FRW-0375", "name": "Narbonne", "town": "Narbonne, Aude, France, Europe", "country": "Europe", "temperature": 22.0, "pressure": 1013.8, "humidity": 87, "windSpeed": 21.0, "windDirection": "NW", "condition": "Partly Cloudy", "timestamp": "22:41:36 CEST", "status": "NORMAL", "hasAnomaly": 0, "severity": "NONE"}}, {"type": "Feature", "geometry": {"type": "Point", "coordinates": [3.178, 43.9905]}, "properties": {"id": "ATHER-FRW-0376", "name": "L'Hospitalet-du-Larzac", "town": "L'Hospitalet-du-Larzac, Aveyron, France, Europe", "country": "Europe", "temperature": 20.0, "pressure": 1016.1, "humidity": 80, "windSpeed": 23.0, "windDirection": "E", "condition": "light Thunderstorm Rain", "timestamp": "22:42:03 CEST", "status": "NORMAL", "hasAnomaly": 0, "severity": "NONE"}}, {"type": "Feature", "geometry": {"type": "Point", "coordinates": [3.0608, 44.092]}, "properties": {"id": "ATHER-FRW-0377", "name": "Millau", "town": "Millau, Aveyron, France, Europe", "country": "Europe", "temperature": 23.0, "pressure": 1015.0, "humidity": 66, "windSpeed": 23.0, "windDirection": "W", "condition": "light Thunderstorm Rain", "timestamp": "22:42:04 CEST", "status": "NORMAL", "hasAnomaly": 0, "severity": "NONE"}}, {"type": "Feature", "geometry": {"type": "Point", "coordinates": [7.5422, 48.3381]}, "properties": {"id": "ATHER-FRW-0378", "name": "Kogenheim", "town": "Kogenheim, Bas-Rhin, France, Europe", "country": "Europe", "temperature": 20.0, "pressure": 1010.1, "humidity": 74, "windSpeed": 0.0, "windDirection": "S", "condition": "Clear", "timestamp": "22:41:28 CEST", "status": "NORMAL", "hasAnomaly": 0, "severity": "NONE"}}, {"type": "Feature", "geometry": {"type": "Point", "coordinates": [7.616929, 48.632326]}, "properties": {"id": "ATHER-FRW-0379", "name": "Offenheim", "town": "Offenheim, Bas-Rhin, France, Europe", "country": "Europe", "temperature": 19.0, "pressure": 1012.1, "humidity": 72, "windSpeed": 0.0, "windDirection": "N", "condition": "Clear", "timestamp": "22:41:59 CEST", "status": "NORMAL", "hasAnomaly": 0, "severity": "NONE"}}, {"type": "Feature", "geometry": {"type": "Point", "coordinates": [4.9611, 45.3806]}, "properties": {"id": "ATHER-ZEU-0380", "name": "Bellegarde-Poussieu", "town": "Bellegarde-Poussieu, France, Europe", "country": "Europe", "temperature": null, "pressure": null, "humidity": null, "windSpeed": null, "windDirection": null, "condition": "Offline", "timestamp": "Offline", "status": "OFFLINE", "hasAnomaly": 0, "severity": "NONE"}}, {"type": "Feature", "geometry": {"type": "Point", "coordinates": [2.435, 50.9692]}, "properties": {"id": "ATHER-ZEU-0381", "name": "Bergues", "town": "Bergues, France, Europe", "country": "Europe", "temperature": null, "pressure": null, "humidity": null, "windSpeed": null, "windDirection": null, "condition": "Offline", "timestamp": "Offline", "status": "OFFLINE", "hasAnomaly": 0, "severity": "NONE"}}, {"type": "Feature", "geometry": {"type": "Point", "coordinates": [2.94824, 50.3102]}, "properties": {"id": "ATHER-ZEU-0382", "name": "Biache-Saint-Vaast", "town": "Biache-Saint-Vaast, France, Europe", "country": "Europe", "temperature": null, "pressure": null, "humidity": null, "windSpeed": null, "windDirection": null, "condition": "Offline", "timestamp": "Offline", "status": "OFFLINE", "hasAnomaly": 0, "severity": "NONE"}}, {"type": "Feature", "geometry": {"type": "Point", "coordinates": [5.4782, 43.4958]}, "properties": {"id": "ATHER-FRW-0383", "name": "Meyreuil", "town": "Meyreuil, Bouches-du-Rh\u00f4ne, France, Europe", "country": "Europe", "temperature": 23.0, "pressure": 1016.7, "humidity": 85, "windSpeed": 2.0, "windDirection": "SSW", "condition": "Few Clouds", "timestamp": "22:42:03 CEST", "status": "NORMAL", "hasAnomaly": 0, "severity": "NONE"}}, {"type": "Feature", "geometry": {"type": "Point", "coordinates": [-0.200878, 49.278899]}, "properties": {"id": "ATHER-FRW-0384", "name": "Merville-Franceville-Plage", "town": "Merville-Franceville-Plage, Calvados, France, Europe", "country": "Europe", "temperature": 17.0, "pressure": 1009.1, "humidity": 94, "windSpeed": 0.0, "windDirection": "SSW", "condition": "Mostly Cloudy", "timestamp": "22:42:05 CEST", "status": "NORMAL", "hasAnomaly": 0, "severity": "NONE"}}, {"type": "Feature", "geometry": {"type": "Point", "coordinates": [2.252294, 44.702485]}, "properties": {"id": "ATHER-FRW-0385", "name": "Saint-Constant", "town": "Saint-Constant, Cantal, France, Europe", "country": "Europe", "temperature": 26.0, "pressure": 1011.4, "humidity": 56, "windSpeed": 18.0, "windDirection": "SSW", "condition": "Clear", "timestamp": "22:42:04 CEST", "status": "NORMAL", "hasAnomaly": 0, "severity": "NONE"}}, {"type": "Feature", "geometry": {"type": "Point", "coordinates": [-0.2129, 45.7158]}, "properties": {"id": "ATHER-FRW-0386", "name": "Chassors", "town": "Chassors, Charente, France, Europe", "country": "Europe", "temperature": 21.0, "pressure": 1014.0, "humidity": 81, "windSpeed": 0.0, "windDirection": "SW", "condition": "Clear", "timestamp": "22:41:28 CEST", "status": "NORMAL", "hasAnomaly": 0, "severity": "NONE"}}, {"type": "Feature", "geometry": {"type": "Point", "coordinates": [0.127872, 45.567012]}, "properties": {"id": "ATHER-FRW-0387", "name": "Mouthiers-sur-Bo\u00ebme", "town": "Mouthiers-sur-Bo\u00ebme, Charente, France, Europe", "country": "Europe", "temperature": 22.0, "pressure": 1013.1, "humidity": 69, "windSpeed": 5.0, "windDirection": "WNW", "condition": "Clear", "timestamp": "22:40:05 CEST", "status": "NORMAL", "hasAnomaly": 0, "severity": "NONE"}}, {"type": "Feature", "geometry": {"type": "Point", "coordinates": [-0.988, 45.583]}, "properties": {"id": "ATHER-FRW-0388", "name": "Saint-Georges-de-Didonne", "town": "Saint-Georges-de-Didonne, Charente-Maritime, France, Europe", "country": "Europe", "temperature": 21.0, "pressure": 1013.0, "humidity": 95, "windSpeed": 0.0, "windDirection": "N", "condition": "Overcast", "timestamp": "22:40:07 CEST", "status": "NORMAL", "hasAnomaly": 0, "severity": "NONE"}}, {"type": "Feature", "geometry": {"type": "Point", "coordinates": [-0.97348, 46.1424]}, "properties": {"id": "ATHER-FRW-0389", "name": "Saint-M\u00e9dard-d'Aunis", "town": "Saint-M\u00e9dard-d'Aunis, Charente-Maritime, France, Europe", "country": "Europe", "temperature": 21.0, "pressure": 1012.6, "humidity": 84, "windSpeed": 19.0, "windDirection": "WSW", "condition": "Overcast", "timestamp": "22:41:13 CEST", "status": "NORMAL", "hasAnomaly": 0, "severity": "NONE"}}, {"type": "Feature", "geometry": {"type": "Point", "coordinates": [-0.2008, 47.7155]}, "properties": {"id": "ATHER-ZEU-0390", "name": "Chassors", "town": "Chassors, France, Europe", "country": "Europe", "temperature": 21.0, "pressure": 1014.1, "humidity": 81, "windSpeed": 1.1, "windDirection": "WSW", "condition": "Clear", "timestamp": "22:39:28 CEST", "status": "NORMAL", "hasAnomaly": 0, "severity": "NONE"}}, {"type": "Feature", "geometry": {"type": "Point", "coordinates": [1.9322, 47.2572]}, "properties": {"id": "ATHER-FRW-0391", "name": "Th\u00e9nioux", "town": "Th\u00e9nioux, Cher, France, Europe", "country": "Europe", "temperature": 24.0, "pressure": 997.7, "humidity": 70, "windSpeed": 0.0, "windDirection": "SW", "condition": "Thunderstorm", "timestamp": "22:40:55 CEST", "status": "NORMAL", "hasAnomaly": 0, "severity": "NONE"}}, {"type": "Feature", "geometry": {"type": "Point", "coordinates": [1.3031, 45.4409]}, "properties": {"id": "ATHER-FRW-0392", "name": "S\u00e9gur-le-Ch\u00e2teau", "town": "S\u00e9gur-le-Ch\u00e2teau, Corr\u00e8ze, France, Europe", "country": "Europe", "temperature": 23.0, "pressure": 1011.6, "humidity": 72, "windSpeed": 4.0, "windDirection": "N", "condition": "Clear", "timestamp": "22:41:17 CEST", "status": "NORMAL", "hasAnomaly": 0, "severity": "NONE"}}, {"type": "Feature", "geometry": {"type": "Point", "coordinates": [5.110858, 47.515688]}, "properties": {"id": "ATHER-FRW-0393", "name": "Is-sur-Tille", "town": "Is-sur-Tille, C\u00f4te-d'Or, France, Europe", "country": "Europe", "temperature": 22.0, "pressure": 1010.7, "humidity": 45, "windSpeed": 0.0, "windDirection": "S", "condition": "Clear", "timestamp": "22:42:03 CEST", "status": "NORMAL", "hasAnomaly": 0, "severity": "NONE"}}, {"type": "Feature", "geometry": {"type": "Point", "coordinates": [5.1061, 47.3221]}, "properties": {"id": "ATHER-FRW-0394", "name": "Quetigny", "town": "Quetigny, C\u00f4te-d'Or, France, Europe", "country": "Europe", "temperature": 23.0, "pressure": 1010.7, "humidity": 41, "windSpeed": 4.0, "windDirection": "N", "condition": "Clear", "timestamp": "22:42:03 CEST", "status": "NORMAL", "hasAnomaly": 0, "severity": "NONE"}}, {"type": "Feature", "geometry": {"type": "Point", "coordinates": [4.807, 47.066]}, "properties": {"id": "ATHER-FRW-0395", "name": "Savigny-l\u00e8s-Beaune", "town": "Savigny-l\u00e8s-Beaune, C\u00f4te-d'Or, France, Europe", "country": "Europe", "temperature": 20.0, "pressure": 1011.9, "humidity": 71, "windSpeed": 3.0, "windDirection": "W", "condition": "Clear", "timestamp": "22:42:04 CEST", "status": "NORMAL", "hasAnomaly": 0, "severity": "NONE"}}, {"type": "Feature", "geometry": {"type": "Point", "coordinates": [-3.040833, 48.775833]}, "properties": {"id": "ATHER-FRW-0396", "name": "Paimpol", "town": "Paimpol, C\u00f4tes-d'Armor, France, Europe", "country": "Europe", "temperature": 18.0, "pressure": 1008.8, "humidity": 88, "windSpeed": 8.0, "windDirection": "W", "condition": "Overcast", "timestamp": "22:40:02 CEST", "status": "NORMAL", "hasAnomaly": 0, "severity": "NONE"}}, {"type": "Feature", "geometry": {"type": "Point", "coordinates": [-2.797958, 48.579939]}, "properties": {"id": "ATHER-FRW-0397", "name": "Pordic", "town": "Pordic, C\u00f4tes-d'Armor, France, Europe", "country": "Europe", "temperature": 18.0, "pressure": 1009.4, "humidity": 84, "windSpeed": 9.0, "windDirection": "W", "condition": "Overcast", "timestamp": "22:39:17 CEST", "status": "NORMAL", "hasAnomaly": 0, "severity": "NONE"}}, {"type": "Feature", "geometry": {"type": "Point", "coordinates": [-2.48, 48.51]}, "properties": {"id": "ATHER-FRW-0398", "name": "Saint-Aaron", "town": "Saint-Aaron, C\u00f4tes-d'Armor, France, Europe", "country": "Europe", "temperature": 18.0, "pressure": 1006.8, "humidity": 0, "windSpeed": 5.0, "windDirection": "WSW", "condition": "Overcast", "timestamp": "22:42:02 CEST", "status": "NORMAL", "hasAnomaly": 0, "severity": "NONE"}}, {"type": "Feature", "geometry": {"type": "Point", "coordinates": [-3.156, 48.629]}, "properties": {"id": "ATHER-FRW-0399", "name": "Squiffiec", "town": "Squiffiec, C\u00f4tes-d'Armor, France, Europe", "country": "Europe", "temperature": 17.0, "pressure": 1007.3, "humidity": 87, "windSpeed": 3.0, "windDirection": "SW", "condition": "Mostly Cloudy", "timestamp": "22:42:04 CEST", "status": "NORMAL", "hasAnomaly": 0, "severity": "NONE"}}, {"type": "Feature", "geometry": {"type": "Point", "coordinates": [-0.311, 46.32]}, "properties": {"id": "ATHER-FRW-0400", "name": "Fressines", "town": "Fressines, Deux-S\u00e8vres, France, Europe", "country": "Europe", "temperature": 21.0, "pressure": 1006.7, "humidity": 74, "windSpeed": 5.0, "windDirection": "SSW", "condition": "Clear", "timestamp": "22:42:03 CEST", "status": "NORMAL", "hasAnomaly": 0, "severity": "NONE"}}, {"type": "Feature", "geometry": {"type": "Point", "coordinates": [1.3654, 45.0419]}, "properties": {"id": "ATHER-FRW-0401", "name": "Jayac", "town": "Jayac, Dordogne, France, Europe", "country": "Europe", "temperature": 24.0, "pressure": 1012.3, "humidity": 69, "windSpeed": 5.0, "windDirection": "WNW", "condition": "Clear", "timestamp": "22:42:01 CEST", "status": "NORMAL", "hasAnomaly": 0, "severity": "NONE"}}, {"type": "Feature", "geometry": {"type": "Point", "coordinates": [0.366389, 45.035833]}, "properties": {"id": "ATHER-FRW-0402", "name": "Mussidan", "town": "Mussidan, Dordogne, France, Europe", "country": "Europe", "temperature": 22.0, "pressure": 1013.4, "humidity": 76, "windSpeed": 9.0, "windDirection": "WNW", "condition": "Thunderstorm Rain", "timestamp": "22:40:06 CEST", "status": "NORMAL", "hasAnomaly": 0, "severity": "NONE"}}, {"type": "Feature", "geometry": {"type": "Point", "coordinates": [0.666, 45.546]}, "properties": {"id": "ATHER-FRW-0403", "name": "Nontron", "town": "Nontron, Dordogne, France, Europe", "country": "Europe", "temperature": 22.0, "pressure": 1011.3, "humidity": 63, "windSpeed": 6.0, "windDirection": "W", "condition": "Clear", "timestamp": "22:36:42 CEST", "status": "NORMAL", "hasAnomaly": 0, "severity": "NONE"}}, {"type": "Feature", "geometry": {"type": "Point", "coordinates": [14.021548, 0.339666]}, "properties": {"id": "ATHER-FRW-0404", "name": "Saint M\u00e9dard de Mussidan", "town": "Saint M\u00e9dard de Mussidan, Dordogne, France, Europe", "country": "Europe", "temperature": 23.0, "pressure": 1012.2, "humidity": 75, "windSpeed": 6.0, "windDirection": "WSW", "condition": "Thunderstorm Rain", "timestamp": "22:41:49 CEST", "status": "NORMAL", "hasAnomaly": 0, "severity": "NONE"}}, {"type": "Feature", "geometry": {"type": "Point", "coordinates": [2.1627, 48.6866]}, "properties": {"id": "ATHER-FRW-0405", "name": "Bures-sur-Yvette", "town": "Bures-sur-Yvette, Essonne, France, Europe", "country": "Europe", "temperature": 0.0, "pressure": 0.0, "humidity": 0, "windSpeed": 0.0, "windDirection": "-", "condition": "Thunderstorm", "timestamp": "22:35:36 CEST", "status": "ANOMALY", "hasAnomaly": 1, "severity": "HIGH"}}, {"type": "Feature", "geometry": {"type": "Point", "coordinates": [1.1185, 49.0702]}, "properties": {"id": "ATHER-FRW-0406", "name": "Le Mesnil-Fuguet", "town": "Le Mesnil-Fuguet, Eure, France, Europe", "country": "Europe", "temperature": 19.0, "pressure": 1008.4, "humidity": 77, "windSpeed": 0.0, "windDirection": "SSE", "condition": "light Rain", "timestamp": "22:42:03 CEST", "status": "NORMAL", "hasAnomaly": 0, "severity": "NONE"}}, {"type": "Feature", "geometry": {"type": "Point", "coordinates": [0.947135, 49.303057]}, "properties": {"id": "ATHER-FRW-0407", "name": "Saint-Ouen-du-Tilleul", "town": "Saint-Ouen-du-Tilleul, Eure, France, Europe", "country": "Europe", "temperature": 18.0, "pressure": 1018.0, "humidity": 79, "windSpeed": 4.0, "windDirection": "NNE", "condition": "Thunderstorm", "timestamp": "22:38:04 CEST", "status": "NORMAL", "hasAnomaly": 0, "severity": "NONE"}}, {"type": "Feature", "geometry": {"type": "Point", "coordinates": [0.885556, 49.186667]}, "properties": {"id": "ATHER-FRW-0408", "name": "\u00c9p\u00e9gard", "town": "\u00c9p\u00e9gard, Eure, France, Europe", "country": "Europe", "temperature": 19.0, "pressure": 1009.0, "humidity": 82, "windSpeed": 5.0, "windDirection": "SW", "condition": "Thunderstorm", "timestamp": "22:40:50 CEST", "status": "NORMAL", "hasAnomaly": 0, "severity": "NONE"}}, {"type": "Feature", "geometry": {"type": "Point", "coordinates": [1.592138, 48.580888]}, "properties": {"id": "ATHER-FRW-0409", "name": "Maintenon", "town": "Maintenon, Eure-et-Loir, France, Europe", "country": "Europe", "temperature": 21.0, "pressure": 1008.8, "humidity": 75, "windSpeed": 0.0, "windDirection": "WNW", "condition": "Thunderstorm", "timestamp": "22:42:10 CEST", "status": "NORMAL", "hasAnomaly": 0, "severity": "NONE"}}, {"type": "Feature", "geometry": {"type": "Point", "coordinates": [1.450978, 48.4501376]}, "properties": {"id": "ATHER-FRW-0410", "name": "Mainvilliers", "town": "Mainvilliers, Eure-et-Loir, France, Europe", "country": "Europe", "temperature": 21.0, "pressure": 1010.4, "humidity": 71, "windSpeed": 0.0, "windDirection": "NE", "condition": "Clear", "timestamp": "22:41:14 CEST", "status": "NORMAL", "hasAnomaly": 0, "severity": "NONE"}}, {"type": "Feature", "geometry": {"type": "Point", "coordinates": [-4.264082, 48.367077]}, "properties": {"id": "ATHER-FRW-0411", "name": "Daoulas", "town": "Daoulas, Finist\u00e8re, France, Europe", "country": "Europe", "temperature": 17.0, "pressure": 1009.6, "humidity": 90, "windSpeed": 8.0, "windDirection": "SE", "condition": "light Rain", "timestamp": "22:42:09 CEST", "status": "NORMAL", "hasAnomaly": 0, "severity": "NONE"}}, {"type": "Feature", "geometry": {"type": "Point", "coordinates": [-4.538333, 48.627222]}, "properties": {"id": "ATHER-FRW-0412", "name": "Plouguerneau", "town": "Plouguerneau, Finist\u00e8re, France, Europe", "country": "Europe", "temperature": 16.0, "pressure": 1008.5, "humidity": 92, "windSpeed": 8.0, "windDirection": "WSW", "condition": "light Rain", "timestamp": "22:37:27 CEST", "status": "NORMAL", "hasAnomaly": 0, "severity": "NONE"}}, {"type": "Feature", "geometry": {"type": "Point", "coordinates": [0.38, 49.7583]}, "properties": {"id": "ATHER-ZEU-0413", "name": "F\u00c3\u00a9camp", "town": "F\u00c3\u00a9camp, France, Europe", "country": "Europe", "temperature": 18.0, "pressure": 1007.5, "humidity": 89, "windSpeed": 8.6, "windDirection": "SSW", "condition": "Cloudy", "timestamp": "22:40:03 CEST", "status": "NORMAL", "hasAnomaly": 0, "severity": "NONE"}}, {"type": "Feature", "geometry": {"type": "Point", "coordinates": [4.112848, 44.107092]}, "properties": {"id": "ATHER-FRW-0414", "name": "Al\u00e8s", "town": "Al\u00e8s, Gard, France, Europe", "country": "Europe", "temperature": 25.0, "pressure": 1013.8, "humidity": 84, "windSpeed": 5.0, "windDirection": "SSE", "condition": "Overcast", "timestamp": "22:42:02 CEST", "status": "NORMAL", "hasAnomaly": 0, "severity": "NONE"}}, {"type": "Feature", "geometry": {"type": "Point", "coordinates": [4.318749, 43.828542]}, "properties": {"id": "ATHER-FRW-0415", "name": "N\u00eemes", "town": "N\u00eemes, Gard, France, Europe", "country": "Europe", "temperature": 26.0, "pressure": 1015.5, "humidity": 82, "windSpeed": 8.0, "windDirection": "SSE", "condition": "Overcast", "timestamp": "22:41:51 CEST", "status": "NORMAL", "hasAnomaly": 0, "severity": "NONE"}}, {"type": "Feature", "geometry": {"type": "Point", "coordinates": [-0.663114, 44.767849]}, "properties": {"id": "ATHER-FRW-0416", "name": "Can\u00e9jan", "town": "Can\u00e9jan, Gironde, France, Europe", "country": "Europe", "temperature": 22.0, "pressure": 1013.4, "humidity": 81, "windSpeed": 1.0, "windDirection": "NNW", "condition": "Clear", "timestamp": "22:40:28 CEST", "status": "NORMAL", "hasAnomaly": 0, "severity": "NONE"}}, {"type": "Feature", "geometry": {"type": "Point", "coordinates": [7.3556, 48.0817]}, "properties": {"id": "ATHER-FRW-0417", "name": "Colmar", "town": "Colmar, Haut-Rhin, France, Europe", "country": "Europe", "temperature": null, "pressure": null, "humidity": null, "windSpeed": null, "windDirection": null, "condition": "Offline", "timestamp": "Offline", "status": "OFFLINE", "hasAnomaly": 0, "severity": "NONE"}}, {"type": "Feature", "geometry": {"type": "Point", "coordinates": [6.988, 47.883]}, "properties": {"id": "ATHER-FRW-0418", "name": "Husseren-Wesserling", "town": "Husseren-Wesserling, Haut-Rhin, France, Europe", "country": "Europe", "temperature": 19.0, "pressure": 1011.2, "humidity": 54, "windSpeed": 3.0, "windDirection": "W", "condition": "Clear", "timestamp": "22:42:06 CEST", "status": "NORMAL", "hasAnomaly": 0, "severity": "NONE"}}, {"type": "Feature", "geometry": {"type": "Point", "coordinates": [1.14968, 43.34309]}, "properties": {"id": "ATHER-FRW-0419", "name": "Bois-de-la-Pierre", "town": "Bois-de-la-Pierre, Haute-Garonne, France, Europe", "country": "Europe", "temperature": 19.0, "pressure": 1012.8, "humidity": 92, "windSpeed": 2.0, "windDirection": "ESE", "condition": "Reported", "timestamp": "22:42:03 CEST", "status": "NORMAL", "hasAnomaly": 0, "severity": "NONE"}}, {"type": "Feature", "geometry": {"type": "Point", "coordinates": [1.712, 43.604]}, "properties": {"id": "ATHER-FRW-0420", "name": "Bourg-Saint-Bernard", "town": "Bourg-Saint-Bernard, Haute-Garonne, France, Europe", "country": "Europe", "temperature": 19.0, "pressure": 1014.0, "humidity": 79, "windSpeed": 3.0, "windDirection": "SSE", "condition": "Reported", "timestamp": "22:41:38 CEST", "status": "NORMAL", "hasAnomaly": 0, "severity": "NONE"}}, {"type": "Feature", "geometry": {"type": "Point", "coordinates": [1.1833, 43.558]}, "properties": {"id": "ATHER-FRW-0421", "name": "Fontenilles", "town": "Fontenilles, Haute-Garonne, France, Europe", "country": "Europe", "temperature": 21.0, "pressure": 1014.0, "humidity": 64, "windSpeed": 14.0, "windDirection": "SSE", "condition": "Reported", "timestamp": "22:42:03 CEST", "status": "NORMAL", "hasAnomaly": 0, "severity": "NONE"}}, {"type": "Feature", "geometry": {"type": "Point", "coordinates": [1.33679, 43.515016]}, "properties": {"id": "ATHER-FRW-0422", "name": "Frouzins", "town": "Frouzins, Haute-Garonne, France, Europe", "country": "Europe", "temperature": 20.0, "pressure": 1013.4, "humidity": 86, "windSpeed": 0.0, "windDirection": "SW", "condition": "Reported", "timestamp": "22:42:02 CEST", "status": "NORMAL", "hasAnomaly": 0, "severity": "NONE"}}, {"type": "Feature", "geometry": {"type": "Point", "coordinates": [1.582123, 43.255811]}, "properties": {"id": "ATHER-FRW-0423", "name": "Revel", "town": "Revel, Haute-Garonne, France, Europe", "country": "Europe", "temperature": 19.0, "pressure": 1012.8, "humidity": 86, "windSpeed": 9.0, "windDirection": "SE", "condition": "heavy Thunderstorm Rain", "timestamp": "22:42:07 CEST", "status": "NORMAL", "hasAnomaly": 0, "severity": "NONE"}}, {"type": "Feature", "geometry": {"type": "Point", "coordinates": [3.7592, 44.8469]}, "properties": {"id": "ATHER-FRW-0424", "name": "Saint-Haon", "town": "Saint-Haon, Haute-Loire, France, Europe", "country": "Europe", "temperature": 19.0, "pressure": 1012.9, "humidity": 86, "windSpeed": 3.0, "windDirection": "SSE", "condition": "light Thunderstorm Rain", "timestamp": "22:24:24 CEST", "status": "NORMAL", "hasAnomaly": 0, "severity": "NONE"}}, {"type": "Feature", "geometry": {"type": "Point", "coordinates": [6.076, 46.0623]}, "properties": {"id": "ATHER-FRW-0425", "name": "Andilly", "town": "Andilly, Haute-Savoie, France, Europe", "country": "Europe", "temperature": 22.0, "pressure": 1015.1, "humidity": 47, "windSpeed": 0.0, "windDirection": "ESE", "condition": "Clear", "timestamp": "22:42:04 CEST", "status": "NORMAL", "hasAnomaly": 0, "severity": "NONE"}}, {"type": "Feature", "geometry": {"type": "Point", "coordinates": [6.374722, 46.333056]}, "properties": {"id": "ATHER-FRW-0426", "name": "Sciez", "town": "Sciez, Haute-Savoie, France, Europe", "country": "Europe", "temperature": 18.0, "pressure": 1012.0, "humidity": 80, "windSpeed": 0.0, "windDirection": "SW", "condition": "Clear", "timestamp": "22:42:14 CEST", "status": "NORMAL", "hasAnomaly": 0, "severity": "NONE"}}, {"type": "Feature", "geometry": {"type": "Point", "coordinates": [1.28, 45.819]}, "properties": {"id": "ATHER-FRW-0427", "name": "Limoges", "town": "Limoges, Haute-Vienne, France, Europe", "country": "Europe", "temperature": 24.0, "pressure": 1010.7, "humidity": 70, "windSpeed": 2.0, "windDirection": "WSW", "condition": "Clear", "timestamp": "22:30:14 CEST", "status": "NORMAL", "hasAnomaly": 0, "severity": "NONE"}}, {"type": "Feature", "geometry": {"type": "Point", "coordinates": [6.866667, 44.7]}, "properties": {"id": "ATHER-FRW-0428", "name": "Saint-V\u00e9ran", "town": "Saint-V\u00e9ran, Hautes-Alpes, France, Europe", "country": "Europe", "temperature": 12.0, "pressure": 1014.6, "humidity": 66, "windSpeed": 0.0, "windDirection": "WSW", "condition": "Few Clouds", "timestamp": "22:38:56 CEST", "status": "NORMAL", "hasAnomaly": 0, "severity": "NONE"}}, {"type": "Feature", "geometry": {"type": "Point", "coordinates": [6.62, 44.89]}, "properties": {"id": "ATHER-FRW-0429", "name": "Serre Chevalier", "town": "Serre Chevalier, Hautes-Alpes, France, Europe", "country": "Europe", "temperature": 16.0, "pressure": 1013.8, "humidity": 74, "windSpeed": 0.0, "windDirection": "E", "condition": "Clear", "timestamp": "22:40:59 CEST", "status": "NORMAL", "hasAnomaly": 0, "severity": "NONE"}}, {"type": "Feature", "geometry": {"type": "Point", "coordinates": [2.277, 48.812]}, "properties": {"id": "ATHER-FRW-0430", "name": "Clamart", "town": "Clamart, Hauts-de-Seine, France, Europe", "country": "Europe", "temperature": 24.0, "pressure": 1008.1, "humidity": 56, "windSpeed": 0.0, "windDirection": "NE", "condition": "Overcast", "timestamp": "22:42:08 CEST", "status": "NORMAL", "hasAnomaly": 0, "severity": "NONE"}}, {"type": "Feature", "geometry": {"type": "Point", "coordinates": [3.209566, 43.330826]}, "properties": {"id": "ATHER-FRW-0431", "name": "B\u00e9ziers", "town": "B\u00e9ziers, H\u00e9rault, France, Europe", "country": "Europe", "temperature": 26.0, "pressure": 1013.3, "humidity": 87, "windSpeed": 3.0, "windDirection": "E", "condition": "Clear", "timestamp": "22:40:11 CEST", "status": "NORMAL", "hasAnomaly": 0, "severity": "NONE"}}, {"type": "Feature", "geometry": {"type": "Point", "coordinates": [3.0167, 43.3667]}, "properties": {"id": "ATHER-FRW-0432", "name": "Creissan", "town": "Creissan, H\u00e9rault, France, Europe", "country": "Europe", "temperature": 22.0, "pressure": 1016.3, "humidity": 79, "windSpeed": 28.0, "windDirection": "NW", "condition": "Overcast", "timestamp": "22:36:11 CEST", "status": "NORMAL", "hasAnomaly": 0, "severity": "NONE"}}, {"type": "Feature", "geometry": {"type": "Point", "coordinates": [3.2687, 43.2701]}, "properties": {"id": "ATHER-FRW-0433", "name": "S\u00e9rignan", "town": "S\u00e9rignan, H\u00e9rault, France, Europe", "country": "Europe", "temperature": 25.0, "pressure": 1013.5, "humidity": 92, "windSpeed": 21.0, "windDirection": "SSE", "condition": "Overcast", "timestamp": "22:39:59 CEST", "status": "NORMAL", "hasAnomaly": 0, "severity": "NONE"}}, {"type": "Feature", "geometry": {"type": "Point", "coordinates": [-1.788, 48.052]}, "properties": {"id": "ATHER-FRW-0434", "name": "Chavagne", "town": "Chavagne, Ille-et-Vilaine, France, Europe", "country": "Europe", "temperature": 18.0, "pressure": 1008.9, "humidity": 100, "windSpeed": 1.0, "windDirection": "SW", "condition": "Overcast", "timestamp": "22:42:07 CEST", "status": "NORMAL", "hasAnomaly": 0, "severity": "NONE"}}, {"type": "Feature", "geometry": {"type": "Point", "coordinates": [-1.745, 47.969]}, "properties": {"id": "ATHER-FRW-0435", "name": "Laill\u00e9", "town": "Laill\u00e9, Ille-et-Vilaine, France, Europe", "country": "Europe", "temperature": 17.0, "pressure": 1008.9, "humidity": 96, "windSpeed": 0.0, "windDirection": "WSW", "condition": "Overcast", "timestamp": "22:40:38 CEST", "status": "NORMAL", "hasAnomaly": 0, "severity": "NONE"}}, {"type": "Feature", "geometry": {"type": "Point", "coordinates": [0.451237, 47.454176]}, "properties": {"id": "ATHER-FRW-0436", "name": "Ambillou", "town": "Ambillou, Indre-et-Loire, France, Europe", "country": "Europe", "temperature": 22.0, "pressure": 1008.9, "humidity": 73, "windSpeed": 0.0, "windDirection": "N", "condition": "Thunderstorm", "timestamp": "22:42:06 CEST", "status": "NORMAL", "hasAnomaly": 0, "severity": "NONE"}}, {"type": "Feature", "geometry": {"type": "Point", "coordinates": [0.786794, 47.49691]}, "properties": {"id": "ATHER-FRW-0437", "name": "Monnaie", "town": "Monnaie, Indre-et-Loire, France, Europe", "country": "Europe", "temperature": 20.0, "pressure": 1000.0, "humidity": 78, "windSpeed": 1.0, "windDirection": "SSW", "condition": "Thunderstorm", "timestamp": "22:39:57 CEST", "status": "NORMAL", "hasAnomaly": 0, "severity": "NONE"}}, {"type": "Feature", "geometry": {"type": "Point", "coordinates": [3.13242, 45.3243]}, "properties": {"id": "ATHER-ZEU-0438", "name": "Issoire", "town": "Issoire, France, Europe", "country": "Europe", "temperature": null, "pressure": null, "humidity": null, "windSpeed": null, "windDirection": null, "condition": "Offline", "timestamp": "Offline", "status": "OFFLINE", "hasAnomaly": 0, "severity": "NONE"}}, {"type": "Feature", "geometry": {"type": "Point", "coordinates": [5.469183772, 45.681130288]}, "properties": {"id": "ATHER-FRW-0439", "name": "Morestel", "town": "Morestel, Is\u00e8re, France, Europe", "country": "Europe", "temperature": 26.0, "pressure": 1013.7, "humidity": 53, "windSpeed": 0.0, "windDirection": "CALM", "condition": "Clear", "timestamp": "22:41:55 CEST", "status": "NORMAL", "hasAnomaly": 0, "severity": "NONE"}}, {"type": "Feature", "geometry": {"type": "Point", "coordinates": [5.2631, 45.1897]}, "properties": {"id": "ATHER-FRW-0440", "name": "Saint-Appolinard", "town": "Saint-Appolinard, Is\u00e8re, France, Europe", "country": "Europe", "temperature": 23.0, "pressure": 1013.0, "humidity": 79, "windSpeed": 19.0, "windDirection": "WSW", "condition": "Clear", "timestamp": "22:42:15 CEST", "status": "NORMAL", "hasAnomaly": 0, "severity": "NONE"}}, {"type": "Feature", "geometry": {"type": "Point", "coordinates": [5.550772, 45.620524]}, "properties": {"id": "ATHER-FRW-0441", "name": "Veyrins-Thuellin", "town": "Veyrins-Thuellin, Is\u00e8re, France, Europe", "country": "Europe", "temperature": 21.0, "pressure": 1016.4, "humidity": 75, "windSpeed": 0.0, "windDirection": "WSW", "condition": "Clear", "timestamp": "22:40:34 CEST", "status": "NORMAL", "hasAnomaly": 0, "severity": "NONE"}}, {"type": "Feature", "geometry": {"type": "Point", "coordinates": [0.3667, 46.6833]}, "properties": {"id": "ATHER-ZEU-0442", "name": "Jaunay-Clan", "town": "Jaunay-Clan, France, Europe", "country": "Europe", "temperature": null, "pressure": null, "humidity": null, "windSpeed": null, "windDirection": null, "condition": "Offline", "timestamp": "Offline", "status": "OFFLINE", "hasAnomaly": 0, "severity": "NONE"}}, {"type": "Feature", "geometry": {"type": "Point", "coordinates": [5.774, 46.911]}, "properties": {"id": "ATHER-FRW-0443", "name": "Arbois", "town": "Arbois, Jura, France, Europe", "country": "Europe", "temperature": 25.0, "pressure": 1010.6, "humidity": 45, "windSpeed": 6.0, "windDirection": "ESE", "condition": "Clear", "timestamp": "22:42:03 CEST", "status": "NORMAL", "hasAnomaly": 0, "severity": "NONE"}}, {"type": "Feature", "geometry": {"type": "Point", "coordinates": [2.71881, 48.8755]}, "properties": {"id": "ATHER-ZEU-0444", "name": "Lagny-sur-Marne", "town": "Lagny-sur-Marne, France, Europe", "country": "Europe", "temperature": 24.0, "pressure": 1007.6, "humidity": 50, "windSpeed": 0.0, "windDirection": "N", "condition": "nt_rain2", "timestamp": "22:40:14 CEST", "status": "NORMAL", "hasAnomaly": 0, "severity": "NONE"}}, {"type": "Feature", "geometry": {"type": "Point", "coordinates": [-1.745, 47.969]}, "properties": {"id": "ATHER-ZEU-0445", "name": "Laill\u00c3\u00a9", "town": "Laill\u00c3\u00a9, France, Europe", "country": "Europe", "temperature": 17.0, "pressure": 1008.7, "humidity": 96, "windSpeed": 20.9, "windDirection": "0", "condition": "Clear", "timestamp": "22:35:38 CEST", "status": "NORMAL", "hasAnomaly": 0, "severity": "NONE"}}, {"type": "Feature", "geometry": {"type": "Point", "coordinates": [-0.4291, 43.7773]}, "properties": {"id": "ATHER-FRW-0446", "name": "Grenade-sur-l'Adour", "town": "Grenade-sur-l'Adour, Landes, France, Europe", "country": "Europe", "temperature": 22.0, "pressure": 1012.4, "humidity": 83, "windSpeed": 6.0, "windDirection": "WNW", "condition": "Nearby Thunderstorm", "timestamp": "22:42:03 CEST", "status": "NORMAL", "hasAnomaly": 0, "severity": "NONE"}}, {"type": "Feature", "geometry": {"type": "Point", "coordinates": [-0.711896, 43.788887]}, "properties": {"id": "ATHER-FRW-0447", "name": "Souprosse", "town": "Souprosse, Landes, France, Europe", "country": "Europe", "temperature": 23.0, "pressure": 1011.7, "humidity": 79, "windSpeed": 6.0, "windDirection": "WSW", "condition": "Nearby Thunderstorm", "timestamp": "22:42:03 CEST", "status": "NORMAL", "hasAnomaly": 0, "severity": "NONE"}}, {"type": "Feature", "geometry": {"type": "Point", "coordinates": [-1.4031, 43.7872]}, "properties": {"id": "ATHER-FRW-0448", "name": "Vieux-Boucau", "town": "Vieux-Boucau, Landes, France, Europe", "country": "Europe", "temperature": 22.0, "pressure": 1016.0, "humidity": 84, "windSpeed": 1.0, "windDirection": "SSW", "condition": "Clear", "timestamp": "22:42:00 CEST", "status": "NORMAL", "hasAnomaly": 0, "severity": "NONE"}}, {"type": "Feature", "geometry": {"type": "Point", "coordinates": [-3.17001, 47.3441]}, "properties": {"id": "ATHER-ZEU-0449", "name": "Le Palais", "town": "Le Palais, France, Europe", "country": "Europe", "temperature": 17.0, "pressure": 1010.9, "humidity": 91, "windSpeed": 3.2, "windDirection": "SE", "condition": "Clear", "timestamp": "22:39:01 CEST", "status": "NORMAL", "hasAnomaly": 0, "severity": "NONE"}}, {"type": "Feature", "geometry": {"type": "Point", "coordinates": [4.010281, 45.416134]}, "properties": {"id": "ATHER-FRW-0450", "name": "Estivareilles", "town": "Estivareilles, Loire, France, Europe", "country": "Europe", "temperature": 18.0, "pressure": 1014.0, "humidity": 87, "windSpeed": 5.0, "windDirection": "W", "condition": "Clear", "timestamp": "22:41:19 CEST", "status": "ANOMALY", "hasAnomaly": 1, "severity": "HIGH"}}, {"type": "Feature", "geometry": {"type": "Point", "coordinates": [4.5156449, 45.4644032]}, "properties": {"id": "ATHER-FRW-0451", "name": "Saint-Chamond", "town": "Saint-Chamond, Loire, France, Europe", "country": "Europe", "temperature": 26.0, "pressure": 1009.6, "humidity": 55, "windSpeed": 6.0, "windDirection": "W", "condition": "light Thunderstorm Rain", "timestamp": "22:42:15 CEST", "status": "NORMAL", "hasAnomaly": 0, "severity": "NONE"}}, {"type": "Feature", "geometry": {"type": "Point", "coordinates": [-1.255, 47.185]}, "properties": {"id": "ATHER-FRW-0452", "name": "Carquefou", "town": "Carquefou, Loire-Atlantique, France, Europe", "country": "Europe", "temperature": 18.0, "pressure": 1005.0, "humidity": 76, "windSpeed": 15.0, "windDirection": "WSW", "condition": "Heavy Rain", "timestamp": "22:42:17 CEST", "status": "NORMAL", "hasAnomaly": 0, "severity": "NONE"}}, {"type": "Feature", "geometry": {"type": "Point", "coordinates": [-2.1598, 47.23586]}, "properties": {"id": "ATHER-FRW-0453", "name": "Saint-Brevin-les-Pins", "town": "Saint-Brevin-les-Pins, Loire-Atlantique, France, Europe", "country": "Europe", "temperature": 18.0, "pressure": 1010.6, "humidity": 97, "windSpeed": 3.0, "windDirection": "W", "condition": "Overcast", "timestamp": "22:42:17 CEST", "status": "NORMAL", "hasAnomaly": 0, "severity": "NONE"}}, {"type": "Feature", "geometry": {"type": "Point", "coordinates": [-1.535, 47.35]}, "properties": {"id": "ATHER-FRW-0454", "name": "Suc\u00e9-sur-Erdre", "town": "Suc\u00e9-sur-Erdre, Loire-Atlantique, France, Europe", "country": "Europe", "temperature": 19.0, "pressure": 1010.0, "humidity": 86, "windSpeed": 5.0, "windDirection": "NNE", "condition": "Overcast", "timestamp": "22:42:03 CEST", "status": "NORMAL", "hasAnomaly": 0, "severity": "NONE"}}, {"type": "Feature", "geometry": {"type": "Point", "coordinates": [2.443611, 47.99]}, "properties": {"id": "ATHER-FRW-0455", "name": "Bellegarde", "town": "Bellegarde, Loiret, France, Europe", "country": "Europe", "temperature": 25.0, "pressure": 1008.9, "humidity": 57, "windSpeed": 7.0, "windDirection": "NW", "condition": "Clear", "timestamp": "22:33:40 CEST", "status": "NORMAL", "hasAnomaly": 0, "severity": "NONE"}}, {"type": "Feature", "geometry": {"type": "Point", "coordinates": [3.0458, 48.0017]}, "properties": {"id": "ATHER-FRW-0456", "name": "Courtenay", "town": "Courtenay, Loiret, France, Europe", "country": "Europe", "temperature": 21.0, "pressure": 1007.9, "humidity": 62, "windSpeed": 0.0, "windDirection": "N", "condition": "Thunderstorm", "timestamp": "22:41:37 CEST", "status": "NORMAL", "hasAnomaly": 0, "severity": "NONE"}}, {"type": "Feature", "geometry": {"type": "Point", "coordinates": [1.558174, 44.925027]}, "properties": {"id": "ATHER-FRW-0457", "name": "Baladou", "town": "Baladou, Lot, France, Europe", "country": "Europe", "temperature": 26.0, "pressure": 1013.3, "humidity": 59, "windSpeed": 3.0, "windDirection": "SE", "condition": "Clear", "timestamp": "22:38:15 CEST", "status": "NORMAL", "hasAnomaly": 0, "severity": "NONE"}}, {"type": "Feature", "geometry": {"type": "Point", "coordinates": [1.91, 42.98]}, "properties": {"id": "ATHER-ZEU-0458", "name": "L\u00c3\u00a9ran", "town": "L\u00c3\u00a9ran, France, Europe", "country": "Europe", "temperature": null, "pressure": null, "humidity": null, "windSpeed": null, "windDirection": null, "condition": "Offline", "timestamp": "Offline", "status": "OFFLINE", "hasAnomaly": 0, "severity": "NONE"}}, {"type": "Feature", "geometry": {"type": "Point", "coordinates": [-1.3, 49.28]}, "properties": {"id": "ATHER-FRW-0459", "name": "Meautis", "town": "Meautis, Manche, France, Europe", "country": "Europe", "temperature": 17.0, "pressure": 1009.0, "humidity": 98, "windSpeed": 6.0, "windDirection": "SSW", "condition": "Partly Cloudy", "timestamp": "22:40:46 CEST", "status": "NORMAL", "hasAnomaly": 0, "severity": "NONE"}}, {"type": "Feature", "geometry": {"type": "Point", "coordinates": [5.1325, 47.52]}, "properties": {"id": "ATHER-ZEU-0460", "name": "Marcilly-sur-Tille", "town": "Marcilly-sur-Tille, France, Europe", "country": "Europe", "temperature": null, "pressure": null, "humidity": null, "windSpeed": null, "windDirection": null, "condition": "Offline", "timestamp": "Offline", "status": "OFFLINE", "hasAnomaly": 0, "severity": "NONE"}}, {"type": "Feature", "geometry": {"type": "Point", "coordinates": [4.41, 48.886]}, "properties": {"id": "ATHER-FRW-0461", "name": "Mairy-Sur-Marne", "town": "Mairy-Sur-Marne, Marne, France, Europe", "country": "Europe", "temperature": 20.0, "pressure": 1009.8, "humidity": 63, "windSpeed": 1.0, "windDirection": "SW", "condition": "Clear", "timestamp": "22:42:05 CEST", "status": "NORMAL", "hasAnomaly": 0, "severity": "NONE"}}, {"type": "Feature", "geometry": {"type": "Point", "coordinates": [5.85, 49.166667]}, "properties": {"id": "ATHER-FRW-0462", "name": "Conflans-en-Jarnisy", "town": "Conflans-en-Jarnisy, Meurthe-et-Moselle, France, Europe", "country": "Europe", "temperature": 18.0, "pressure": 1009.8, "humidity": 69, "windSpeed": 0.0, "windDirection": "SSE", "condition": "Clear", "timestamp": "22:38:04 CEST", "status": "NORMAL", "hasAnomaly": 0, "severity": "NONE"}}, {"type": "Feature", "geometry": {"type": "Point", "coordinates": [6.205422, 48.652332]}, "properties": {"id": "ATHER-FRW-0463", "name": "Heillecourt", "town": "Heillecourt, Meurthe-et-Moselle, France, Europe", "country": "Europe", "temperature": 18.0, "pressure": 1009.6, "humidity": 79, "windSpeed": 0.0, "windDirection": "SSW", "condition": "Clear", "timestamp": "22:42:18 CEST", "status": "NORMAL", "hasAnomaly": 0, "severity": "NONE"}}, {"type": "Feature", "geometry": {"type": "Point", "coordinates": [5.86917, 49.15491]}, "properties": {"id": "ATHER-FRW-0464", "name": "Jarny", "town": "Jarny, Meurthe-et-Moselle, France, Europe", "country": "Europe", "temperature": 20.0, "pressure": 1011.2, "humidity": 65, "windSpeed": 0.0, "windDirection": "S", "condition": "Clear", "timestamp": "22:41:04 CEST", "status": "NORMAL", "hasAnomaly": 0, "severity": "NONE"}}, {"type": "Feature", "geometry": {"type": "Point", "coordinates": [5.893234, 48.695859]}, "properties": {"id": "ATHER-FRW-0465", "name": "Toul", "town": "Toul, Meurthe-et-Moselle, France, Europe", "country": "Europe", "temperature": 19.0, "pressure": 1009.7, "humidity": 68, "windSpeed": 1.0, "windDirection": "SW", "condition": "Clear", "timestamp": "22:42:23 CEST", "status": "NORMAL", "hasAnomaly": 0, "severity": "NONE"}}, {"type": "Feature", "geometry": {"type": "Point", "coordinates": [5.17667, 48.76861]}, "properties": {"id": "ATHER-FRW-0466", "name": "Bar-le-Duc", "town": "Bar-le-Duc, Meuse, France, Europe", "country": "Europe", "temperature": 19.0, "pressure": 1009.6, "humidity": 70, "windSpeed": 0.0, "windDirection": "ESE", "condition": "Partly Cloudy", "timestamp": "22:41:01 CEST", "status": "NORMAL", "hasAnomaly": 0, "severity": "NONE"}}, {"type": "Feature", "geometry": {"type": "Point", "coordinates": [7.356, 47.912]}, "properties": {"id": "ATHER-ZEU-0467", "name": "Meyenheim", "town": "Meyenheim, Alsace, France, Europe", "country": "Europe", "temperature": 20.0, "pressure": 1012.1, "humidity": 61, "windSpeed": 1.4, "windDirection": "S", "condition": "Partly Cloudy", "timestamp": "22:39:25 CEST", "status": "NORMAL", "hasAnomaly": 0, "severity": "NONE"}}, {"type": "Feature", "geometry": {"type": "Point", "coordinates": [-2.712222, 47.577776]}, "properties": {"id": "ATHER-FRW-0468", "name": "Saint-Armel", "town": "Saint-Armel, Morbihan, France, Europe", "country": "Europe", "temperature": 18.0, "pressure": 1010.0, "humidity": 91, "windSpeed": 7.0, "windDirection": "WSW", "condition": "Mostly Cloudy", "timestamp": "22:41:58 CEST", "status": "NORMAL", "hasAnomaly": 0, "severity": "NONE"}}, {"type": "Feature", "geometry": {"type": "Point", "coordinates": [6.223333, 49.216667]}, "properties": {"id": "ATHER-FRW-0469", "name": "Ennery", "town": "Ennery, Moselle, France, Europe", "country": "Europe", "temperature": 20.0, "pressure": 1012.2, "humidity": 58, "windSpeed": 0.0, "windDirection": "ESE", "condition": "Clear", "timestamp": "22:40:11 CEST", "status": "NORMAL", "hasAnomaly": 0, "severity": "NONE"}}, {"type": "Feature", "geometry": {"type": "Point", "coordinates": [6.967383, 49.162956]}, "properties": {"id": "ATHER-FRW-0470", "name": "Kerbach", "town": "Kerbach, Moselle, France, Europe", "country": "Europe", "temperature": -5573.0, "pressure": 1011.1, "humidity": null, "windSpeed": null, "windDirection": "CALM", "condition": "Clear", "timestamp": "22:42:01 CEST", "status": "ANOMALY", "hasAnomaly": 1, "severity": "HIGH"}}, {"type": "Feature", "geometry": {"type": "Point", "coordinates": [5.991, 49.098]}, "properties": {"id": "ATHER-FRW-0471", "name": "Rezonville", "town": "Rezonville, Moselle, France, Europe", "country": "Europe", "temperature": 18.0, "pressure": 1010.1, "humidity": 63, "windSpeed": 0.0, "windDirection": "WSW", "condition": "Clear", "timestamp": "22:41:12 CEST", "status": "NORMAL", "hasAnomaly": 0, "severity": "NONE"}}, {"type": "Feature", "geometry": {"type": "Point", "coordinates": [6.092433, 49.316362]}, "properties": {"id": "ATHER-FRW-0472", "name": "Ser\u00e9mange-Erzange", "town": "Ser\u00e9mange-Erzange, Moselle, France, Europe", "country": "Europe", "temperature": 19.0, "pressure": 1010.7, "humidity": 69, "windSpeed": 0.0, "windDirection": "SW", "condition": "Clear", "timestamp": "22:41:37 CEST", "status": "NORMAL", "hasAnomaly": 0, "severity": "NONE"}}, {"type": "Feature", "geometry": {"type": "Point", "coordinates": [6.11667, 49.299999]}, "properties": {"id": "ATHER-FRW-0473", "name": "Ser\u00e9mange-Erzange-Fameck", "town": "Ser\u00e9mange-Erzange-Fameck, Moselle, France, Europe", "country": "Europe", "temperature": 19.0, "pressure": 1009.7, "humidity": 68, "windSpeed": 0.0, "windDirection": "S", "condition": "Clear", "timestamp": "22:42:07 CEST", "status": "NORMAL", "hasAnomaly": 0, "severity": "NONE"}}, {"type": "Feature", "geometry": {"type": "Point", "coordinates": [3.0, 49.65]}, "properties": {"id": "ATHER-ZEU-0474", "name": "Muirancourt", "town": "Muirancourt, France, Europe", "country": "Europe", "temperature": 22.0, "pressure": 1008.2, "humidity": 69, "windSpeed": 1.1, "windDirection": "NW", "condition": "Clear", "timestamp": "22:40:14 CEST", "status": "NORMAL", "hasAnomaly": 0, "severity": "NONE"}}, {"type": "Feature", "geometry": {"type": "Point", "coordinates": [2.435, 50.969167]}, "properties": {"id": "ATHER-FRW-0475", "name": "Bergues", "town": "Bergues, Nord, France, Europe", "country": "Europe", "temperature": 18.0, "pressure": 1008.0, "humidity": 86, "windSpeed": 0.0, "windDirection": "NE", "condition": "Overcast", "timestamp": "22:42:03 CEST", "status": "NORMAL", "hasAnomaly": 0, "severity": "NONE"}}, {"type": "Feature", "geometry": {"type": "Point", "coordinates": [4.144728, 50.196035]}, "properties": {"id": "ATHER-FRW-0476", "name": "Hestrud", "town": "Hestrud, Nord, France, Europe", "country": "Europe", "temperature": 22.0, "pressure": 1007.9, "humidity": 51, "windSpeed": 6.0, "windDirection": "SSE", "condition": "Reported", "timestamp": "22:41:21 CEST", "status": "NORMAL", "hasAnomaly": 0, "severity": "NONE"}}, {"type": "Feature", "geometry": {"type": "Point", "coordinates": [3.1358716, 50.7045115]}, "properties": {"id": "ATHER-FRW-0477", "name": "Mouvaux", "town": "Mouvaux, Nord, France, Europe", "country": "Europe", "temperature": 23.0, "pressure": 1006.3, "humidity": 67, "windSpeed": 4.0, "windDirection": "NNE", "condition": "Clear", "timestamp": "22:42:25 CEST", "status": "NORMAL", "hasAnomaly": 0, "severity": "NONE"}}, {"type": "Feature", "geometry": {"type": "Point", "coordinates": [2.4198, 49.3725]}, "properties": {"id": "ATHER-FRW-0478", "name": "Clermont", "town": "Clermont, Oise, France, Europe", "country": "Europe", "temperature": 20.0, "pressure": 1008.5, "humidity": 77, "windSpeed": 0.0, "windDirection": "E", "condition": "Reported", "timestamp": "22:42:03 CEST", "status": "NORMAL", "hasAnomaly": 0, "severity": "NONE"}}, {"type": "Feature", "geometry": {"type": "Point", "coordinates": [3.01, 49.645]}, "properties": {"id": "ATHER-FRW-0479", "name": "Muirancourt", "town": "Muirancourt, Oise, France, Europe", "country": "Europe", "temperature": 22.0, "pressure": 1008.2, "humidity": 70, "windSpeed": 0.0, "windDirection": "NW", "condition": "Reported", "timestamp": "22:42:04 CEST", "status": "NORMAL", "hasAnomaly": 0, "severity": "NONE"}}, {"type": "Feature", "geometry": {"type": "Point", "coordinates": [6.24608, 49.0246]}, "properties": {"id": "ATHER-ZEU-0480", "name": "Orny", "town": "Orny, France, Europe", "country": "Europe", "temperature": 22.0, "pressure": 1015.0, "humidity": 46, "windSpeed": 2.2, "windDirection": "SE", "condition": "Clear", "timestamp": "22:40:02 CEST", "status": "NORMAL", "hasAnomaly": 0, "severity": "NONE"}}, {"type": "Feature", "geometry": {"type": "Point", "coordinates": [2.783333, 50.131389]}, "properties": {"id": "ATHER-FRW-0481", "name": "Achiet-le-Grand", "town": "Achiet-le-Grand, Pas-de-Calais, France, Europe", "country": "Europe", "temperature": 21.0, "pressure": 1008.0, "humidity": 70, "windSpeed": 2.0, "windDirection": "NNE", "condition": "Thunderstorm", "timestamp": "22:42:00 CEST", "status": "NORMAL", "hasAnomaly": 0, "severity": "NONE"}}, {"type": "Feature", "geometry": {"type": "Point", "coordinates": [2.9482413, 50.3101937]}, "properties": {"id": "ATHER-FRW-0482", "name": "Biache-Saint-Vaast", "town": "Biache-Saint-Vaast, Pas-de-Calais, France, Europe", "country": "Europe", "temperature": 22.0, "pressure": 1009.0, "humidity": 56, "windSpeed": 0.0, "windDirection": "NNE", "condition": "Clear", "timestamp": "22:35:12 CEST", "status": "NORMAL", "hasAnomaly": 0, "severity": "NONE"}}, {"type": "Feature", "geometry": {"type": "Point", "coordinates": [2.2654, 50.3554]}, "properties": {"id": "ATHER-FRW-0483", "name": "Croisette", "town": "Croisette, Pas-de-Calais, France, Europe", "country": "Europe", "temperature": 20.0, "pressure": 1008.2, "humidity": 82, "windSpeed": 0.0, "windDirection": "W", "condition": "Clear", "timestamp": "22:40:00 CEST", "status": "NORMAL", "hasAnomaly": 0, "severity": "NONE"}}, {"type": "Feature", "geometry": {"type": "Point", "coordinates": [2.3444, 50.3826]}, "properties": {"id": "ATHER-FRW-0484", "name": "Saint-Michel-sur-Ternoise", "town": "Saint-Michel-sur-Ternoise, Pas-de-Calais, France, Europe", "country": "Europe", "temperature": 19.0, "pressure": 1007.8, "humidity": 83, "windSpeed": 0.0, "windDirection": "W", "condition": "Thunderstorm", "timestamp": "22:38:47 CEST", "status": "NORMAL", "hasAnomaly": 0, "severity": "NONE"}}, {"type": "Feature", "geometry": {"type": "Point", "coordinates": [2.25328, 43.1616]}, "properties": {"id": "ATHER-ZEU-0485", "name": "Pexiora", "town": "Pexiora, France, Europe", "country": "Europe", "temperature": 24.0, "pressure": 1006.7, "humidity": 88, "windSpeed": 20.9, "windDirection": "0", "condition": "nt_rain1", "timestamp": "21:21:16 CEST", "status": "NORMAL", "hasAnomaly": 0, "severity": "NONE"}}, {"type": "Feature", "geometry": {"type": "Point", "coordinates": [-0.783878, 43.48339]}, "properties": {"id": "ATHER-FRW-0486", "name": "Orthez", "town": "Orthez, Pyr\u00e9n\u00e9es-Atlantiques, France, Europe", "country": "Europe", "temperature": 23.0, "pressure": 1011.7, "humidity": 74, "windSpeed": 7.0, "windDirection": "W", "condition": "Clear", "timestamp": "22:42:03 CEST", "status": "NORMAL", "hasAnomaly": 0, "severity": "NONE"}}, {"type": "Feature", "geometry": {"type": "Point", "coordinates": [1.886162, 42.466121]}, "properties": {"id": "ATHER-FRW-0487", "name": "Latour-de-Carol", "town": "Latour-de-Carol, Pyr\u00e9n\u00e9es-Orientales, France, Europe", "country": "Europe", "temperature": 13.0, "pressure": 1025.6, "humidity": 96, "windSpeed": 0.0, "windDirection": "SW", "condition": "Nearby Thunderstorm", "timestamp": "22:42:04 CEST", "status": "NORMAL", "hasAnomaly": 0, "severity": "NONE"}}, {"type": "Feature", "geometry": {"type": "Point", "coordinates": [3.34, 44.64]}, "properties": {"id": "ATHER-ZEU-0488", "name": "Recoules-de-fumas", "town": "Recoules-de-fumas, France, Europe", "country": "Europe", "temperature": null, "pressure": null, "humidity": null, "windSpeed": null, "windDirection": null, "condition": "Offline", "timestamp": "Offline", "status": "OFFLINE", "hasAnomaly": 0, "severity": "NONE"}}, {"type": "Feature", "geometry": {"type": "Point", "coordinates": [5.991, 49.098]}, "properties": {"id": "ATHER-ZEU-0489", "name": "Rezonville", "town": "Rezonville, France, Europe", "country": "Europe", "temperature": 18.0, "pressure": 1010.2, "humidity": 62, "windSpeed": 20.2, "windDirection": "0", "condition": "Clear", "timestamp": "22:36:37 CEST", "status": "NORMAL", "hasAnomaly": 0, "severity": "NONE"}}, {"type": "Feature", "geometry": {"type": "Point", "coordinates": [4.7, 46.1833]}, "properties": {"id": "ATHER-FRW-0490", "name": "Fleurie", "town": "Fleurie, Rh\u00f4ne, France, Europe", "country": "Europe", "temperature": 25.0, "pressure": 1013.6, "humidity": 59, "windSpeed": 0.0, "windDirection": "SSW", "condition": "Partly Cloudy", "timestamp": "22:41:37 CEST", "status": "NORMAL", "hasAnomaly": 0, "severity": "NONE"}}, {"type": "Feature", "geometry": {"type": "Point", "coordinates": [1.096, 49.706]}, "properties": {"id": "ATHER-ZEU-0491", "name": "Saint-Denis-sur-Scie", "town": "Saint-Denis-sur-Scie, France, Europe", "country": "Europe", "temperature": 18.0, "pressure": 1008.1, "humidity": 97, "windSpeed": 0.0, "windDirection": "WNW", "condition": "Clear", "timestamp": "22:40:08 CEST", "status": "NORMAL", "hasAnomaly": 0, "severity": "NONE"}}, {"type": "Feature", "geometry": {"type": "Point", "coordinates": [3.42441, 46.6674]}, "properties": {"id": "ATHER-ZEU-0492", "name": "Saint-Ennemond", "town": "Saint-Ennemond, France, Europe", "country": "Europe", "temperature": null, "pressure": null, "humidity": null, "windSpeed": null, "windDirection": null, "condition": "Offline", "timestamp": "Offline", "status": "OFFLINE", "hasAnomaly": 0, "severity": "NONE"}}, {"type": "Feature", "geometry": {"type": "Point", "coordinates": [4.931, 43.958]}, "properties": {"id": "ATHER-ZEU-0493", "name": "Saint-Saturnin-L\u00c3\u00a8s-Avignon", "town": "Saint-Saturnin-L\u00c3\u00a8s-Avignon, France, Europe", "country": "Europe", "temperature": null, "pressure": null, "humidity": null, "windSpeed": null, "windDirection": null, "condition": "Offline", "timestamp": "Offline", "status": "OFFLINE", "hasAnomaly": 0, "severity": "NONE"}}, {"type": "Feature", "geometry": {"type": "Point", "coordinates": [0.142879, 47.64304]}, "properties": {"id": "ATHER-FRW-0494", "name": "Le Lude", "town": "Le Lude, Sarthe, France, Europe", "country": "Europe", "temperature": 22.0, "pressure": 1009.0, "humidity": 65, "windSpeed": 6.0, "windDirection": "SSW", "condition": "Thunderstorm", "timestamp": "22:40:09 CEST", "status": "NORMAL", "hasAnomaly": 0, "severity": "NONE"}}, {"type": "Feature", "geometry": {"type": "Point", "coordinates": [6.298695, 45.362412]}, "properties": {"id": "ATHER-FRW-0495", "name": "La Chambre", "town": "La Chambre, Savoie, France, Europe", "country": "Europe", "temperature": 22.0, "pressure": 1013.0, "humidity": 41, "windSpeed": 6.0, "windDirection": "E", "condition": "Clear", "timestamp": "22:42:03 CEST", "status": "NORMAL", "hasAnomaly": 0, "severity": "NONE"}}, {"type": "Feature", "geometry": {"type": "Point", "coordinates": [6.38, 46.33]}, "properties": {"id": "ATHER-ZEU-0496", "name": "Sciez", "town": "Sciez, France, Europe", "country": "Europe", "temperature": 18.0, "pressure": 1012.0, "humidity": 78, "windSpeed": 0.0, "windDirection": "SW", "condition": "Partly Cloudy", "timestamp": "22:40:13 CEST", "status": "NORMAL", "hasAnomaly": 0, "severity": "NONE"}}, {"type": "Feature", "geometry": {"type": "Point", "coordinates": [2.718611, 48.875278]}, "properties": {"id": "ATHER-FRW-0497", "name": "Lagny-sur-Marne", "town": "Lagny-sur-Marne, Seine-et-Marne, France, Europe", "country": "Europe", "temperature": 24.0, "pressure": 1007.6, "humidity": 51, "windSpeed": 0.0, "windDirection": "N", "condition": "Clear", "timestamp": "22:42:34 CEST", "status": "NORMAL", "hasAnomaly": 0, "severity": "NONE"}}, {"type": "Feature", "geometry": {"type": "Point", "coordinates": [6.09243, 49.3164]}, "properties": {"id": "ATHER-ZEU-0498", "name": "Ser\u00c3\u00a9mange-Erzange", "town": "Ser\u00c3\u00a9mange-Erzange, France, Europe", "country": "Europe", "temperature": null, "pressure": null, "humidity": null, "windSpeed": null, "windDirection": null, "condition": "Offline", "timestamp": "Offline", "status": "OFFLINE", "hasAnomaly": 0, "severity": "NONE"}}, {"type": "Feature", "geometry": {"type": "Point", "coordinates": [1.549497, 50.338732]}, "properties": {"id": "ATHER-FRW-0499", "name": "Fort-Mahon-Plage", "town": "Fort-Mahon-Plage, Somme, France, Europe", "country": "Europe", "temperature": 19.0, "pressure": 1007.0, "humidity": 86, "windSpeed": 0.0, "windDirection": "NULL", "condition": "Clear", "timestamp": "22:46:38 CEST", "status": "NORMAL", "hasAnomaly": 0, "severity": "NONE"}}, {"type": "Feature", "geometry": {"type": "Point", "coordinates": [2.525, 49.873]}, "properties": {"id": "ATHER-FRW-0500", "name": "Villers-Bretonneux", "town": "Villers-Bretonneux, Somme, France, Europe", "country": "Europe", "temperature": 21.0, "pressure": 1010.1, "humidity": 69, "windSpeed": 1.0, "windDirection": "E", "condition": "Thunderstorm", "timestamp": "22:42:04 CEST", "status": "NORMAL", "hasAnomaly": 0, "severity": "NONE"}}, {"type": "Feature", "geometry": {"type": "Point", "coordinates": [4.427, 46.086]}, "properties": {"id": "ATHER-ZEU-0501", "name": "St Bonnet Le Troncy", "town": "St Bonnet Le Troncy, France, Europe", "country": "Europe", "temperature": 23.0, "pressure": 1011.3, "humidity": 59, "windSpeed": 3.2, "windDirection": "SW", "condition": "Partly Cloudy", "timestamp": "22:40:06 CEST", "status": "NORMAL", "hasAnomaly": 0, "severity": "NONE"}}, {"type": "Feature", "geometry": {"type": "Point", "coordinates": [2.164382, 44.070166]}, "properties": {"id": "ATHER-FRW-0502", "name": "Carmaux", "town": "Carmaux, Tarn, France, Europe", "country": "Europe", "temperature": 18.0, "pressure": 1016.1, "humidity": 93, "windSpeed": 9.0, "windDirection": "SE", "condition": "Rain", "timestamp": "22:42:32 CEST", "status": "NORMAL", "hasAnomaly": 0, "severity": "NONE"}}, {"type": "Feature", "geometry": {"type": "Point", "coordinates": [2.272322, 43.575323]}, "properties": {"id": "ATHER-FRW-0503", "name": "Lagarrigue", "town": "Lagarrigue, Tarn, France, Europe", "country": "Europe", "temperature": 20.0, "pressure": 1014.6, "humidity": 91, "windSpeed": 6.0, "windDirection": "ESE", "condition": "Clear", "timestamp": "22:42:03 CEST", "status": "NORMAL", "hasAnomaly": 0, "severity": "NONE"}}, {"type": "Feature", "geometry": {"type": "Point", "coordinates": [1.240899, 44.125978]}, "properties": {"id": "ATHER-FRW-0504", "name": "Lafran\u00e7aise", "town": "Lafran\u00e7aise, Tarn-et-Garonne, France, Europe", "country": "Europe", "temperature": 23.0, "pressure": 1011.0, "humidity": 76, "windSpeed": 22.0, "windDirection": "ENE", "condition": "Nearby Thunderstorm", "timestamp": "22:05:35 CEST", "status": "NORMAL", "hasAnomaly": 0, "severity": "NONE"}}, {"type": "Feature", "geometry": {"type": "Point", "coordinates": [6.53748, 43.568792]}, "properties": {"id": "ATHER-FRW-0505", "name": "Callas", "town": "Callas, Var, France, Europe", "country": "Europe", "temperature": 22.0, "pressure": 1017.5, "humidity": 81, "windSpeed": 0.0, "windDirection": "SSE", "condition": "Reported", "timestamp": "22:42:06 CEST", "status": "NORMAL", "hasAnomaly": 0, "severity": "NONE"}}, {"type": "Feature", "geometry": {"type": "Point", "coordinates": [5.85842, 43.1309]}, "properties": {"id": "ATHER-FRW-0506", "name": "Ollioules", "town": "Ollioules, Var, France, Europe", "country": "Europe", "temperature": 24.0, "pressure": 1016.5, "humidity": 88, "windSpeed": 2.0, "windDirection": "WNW", "condition": "Mostly Cloudy", "timestamp": "22:40:33 CEST", "status": "NORMAL", "hasAnomaly": 0, "severity": "NONE"}}, {"type": "Feature", "geometry": {"type": "Point", "coordinates": [6.680833, 43.409166]}, "properties": {"id": "ATHER-FRW-0507", "name": "Roquebrune-sur-Argens", "town": "Roquebrune-sur-Argens, Var, France, Europe", "country": "Europe", "temperature": 27.0, "pressure": 1012.4, "humidity": 67, "windSpeed": 0.0, "windDirection": "S", "condition": "Clear", "timestamp": "22:40:15 CEST", "status": "NORMAL", "hasAnomaly": 0, "severity": "NONE"}}, {"type": "Feature", "geometry": {"type": "Point", "coordinates": [4.7336523, 44.1264201]}, "properties": {"id": "ATHER-FRW-0508", "name": "Orange", "town": "Orange, Vaucluse, France, Europe", "country": "Europe", "temperature": 25.0, "pressure": 1015.6, "humidity": 82, "windSpeed": 2.0, "windDirection": "SSE", "condition": "Mostly Cloudy", "timestamp": "22:41:58 CEST", "status": "NORMAL", "hasAnomaly": 0, "severity": "NONE"}}, {"type": "Feature", "geometry": {"type": "Point", "coordinates": [-1.60724, 46.747234]}, "properties": {"id": "ATHER-FRW-0509", "name": "Aizenay", "town": "Aizenay, Vend\u00e9e, France, Europe", "country": "Europe", "temperature": null, "pressure": null, "humidity": null, "windSpeed": null, "windDirection": null, "condition": "Offline", "timestamp": "Offline", "status": "OFFLINE", "hasAnomaly": 0, "severity": "NONE"}}, {"type": "Feature", "geometry": {"type": "Point", "coordinates": [-0.8252, 46.4725]}, "properties": {"id": "ATHER-FRW-0510", "name": "Fontenay-le-Comte", "town": "Fontenay-le-Comte, Vend\u00e9e, France, Europe", "country": "Europe", "temperature": 22.0, "pressure": 1011.7, "humidity": 69, "windSpeed": 16.0, "windDirection": "W", "condition": "Overcast", "timestamp": "22:42:31 CEST", "status": "NORMAL", "hasAnomaly": 0, "severity": "NONE"}}, {"type": "Feature", "geometry": {"type": "Point", "coordinates": [6.360786, 48.198068]}, "properties": {"id": "ATHER-FRW-0511", "name": "Darnieulles", "town": "Darnieulles, Vosges, France, Europe", "country": "Europe", "temperature": 19.0, "pressure": 1014.0, "humidity": 58, "windSpeed": 0.0, "windDirection": "SSW", "condition": "Clear", "timestamp": "22:40:32 CEST", "status": "NORMAL", "hasAnomaly": 0, "severity": "NONE"}}, {"type": "Feature", "geometry": {"type": "Point", "coordinates": [3.329698, 48.006357]}, "properties": {"id": "ATHER-FRW-0512", "name": "Villecien", "town": "Villecien, Yonne, France, Europe", "country": "Europe", "temperature": 21.0, "pressure": 1001.2, "humidity": 60, "windSpeed": 0.0, "windDirection": "WNW", "condition": "Clear", "timestamp": "22:42:05 CEST", "status": "NORMAL", "hasAnomaly": 0, "severity": "NONE"}}, {"type": "Feature", "geometry": {"type": "Point", "coordinates": [1.881948, 48.734149]}, "properties": {"id": "ATHER-FRW-0513", "name": "Saint-R\u00e9my-l'Honor\u00e9", "town": "Saint-R\u00e9my-l'Honor\u00e9, Yvelines, France, Europe", "country": "Europe", "temperature": 20.0, "pressure": 1010.4, "humidity": 72, "windSpeed": 0.0, "windDirection": "ENE", "condition": "Thunderstorm", "timestamp": "22:42:05 CEST", "status": "NORMAL", "hasAnomaly": 0, "severity": "NONE"}}, {"type": "Feature", "geometry": {"type": "Point", "coordinates": [8.001, 49.096]}, "properties": {"id": "ATHER-ZEU-0514", "name": "Bad Bergzabern", "town": "Bad Bergzabern, Germany, Europe", "country": "Europe", "temperature": 21.0, "pressure": 1009.6, "humidity": 53, "windSpeed": 6.5, "windDirection": "WNW", "condition": "Partly Cloudy", "timestamp": "22:39:37 CEST", "status": "NORMAL", "hasAnomaly": 0, "severity": "NONE"}}, {"type": "Feature", "geometry": {"type": "Point", "coordinates": [7.928221, 47.843443]}, "properties": {"id": "ATHER-DEW-0515", "name": "Aftersteg", "town": "Aftersteg, Baden-W\u00fcrtemberg, Germany, Europe", "country": "Europe", "temperature": 17.0, "pressure": 1012.0, "humidity": 66, "windSpeed": 0.0, "windDirection": "N", "condition": "Partly Cloudy", "timestamp": "22:39:45 CEST", "status": "NORMAL", "hasAnomaly": 0, "severity": "NONE"}}, {"type": "Feature", "geometry": {"type": "Point", "coordinates": [9.155833, 48.843889]}, "properties": {"id": "ATHER-DEW-0516", "name": "Stuttgart", "town": "Stuttgart, Baden-W\u00fcrtemberg, Germany, Europe", "country": "Europe", "temperature": 23.0, "pressure": 1012.5, "humidity": 44, "windSpeed": 0.0, "windDirection": "SSW", "condition": "Rain", "timestamp": "22:35:36 CEST", "status": "NORMAL", "hasAnomaly": 0, "severity": "NONE"}}, {"type": "Feature", "geometry": {"type": "Point", "coordinates": [8.89701, 48.681376]}, "properties": {"id": "ATHER-DEW-0517", "name": "Aidlingen", "town": "Aidlingen, Baden-W\u00fcrttemberg, Germany, Europe", "country": "Europe", "temperature": 19.0, "pressure": 1013.2, "humidity": 57, "windSpeed": 37.0, "windDirection": "SSW", "condition": "Clear", "timestamp": "22:38:25 CEST", "status": "NORMAL", "hasAnomaly": 0, "severity": "NONE"}}, {"type": "Feature", "geometry": {"type": "Point", "coordinates": [7.67467, 47.80852]}, "properties": {"id": "ATHER-DEW-0518", "name": "Badenweiler", "town": "Badenweiler, Baden-W\u00fcrttemberg, Germany, Europe", "country": "Europe", "temperature": null, "pressure": null, "humidity": null, "windSpeed": null, "windDirection": null, "condition": "Offline", "timestamp": "Offline", "status": "OFFLINE", "hasAnomaly": 0, "severity": "NONE"}}, {"type": "Feature", "geometry": {"type": "Point", "coordinates": [8.888787, 48.052825]}, "properties": {"id": "ATHER-DEW-0519", "name": "Kolbingen", "town": "Kolbingen, Baden-W\u00fcrttemberg, Germany, Europe", "country": "Europe", "temperature": null, "pressure": null, "humidity": null, "windSpeed": null, "windDirection": null, "condition": "Offline", "timestamp": "Offline", "status": "OFFLINE", "hasAnomaly": 0, "severity": "NONE"}}, {"type": "Feature", "geometry": {"type": "Point", "coordinates": [9.201, 48.91]}, "properties": {"id": "ATHER-DEW-0520", "name": "Ludwigsburg", "town": "Ludwigsburg, Baden-W\u00fcrttemberg, Germany, Europe", "country": "Europe", "temperature": 21.0, "pressure": 1011.7, "humidity": 50, "windSpeed": 0.0, "windDirection": "NW", "condition": "Clear", "timestamp": "22:39:38 CEST", "status": "NORMAL", "hasAnomaly": 0, "severity": "NONE"}}, {"type": "Feature", "geometry": {"type": "Point", "coordinates": [8.892, 48.943]}, "properties": {"id": "ATHER-DEW-0521", "name": "M\u00fchlhausen/Enz", "town": "M\u00fchlhausen/Enz, Baden-W\u00fcrttemberg, Germany, Europe", "country": "Europe", "temperature": 17.0, "pressure": 1010.2, "humidity": 67, "windSpeed": 0.0, "windDirection": "NW", "condition": "Clear", "timestamp": "22:39:47 CEST", "status": "NORMAL", "hasAnomaly": 0, "severity": "NONE"}}, {"type": "Feature", "geometry": {"type": "Point", "coordinates": [9.8404005, 49.6152648]}, "properties": {"id": "ATHER-DEW-0522", "name": "Wittighausen", "town": "Wittighausen, Baden-W\u00fcrttemberg, Germany, Europe", "country": "Europe", "temperature": 20.0, "pressure": 994.5, "humidity": 43, "windSpeed": 0.0, "windDirection": "W", "condition": "Clear", "timestamp": "22:40:02 CEST", "status": "NORMAL", "hasAnomaly": 0, "severity": "NONE"}}, {"type": "Feature", "geometry": {"type": "Point", "coordinates": [7.67467, 47.8085]}, "properties": {"id": "ATHER-ZEU-0523", "name": "Badenweiler", "town": "Badenweiler, Germany, Europe", "country": "Europe", "temperature": 22.0, "pressure": 1010.8, "humidity": 56, "windSpeed": 4.3, "windDirection": "NE", "condition": "Partly Cloudy", "timestamp": "22:39:47 CEST", "status": "NORMAL", "hasAnomaly": 0, "severity": "NONE"}}, {"type": "Feature", "geometry": {"type": "Point", "coordinates": [10.725134, 48.161926]}, "properties": {"id": "ATHER-DEW-0524", "name": "Hiltenfingen", "town": "Hiltenfingen, Bayern, Germany, Europe", "country": "Europe", "temperature": 21.0, "pressure": 1019.4, "humidity": 62, "windSpeed": 0.0, "windDirection": "N", "condition": "Few Clouds", "timestamp": "22:39:35 CEST", "status": "NORMAL", "hasAnomaly": 0, "severity": "NONE"}}, {"type": "Feature", "geometry": {"type": "Point", "coordinates": [9.3159064, 49.670502]}, "properties": {"id": "ATHER-DEW-0525", "name": "Miltenberg-Schippach", "town": "Miltenberg-Schippach, Bayern, Germany, Europe", "country": "Europe", "temperature": 18.0, "pressure": 1011.3, "humidity": 52, "windSpeed": 3.0, "windDirection": "W", "condition": "Few Clouds", "timestamp": "22:40:03 CEST", "status": "NORMAL", "hasAnomaly": 0, "severity": "NONE"}}, {"type": "Feature", "geometry": {"type": "Point", "coordinates": [12.140401, 49.844763]}, "properties": {"id": "ATHER-DEW-0526", "name": "Premenreuth", "town": "Premenreuth, Bayern, Germany, Europe", "country": "Europe", "temperature": 16.0, "pressure": 1011.9, "humidity": 73, "windSpeed": 0.0, "windDirection": "WSW", "condition": "Clear", "timestamp": "22:39:52 CEST", "status": "NORMAL", "hasAnomaly": 0, "severity": "NONE"}}, {"type": "Feature", "geometry": {"type": "Point", "coordinates": [12.329822, 49.880625]}, "properties": {"id": "ATHER-DEW-0527", "name": "Tirschenreuth", "town": "Tirschenreuth, Bayern, Germany, Europe", "country": "Europe", "temperature": 17.0, "pressure": 1012.2, "humidity": 63, "windSpeed": 0.0, "windDirection": "N", "condition": "Clear", "timestamp": "22:39:45 CEST", "status": "NORMAL", "hasAnomaly": 0, "severity": "NONE"}}, {"type": "Feature", "geometry": {"type": "Point", "coordinates": [7.646, 49.924]}, "properties": {"id": "ATHER-ZEU-0528", "name": "Bliesmengen-Bolchen", "town": "Bliesmengen-Bolchen, Germany, Europe", "country": "Europe", "temperature": 18.0, "pressure": 1010.5, "humidity": 73, "windSpeed": 0.0, "windDirection": "NE", "condition": "Partly Cloudy", "timestamp": "22:35:39 CEST", "status": "NORMAL", "hasAnomaly": 0, "severity": "NONE"}}, {"type": "Feature", "geometry": {"type": "Point", "coordinates": [14.517745, 52.343535]}, "properties": {"id": "ATHER-DEW-0529", "name": "M\u00fcllrose", "town": "M\u00fcllrose, Brandenburg, Germany, Europe", "country": "Europe", "temperature": 18.0, "pressure": 1011.5, "humidity": 64, "windSpeed": 0.0, "windDirection": "SE", "condition": "Clear", "timestamp": "22:02:18 CEST", "status": "NORMAL", "hasAnomaly": 0, "severity": "NONE"}}, {"type": "Feature", "geometry": {"type": "Point", "coordinates": [10.5439, 52.2755]}, "properties": {"id": "ATHER-ZEU-0530", "name": "Braunschweig", "town": "Braunschweig, Germany, Europe", "country": "Europe", "temperature": 20.0, "pressure": 1010.6, "humidity": 47, "windSpeed": 0.0, "windDirection": "W", "condition": "nt_mostlycloudy", "timestamp": "22:40:11 CEST", "status": "NORMAL", "hasAnomaly": 0, "severity": "NONE"}}, {"type": "Feature", "geometry": {"type": "Point", "coordinates": [0.0, 0.0]}, "properties": {"id": "ATHER-ZEU-0531", "name": "Bremerhaven", "town": "Bremerhaven, Germany, Europe", "country": "Europe", "temperature": null, "pressure": null, "humidity": null, "windSpeed": null, "windDirection": null, "condition": "Offline", "timestamp": "Offline", "status": "OFFLINE", "hasAnomaly": 0, "severity": "NONE"}}, {"type": "Feature", "geometry": {"type": "Point", "coordinates": [10.7738, 48.0237]}, "properties": {"id": "ATHER-ZEU-0532", "name": "Buchloe", "town": "Buchloe, Germany, Europe", "country": "Europe", "temperature": 19.0, "pressure": 1011.9, "humidity": 78, "windSpeed": 0.0, "windDirection": "S", "condition": "Partly Cloudy", "timestamp": "22:35:06 CEST", "status": "NORMAL", "hasAnomaly": 0, "severity": "NONE"}}, {"type": "Feature", "geometry": {"type": "Point", "coordinates": [9.03438, 48.6832]}, "properties": {"id": "ATHER-ZEU-0533", "name": "B\u00c3\u00b6blingen", "town": "B\u00c3\u00b6blingen, Germany, Europe", "country": "Europe", "temperature": 21.0, "pressure": 1003.7, "humidity": 46, "windSpeed": 1.1, "windDirection": "S", "condition": "nt_mostlycloudy", "timestamp": "22:39:56 CEST", "status": "NORMAL", "hasAnomaly": 0, "severity": "NONE"}}, {"type": "Feature", "geometry": {"type": "Point", "coordinates": [12.295, 51.8253]}, "properties": {"id": "ATHER-ZEU-0534", "name": "Dessau", "town": "Dessau, Germany, Europe", "country": "Europe", "temperature": 18.0, "pressure": 1011.4, "humidity": 50, "windSpeed": 0.0, "windDirection": "E", "condition": "Clear", "timestamp": "22:39:48 CEST", "status": "NORMAL", "hasAnomaly": 0, "severity": "NONE"}}, {"type": "Feature", "geometry": {"type": "Point", "coordinates": [10.7511, 48.7169]}, "properties": {"id": "ATHER-ZEU-0535", "name": "Donauw\u00c3\u0083\u00c6\u0092\u00c3\u0086\u00e2\u0080\u0099\u00c3\u0083\u00e2\u0080\u00a0\u00c3\u00a2\u00e2\u0082\u00ac\u00e2\u0084\u00a2\u00c3\u0083\u00c6\u0092\u00c3\u00a2\u00e2\u0082\u00ac\u00c5\u00a1\u00c3\u0083\u00e2\u0080\u009a\u00c3\u0082\u00c2\u00b6rth", "town": "Donauw\u00c3\u0083\u00c6\u0092\u00c3\u0086\u00e2\u0080\u0099\u00c3\u0083\u00e2\u0080\u00a0\u00c3\u00a2\u00e2\u0082\u00ac\u00e2\u0084\u00a2\u00c3\u0083\u00c6\u0092\u00c3\u00a2\u00e2\u0082\u00ac\u00c5\u00a1\u00c3\u0083\u00e2\u0080\u009a\u00c3\u0082\u00c2\u00b6rth, Germany, Europe", "country": "Europe", "temperature": 21.0, "pressure": 1010.4, "humidity": 60, "windSpeed": 0.0, "windDirection": "S", "condition": "Partly Cloudy", "timestamp": "22:38:31 CEST", "status": "NORMAL", "hasAnomaly": 0, "severity": "NONE"}}, {"type": "Feature", "geometry": {"type": "Point", "coordinates": [9.7375, 48.2819]}, "properties": {"id": "ATHER-ZEU-0536", "name": "Ehingen", "town": "Ehingen, Germany, Europe", "country": "Europe", "temperature": null, "pressure": null, "humidity": null, "windSpeed": null, "windDirection": null, "condition": "Offline", "timestamp": "Offline", "status": "OFFLINE", "hasAnomaly": 0, "severity": "NONE"}}, {"type": "Feature", "geometry": {"type": "Point", "coordinates": [9.336, 48.7285]}, "properties": {"id": "ATHER-ZEU-0537", "name": "Esslingen am Neckar", "town": "Esslingen am Neckar, Germany, Europe", "country": "Europe", "temperature": 19.0, "pressure": 1011.3, "humidity": 55, "windSpeed": 3.6, "windDirection": "ESE", "condition": "nt_mostlycloudy", "timestamp": "22:40:12 CEST", "status": "NORMAL", "hasAnomaly": 0, "severity": "NONE"}}, {"type": "Feature", "geometry": {"type": "Point", "coordinates": [10.0027, 53.3895]}, "properties": {"id": "ATHER-ZEU-0538", "name": "Hamburg", "town": "Hamburg, Germany, Europe", "country": "Europe", "temperature": null, "pressure": 0.0, "humidity": 0, "windSpeed": null, "windDirection": "CALM", "condition": "Partly Cloudy", "timestamp": "22:40:15 CEST", "status": "ANOMALY", "hasAnomaly": 1, "severity": "HIGH"}}, {"type": "Feature", "geometry": {"type": "Point", "coordinates": [10.6675, 54.3169]}, "properties": {"id": "ATHER-ZEU-0539", "name": "Hohwacht/Baltic Sea", "town": "Hohwacht/Baltic Sea, Germany, Europe", "country": "Europe", "temperature": 18.0, "pressure": 1012.9, "humidity": 74, "windSpeed": 0.0, "windDirection": "SSW", "condition": "nt_mostlycloudy", "timestamp": "22:40:14 CEST", "status": "NORMAL", "hasAnomaly": 0, "severity": "NONE"}}, {"type": "Feature", "geometry": {"type": "Point", "coordinates": [11.5833, 50.8]}, "properties": {"id": "ATHER-ZEU-0540", "name": "Kahla", "town": "Kahla, Germany, Europe", "country": "Europe", "temperature": null, "pressure": null, "humidity": null, "windSpeed": null, "windDirection": null, "condition": "Offline", "timestamp": "Offline", "status": "OFFLINE", "hasAnomaly": 0, "severity": "NONE"}}, {"type": "Feature", "geometry": {"type": "Point", "coordinates": [6.1127, 51.8291]}, "properties": {"id": "ATHER-ZEU-0541", "name": "Kleve", "town": "Kleve, Germany, Europe", "country": "Europe", "temperature": 22.0, "pressure": 1010.3, "humidity": 68, "windSpeed": 0.0, "windDirection": "WSW", "condition": "Partly Cloudy", "timestamp": "22:39:37 CEST", "status": "NORMAL", "hasAnomaly": 0, "severity": "NONE"}}, {"type": "Feature", "geometry": {"type": "Point", "coordinates": [12.1453, 48.5381]}, "properties": {"id": "ATHER-ZEU-0542", "name": "Landshut", "town": "Landshut, Germany, Europe", "country": "Europe", "temperature": null, "pressure": null, "humidity": null, "windSpeed": null, "windDirection": null, "condition": "Offline", "timestamp": "Offline", "status": "OFFLINE", "hasAnomaly": 0, "severity": "NONE"}}, {"type": "Feature", "geometry": {"type": "Point", "coordinates": [10.5822, 54.2991]}, "properties": {"id": "ATHER-ZEU-0543", "name": "L\u00c3\u00bctjenburg", "town": "L\u00c3\u00bctjenburg, Germany, Europe", "country": "Europe", "temperature": 18.0, "pressure": 1010.7, "humidity": 77, "windSpeed": 0.0, "windDirection": "S", "condition": "Partly Cloudy", "timestamp": "22:40:05 CEST", "status": "NORMAL", "hasAnomaly": 0, "severity": "NONE"}}, {"type": "Feature", "geometry": {"type": "Point", "coordinates": [52.0795, 52.0795]}, "properties": {"id": "ATHER-ZEU-0544", "name": "Magdeburg", "town": "Magdeburg, Ottersleben, Germany, Europe", "country": "Europe", "temperature": 20.0, "pressure": 1013.3, "humidity": 43, "windSpeed": 0.0, "windDirection": "SE", "condition": "Rain Showers", "timestamp": "22:38:39 CEST", "status": "NORMAL", "hasAnomaly": 0, "severity": "NONE"}}, {"type": "Feature", "geometry": {"type": "Point", "coordinates": [8.83, 50.1257]}, "properties": {"id": "ATHER-ZEU-0545", "name": "M\u00c3\u00bchlheim am Main", "town": "M\u00c3\u00bchlheim am Main, Germany, Europe", "country": "Europe", "temperature": 20.0, "pressure": 1010.9, "humidity": 54, "windSpeed": 0.0, "windDirection": "WSW", "condition": "nt_mostlycloudy", "timestamp": "22:39:37 CEST", "status": "NORMAL", "hasAnomaly": 0, "severity": "NONE"}}, {"type": "Feature", "geometry": {"type": "Point", "coordinates": [7.61351, 51.9929]}, "properties": {"id": "ATHER-ZEU-0546", "name": "M\u00c3\u00bcnster", "town": "M\u00c3\u00bcnster, Germany, Europe", "country": "Europe", "temperature": 21.0, "pressure": 1009.8, "humidity": 57, "windSpeed": 0.0, "windDirection": "E", "condition": "Clear", "timestamp": "22:39:38 CEST", "status": "NORMAL", "hasAnomaly": 0, "severity": "NONE"}}, {"type": "Feature", "geometry": {"type": "Point", "coordinates": [6.760791, 50.540288]}, "properties": {"id": "ATHER-DEW-0547", "name": "Bad M\u00fcnstereifel", "town": "Bad M\u00fcnstereifel, NRW, Germany, Europe", "country": "Europe", "temperature": null, "pressure": null, "humidity": null, "windSpeed": null, "windDirection": null, "condition": "Offline", "timestamp": "Offline", "status": "OFFLINE", "hasAnomaly": 0, "severity": "NONE"}}, {"type": "Feature", "geometry": {"type": "Point", "coordinates": [7.58748007, 51.4971199]}, "properties": {"id": "ATHER-DEW-0548", "name": "Dortmund-S\u00fcdost", "town": "Dortmund-S\u00fcdost, NRW, Germany, Europe", "country": "Europe", "temperature": 19.0, "pressure": 1010.0, "humidity": 50, "windSpeed": 0.0, "windDirection": "SSW", "condition": "Reported", "timestamp": "22:40:02 CEST", "status": "NORMAL", "hasAnomaly": 0, "severity": "NONE"}}, {"type": "Feature", "geometry": {"type": "Point", "coordinates": [7.9421, 52.1221]}, "properties": {"id": "ATHER-DEW-0549", "name": "Lienen", "town": "Lienen, NRW, Germany, Europe", "country": "Europe", "temperature": 18.0, "pressure": 1009.9, "humidity": 71, "windSpeed": 0.0, "windDirection": "SSE", "condition": "Clear", "timestamp": "22:16:28 CEST", "status": "NORMAL", "hasAnomaly": 0, "severity": "NONE"}}, {"type": "Feature", "geometry": {"type": "Point", "coordinates": [6.483, 51.235]}, "properties": {"id": "ATHER-DEW-0550", "name": "M\u00f6nchengladbach Neuwerk", "town": "M\u00f6nchengladbach Neuwerk, NRW, Germany, Europe", "country": "Europe", "temperature": 22.0, "pressure": 1009.9, "humidity": 49, "windSpeed": 0.0, "windDirection": "W", "condition": "Reported", "timestamp": "22:28:49 CEST", "status": "NORMAL", "hasAnomaly": 0, "severity": "NONE"}}, {"type": "Feature", "geometry": {"type": "Point", "coordinates": [6.465565, 51.13587]}, "properties": {"id": "ATHER-DEW-0551", "name": "M\u00f6nchengladbach Odenkirchen", "town": "M\u00f6nchengladbach Odenkirchen, NRW, Germany, Europe", "country": "Europe", "temperature": null, "pressure": null, "humidity": null, "windSpeed": null, "windDirection": null, "condition": "Offline", "timestamp": "Offline", "status": "OFFLINE", "hasAnomaly": 0, "severity": "NONE"}}, {"type": "Feature", "geometry": {"type": "Point", "coordinates": [7.9665872, 50.8577752]}, "properties": {"id": "ATHER-DEW-0552", "name": "Siegen-Gosenbach", "town": "Siegen-Gosenbach, NRW, Germany, Europe", "country": "Europe", "temperature": 19.0, "pressure": 1009.2, "humidity": 57, "windSpeed": 0.0, "windDirection": "NNW", "condition": "Clear", "timestamp": "22:30:11 CEST", "status": "NORMAL", "hasAnomaly": 0, "severity": "NONE"}}, {"type": "Feature", "geometry": {"type": "Point", "coordinates": [7.031, 51.1749]}, "properties": {"id": "ATHER-DEW-0553", "name": "Solingen", "town": "Solingen, NRW, Germany, Europe", "country": "Europe", "temperature": 18.0, "pressure": 1009.2, "humidity": 60, "windSpeed": 0.0, "windDirection": "ESE", "condition": "Clear", "timestamp": "22:36:10 CEST", "status": "NORMAL", "hasAnomaly": 0, "severity": "NONE"}}, {"type": "Feature", "geometry": {"type": "Point", "coordinates": [9.13629, 51.48478]}, "properties": {"id": "ATHER-DEW-0554", "name": "Warburg", "town": "Warburg, NRW, Germany, Europe", "country": "Europe", "temperature": 19.0, "pressure": 1009.9, "humidity": 47, "windSpeed": 0.0, "windDirection": "WSW", "condition": "Clear", "timestamp": "22:38:29 CEST", "status": "NORMAL", "hasAnomaly": 0, "severity": "NONE"}}, {"type": "Feature", "geometry": {"type": "Point", "coordinates": [7.5208333, 50.9705556]}, "properties": {"id": "ATHER-DEW-0555", "name": "Wiehl", "town": "Wiehl, NRW, Germany, Europe", "country": "Europe", "temperature": null, "pressure": null, "humidity": null, "windSpeed": null, "windDirection": null, "condition": "Offline", "timestamp": "Offline", "status": "OFFLINE", "hasAnomaly": 0, "severity": "NONE"}}, {"type": "Feature", "geometry": {"type": "Point", "coordinates": [6.46723, 51.253234]}, "properties": {"id": "ATHER-DEW-0556", "name": "Willich", "town": "Willich, NRW, Germany, Europe", "country": "Europe", "temperature": 23.0, "pressure": 1007.4, "humidity": 53, "windSpeed": 2.0, "windDirection": "SE", "condition": "Reported", "timestamp": "22:38:32 CEST", "status": "NORMAL", "hasAnomaly": 0, "severity": "NONE"}}, {"type": "Feature", "geometry": {"type": "Point", "coordinates": [11.632, 48.085]}, "properties": {"id": "ATHER-ZEU-0557", "name": "Neubiberg", "town": "Neubiberg, Germany, Europe", "country": "Europe", "temperature": 19.0, "pressure": 1012.7, "humidity": 83, "windSpeed": 0.0, "windDirection": "W", "condition": "nt_mostlycloudy", "timestamp": "22:39:50 CEST", "status": "NORMAL", "hasAnomaly": 0, "severity": "NONE"}}, {"type": "Feature", "geometry": {"type": "Point", "coordinates": [10.543889, 52.275]}, "properties": {"id": "ATHER-DEW-0558", "name": "Braunschweig", "town": "Braunschweig, Niedersachsen, Germany, Europe", "country": "Europe", "temperature": 20.0, "pressure": 1010.6, "humidity": 47, "windSpeed": 0.0, "windDirection": "W", "condition": "Reported", "timestamp": "22:40:02 CEST", "status": "NORMAL", "hasAnomaly": 0, "severity": "NONE"}}, {"type": "Feature", "geometry": {"type": "Point", "coordinates": [8.675, 53.862]}, "properties": {"id": "ATHER-DEW-0559", "name": "Cuxhaven", "town": "Cuxhaven, Niedersachsen, Germany, Europe", "country": "Europe", "temperature": 20.0, "pressure": 1009.2, "humidity": 70, "windSpeed": 0.0, "windDirection": "S", "condition": "Mostly Cloudy", "timestamp": "22:40:05 CEST", "status": "NORMAL", "hasAnomaly": 0, "severity": "NONE"}}, {"type": "Feature", "geometry": {"type": "Point", "coordinates": [7.908615, 52.877363]}, "properties": {"id": "ATHER-DEW-0560", "name": "Dwergte", "town": "Dwergte, Niedersachsen, Germany, Europe", "country": "Europe", "temperature": null, "pressure": null, "humidity": null, "windSpeed": null, "windDirection": null, "condition": "Offline", "timestamp": "Offline", "status": "OFFLINE", "hasAnomaly": 0, "severity": "NONE"}}, {"type": "Feature", "geometry": {"type": "Point", "coordinates": [8.20667714, 52.6627437]}, "properties": {"id": "ATHER-DEW-0561", "name": "Lohne", "town": "Lohne, Niedersachsen, Germany, Europe", "country": "Europe", "temperature": 20.0, "pressure": 1008.5, "humidity": 71, "windSpeed": 0.0, "windDirection": "W", "condition": "Overcast", "timestamp": "22:39:58 CEST", "status": "NORMAL", "hasAnomaly": 0, "severity": "NONE"}}, {"type": "Feature", "geometry": {"type": "Point", "coordinates": [7.057964, 52.423625]}, "properties": {"id": "ATHER-DEW-0562", "name": "Nordhorn", "town": "Nordhorn, Niedersachsen, Germany, Europe", "country": "Europe", "temperature": 21.0, "pressure": 1009.0, "humidity": 67, "windSpeed": 0.0, "windDirection": "SSW", "condition": "Partly Cloudy", "timestamp": "22:40:00 CEST", "status": "NORMAL", "hasAnomaly": 0, "severity": "NONE"}}, {"type": "Feature", "geometry": {"type": "Point", "coordinates": [8.79753, 52.99538]}, "properties": {"id": "ATHER-DEW-0563", "name": "Weyhe", "town": "Weyhe, Niedersachsen, Germany, Europe", "country": "Europe", "temperature": 20.0, "pressure": 1009.3, "humidity": 75, "windSpeed": 0.0, "windDirection": "W", "condition": "Clear", "timestamp": "22:35:18 CEST", "status": "NORMAL", "hasAnomaly": 0, "severity": "NONE"}}, {"type": "Feature", "geometry": {"type": "Point", "coordinates": [9.64318, 54.3167]}, "properties": {"id": "ATHER-ZEU-0564", "name": "Rendsburg", "town": "Rendsburg, Germany, Europe", "country": "Europe", "temperature": 17.0, "pressure": 1010.4, "humidity": 84, "windSpeed": 0.0, "windDirection": "NW", "condition": "nt_rain2", "timestamp": "22:38:46 CEST", "status": "NORMAL", "hasAnomaly": 0, "severity": "NONE"}}, {"type": "Feature", "geometry": {"type": "Point", "coordinates": [7.998038, 49.100113]}, "properties": {"id": "ATHER-DEW-0565", "name": "Bad Bergzabern", "town": "Bad Bergzabern, Rheinland-Pfalz, Germany, Europe", "country": "Europe", "temperature": 21.0, "pressure": 1009.6, "humidity": 53, "windSpeed": 6.0, "windDirection": "WNW", "condition": "Partly Cloudy", "timestamp": "22:39:37 CEST", "status": "NORMAL", "hasAnomaly": 0, "severity": "NONE"}}, {"type": "Feature", "geometry": {"type": "Point", "coordinates": [6.514418, 49.727378]}, "properties": {"id": "ATHER-DEW-0566", "name": "Langsur-Mesenich", "town": "Langsur-Mesenich, Rheinland-Pfalz, Germany, Europe", "country": "Europe", "temperature": 17.0, "pressure": 1002.1, "humidity": 71, "windSpeed": 0.0, "windDirection": "SW", "condition": "Clear", "timestamp": "22:39:28 CEST", "status": "NORMAL", "hasAnomaly": 0, "severity": "NONE"}}, {"type": "Feature", "geometry": {"type": "Point", "coordinates": [7.753, 49.471]}, "properties": {"id": "ATHER-DEW-0567", "name": "Morlautern", "town": "Morlautern, Rheinland-Pfalz, Germany, Europe", "country": "Europe", "temperature": 21.0, "pressure": 1010.5, "humidity": 50, "windSpeed": 0.0, "windDirection": "SSE", "condition": "Clear", "timestamp": "22:38:58 CEST", "status": "NORMAL", "hasAnomaly": 0, "severity": "NONE"}}, {"type": "Feature", "geometry": {"type": "Point", "coordinates": [12.566452, 51.322631]}, "properties": {"id": "ATHER-DEW-0568", "name": "Beucha", "town": "Beucha, Sachsen, Germany, Europe", "country": "Europe", "temperature": 18.0, "pressure": 1011.9, "humidity": 54, "windSpeed": 0.0, "windDirection": "W", "condition": "Clear", "timestamp": "22:30:39 CEST", "status": "NORMAL", "hasAnomaly": 0, "severity": "NONE"}}, {"type": "Feature", "geometry": {"type": "Point", "coordinates": [12.993757, 50.513965]}, "properties": {"id": "ATHER-DEW-0569", "name": "Cranzahl", "town": "Cranzahl, Sachsen, Germany, Europe", "country": "Europe", "temperature": 16.0, "pressure": 1013.0, "humidity": 48, "windSpeed": 0.0, "windDirection": "SW", "condition": "Rain", "timestamp": "22:39:39 CEST", "status": "NORMAL", "hasAnomaly": 0, "severity": "NONE"}}, {"type": "Feature", "geometry": {"type": "Point", "coordinates": [12.6727777, 50.665]}, "properties": {"id": "ATHER-DEW-0570", "name": "Hartenstein", "town": "Hartenstein, Sachsen, Germany, Europe", "country": "Europe", "temperature": 16.0, "pressure": 1011.2, "humidity": 63, "windSpeed": 0.0, "windDirection": "N", "condition": "Clear", "timestamp": "22:40:03 CEST", "status": "NORMAL", "hasAnomaly": 0, "severity": "NONE"}}, {"type": "Feature", "geometry": {"type": "Point", "coordinates": [12.706085, 50.439339]}, "properties": {"id": "ATHER-DEW-0571", "name": "Johanngeorgenstadt", "town": "Johanngeorgenstadt, Sachsen, Germany, Europe", "country": "Europe", "temperature": 16.0, "pressure": 1013.1, "humidity": 53, "windSpeed": 0.0, "windDirection": "SW", "condition": "Clear", "timestamp": "22:40:05 CEST", "status": "NORMAL", "hasAnomaly": 0, "severity": "NONE"}}, {"type": "Feature", "geometry": {"type": "Point", "coordinates": [13.150588, 51.070763]}, "properties": {"id": "ATHER-DEW-0572", "name": "Niederstriegis", "town": "Niederstriegis, Sachsen, Germany, Europe", "country": "Europe", "temperature": 19.0, "pressure": 1011.4, "humidity": 53, "windSpeed": 0.0, "windDirection": "WSW", "condition": "Showers", "timestamp": "22:39:02 CEST", "status": "NORMAL", "hasAnomaly": 0, "severity": "NONE"}}, {"type": "Feature", "geometry": {"type": "Point", "coordinates": [13.465159, 50.859379]}, "properties": {"id": "ATHER-DEW-0573", "name": "Oberbobritzsch", "town": "Oberbobritzsch, Sachsen, Germany, Europe", "country": "Europe", "temperature": 15.0, "pressure": 1010.1, "humidity": 61, "windSpeed": 0.0, "windDirection": "SW", "condition": "Clear", "timestamp": "22:37:39 CEST", "status": "NORMAL", "hasAnomaly": 0, "severity": "NONE"}}, {"type": "Feature", "geometry": {"type": "Point", "coordinates": [12.294446, 51.82518]}, "properties": {"id": "ATHER-DEW-0574", "name": "Dessau Mildensee", "town": "Dessau Mildensee, Sachsen-Anhalt, Germany, Europe", "country": "Europe", "temperature": 18.0, "pressure": 1011.4, "humidity": 50, "windSpeed": 0.0, "windDirection": "E", "condition": "Clear", "timestamp": "22:39:48 CEST", "status": "NORMAL", "hasAnomaly": 0, "severity": "NONE"}}, {"type": "Feature", "geometry": {"type": "Point", "coordinates": [11.57414, 52.080562]}, "properties": {"id": "ATHER-DEW-0575", "name": "Ottersleben", "town": "Ottersleben, Sachsen-Anhalt, Germany, Europe", "country": "Europe", "temperature": 20.0, "pressure": 1013.3, "humidity": 43, "windSpeed": 0.0, "windDirection": "SE", "condition": "Showers", "timestamp": "22:38:39 CEST", "status": "NORMAL", "hasAnomaly": 0, "severity": "NONE"}}, {"type": "Feature", "geometry": {"type": "Point", "coordinates": [9.64311, 54.31518]}, "properties": {"id": "ATHER-DEW-0576", "name": "Rendsburg", "town": "Rendsburg, Schleswig-Holstein, Germany, Europe", "country": "Europe", "temperature": 17.0, "pressure": 1010.4, "humidity": 84, "windSpeed": 0.0, "windDirection": "NW", "condition": "Mostly Cloudy", "timestamp": "22:38:46 CEST", "status": "NORMAL", "hasAnomaly": 0, "severity": "NONE"}}, {"type": "Feature", "geometry": {"type": "Point", "coordinates": [10.86332, 50.74267]}, "properties": {"id": "ATHER-DEW-0577", "name": "Angelroda", "town": "Angelroda, Th\u00fcringen, Germany, Europe", "country": "Europe", "temperature": 16.0, "pressure": 1013.6, "humidity": 61, "windSpeed": 0.0, "windDirection": "SSW", "condition": "Clear", "timestamp": "22:32:31 CEST", "status": "NORMAL", "hasAnomaly": 0, "severity": "NONE"}}, {"type": "Feature", "geometry": {"type": "Point", "coordinates": [10.277228, 51.443062]}, "properties": {"id": "ATHER-DEW-0578", "name": "Hundeshagen Eichsfeld", "town": "Hundeshagen Eichsfeld, Th\u00fcringen, Germany, Europe", "country": "Europe", "temperature": 16.0, "pressure": 1011.6, "humidity": 59, "windSpeed": 0.0, "windDirection": "N", "condition": "Clear", "timestamp": "22:39:48 CEST", "status": "NORMAL", "hasAnomaly": 0, "severity": "NONE"}}, {"type": "Feature", "geometry": {"type": "Point", "coordinates": [11.598889, 50.947778]}, "properties": {"id": "ATHER-DEW-0579", "name": "Jena (Nord)", "town": "Jena (Nord), Th\u00fcringen, Germany, Europe", "country": "Europe", "temperature": 19.0, "pressure": 1017.9, "humidity": 52, "windSpeed": 0.0, "windDirection": "N", "condition": "Clear", "timestamp": "22:39:57 CEST", "status": "NORMAL", "hasAnomaly": 0, "severity": "NONE"}}, {"type": "Feature", "geometry": {"type": "Point", "coordinates": [12.3220813, 51.0899833]}, "properties": {"id": "ATHER-DEW-0580", "name": "Lucka", "town": "Lucka, Th\u00fcringen, Germany, Europe", "country": "Europe", "temperature": null, "pressure": null, "humidity": null, "windSpeed": null, "windDirection": null, "condition": "Offline", "timestamp": "Offline", "status": "OFFLINE", "hasAnomaly": 0, "severity": "NONE"}}, {"type": "Feature", "geometry": {"type": "Point", "coordinates": [6.37133, 51.285]}, "properties": {"id": "ATHER-ZEU-0581", "name": "Viersen", "town": "Viersen, Germany, Europe", "country": "Europe", "temperature": null, "pressure": null, "humidity": null, "windSpeed": null, "windDirection": null, "condition": "Offline", "timestamp": "Offline", "status": "OFFLINE", "hasAnomaly": 0, "severity": "NONE"}}, {"type": "Feature", "geometry": {"type": "Point", "coordinates": [6.46712, 51.2533]}, "properties": {"id": "ATHER-ZEU-0582", "name": "Willich", "town": "Willich, Germany, Europe", "country": "Europe", "temperature": 23.0, "pressure": 1007.4, "humidity": 53, "windSpeed": 2.2, "windDirection": "SE", "condition": "Partly Cloudy", "timestamp": "22:40:15 CEST", "status": "NORMAL", "hasAnomaly": 0, "severity": "NONE"}}, {"type": "Feature", "geometry": {"type": "Point", "coordinates": [9.77944, 49.4869]}, "properties": {"id": "ATHER-ZEU-0583", "name": "bad mergentheim", "town": "bad mergentheim, Germany, Europe", "country": "Europe", "temperature": null, "pressure": 0.0, "humidity": 0, "windSpeed": null, "windDirection": "CALM", "condition": "Partly Cloudy", "timestamp": "22:40:18 CEST", "status": "ANOMALY", "hasAnomaly": 1, "severity": "HIGH"}}, {"type": "Feature", "geometry": {"type": "Point", "coordinates": [24.744996, 37.88116]}, "properties": {"id": "ATHER-GRW-0584", "name": "Adros", "town": "Adros, Aegean, Greece, Europe", "country": "Europe", "temperature": 25.0, "pressure": 1012.7, "humidity": 65, "windSpeed": 14.0, "windDirection": "NNE", "condition": "Reported", "timestamp": "20:30:56 EEST", "status": "NORMAL", "hasAnomaly": 0, "severity": "NONE"}}, {"type": "Feature", "geometry": {"type": "Point", "coordinates": [26.124939, 38.317483]}, "properties": {"id": "ATHER-GRW-0585", "name": "Chios", "town": "Chios, Aegean, Greece, Europe", "country": "Europe", "temperature": 26.0, "pressure": 1011.6, "humidity": 52, "windSpeed": 13.0, "windDirection": "NNW", "condition": "Clear", "timestamp": "23:31:07 EEST", "status": "NORMAL", "hasAnomaly": 0, "severity": "NONE"}}, {"type": "Feature", "geometry": {"type": "Point", "coordinates": [25.461103, 36.843145]}, "properties": {"id": "ATHER-GRW-0586", "name": "Iraklia", "town": "Iraklia, Aegean, Greece, Europe", "country": "Europe", "temperature": 25.0, "pressure": 1011.3, "humidity": 71, "windSpeed": 6.0, "windDirection": "WNW", "condition": "Clear", "timestamp": "20:22:14 EEST", "status": "NORMAL", "hasAnomaly": 0, "severity": "NONE"}}, {"type": "Feature", "geometry": {"type": "Point", "coordinates": [26.983452, 36.947624]}, "properties": {"id": "ATHER-GRW-0587", "name": "Kalymnos", "town": "Kalymnos, Aegean, Greece, Europe", "country": "Europe", "temperature": 28.0, "pressure": 1010.4, "humidity": 46, "windSpeed": 2.0, "windDirection": "WNW", "condition": "Reported", "timestamp": "23:30:04 EEST", "status": "NORMAL", "hasAnomaly": 0, "severity": "NONE"}}, {"type": "Feature", "geometry": {"type": "Point", "coordinates": [26.92337, 35.416959]}, "properties": {"id": "ATHER-GRW-0588", "name": "Kasos", "town": "Kasos, Aegean, Greece, Europe", "country": "Europe", "temperature": 26.0, "pressure": 1011.2, "humidity": 73, "windSpeed": 16.0, "windDirection": "NW", "condition": "Reported", "timestamp": "20:25:15 EEST", "status": "NORMAL", "hasAnomaly": 0, "severity": "NONE"}}, {"type": "Feature", "geometry": {"type": "Point", "coordinates": [27.290895, 36.89388]}, "properties": {"id": "ATHER-GRW-0589", "name": "Kos", "town": "Kos, Aegean, Greece, Europe", "country": "Europe", "temperature": 26.0, "pressure": 1011.7, "humidity": 67, "windSpeed": 19.0, "windDirection": "W", "condition": "Clear", "timestamp": "20:26:34 EEST", "status": "NORMAL", "hasAnomaly": 0, "severity": "NONE"}}, {"type": "Feature", "geometry": {"type": "Point", "coordinates": [25.271816, 39.874553]}, "properties": {"id": "ATHER-GRW-0590", "name": "Lemnos", "town": "Lemnos, Aegean, Greece, Europe", "country": "Europe", "temperature": 25.0, "pressure": 1014.0, "humidity": 64, "windSpeed": 21.0, "windDirection": "NE", "condition": "Clear", "timestamp": "20:24:25 EEST", "status": "NORMAL", "hasAnomaly": 0, "severity": "NONE"}}, {"type": "Feature", "geometry": {"type": "Point", "coordinates": [26.485977, 39.179676]}, "properties": {"id": "ATHER-GRW-0591", "name": "Lesvos", "town": "Lesvos, Aegean, Greece, Europe", "country": "Europe", "temperature": 25.0, "pressure": 1014.3, "humidity": 63, "windSpeed": 19.0, "windDirection": "NE", "condition": "Clear", "timestamp": "23:35:18 EEST", "status": "NORMAL", "hasAnomaly": 0, "severity": "NONE"}}, {"type": "Feature", "geometry": {"type": "Point", "coordinates": [24.423078, 36.744418]}, "properties": {"id": "ATHER-GRW-0592", "name": "Milos", "town": "Milos, Aegean, Greece, Europe", "country": "Europe", "temperature": 24.0, "pressure": 1014.8, "humidity": 71, "windSpeed": 18.0, "windDirection": "NNW", "condition": "Clear", "timestamp": "20:33:13 EEST", "status": "NORMAL", "hasAnomaly": 0, "severity": "NONE"}}, {"type": "Feature", "geometry": {"type": "Point", "coordinates": [25.332413, 37.448079]}, "properties": {"id": "ATHER-GRW-0593", "name": "Mykonos", "town": "Mykonos, Aegean, Greece, Europe", "country": "Europe", "temperature": 25.0, "pressure": 1011.8, "humidity": 76, "windSpeed": 35.0, "windDirection": "N", "condition": "Clear", "timestamp": "20:21:37 EEST", "status": "NORMAL", "hasAnomaly": 0, "severity": "NONE"}}, {"type": "Feature", "geometry": {"type": "Point", "coordinates": [25.376361, 37.104815]}, "properties": {"id": "ATHER-GRW-0594", "name": "Naxos", "town": "Naxos, Aegean, Greece, Europe", "country": "Europe", "temperature": 25.0, "pressure": 1012.6, "humidity": 75, "windSpeed": 24.0, "windDirection": "NNE", "condition": "Reported", "timestamp": "20:23:13 EEST", "status": "NORMAL", "hasAnomaly": 0, "severity": "NONE"}}, {"type": "Feature", "geometry": {"type": "Point", "coordinates": [26.548119, 37.308245]}, "properties": {"id": "ATHER-GRW-0595", "name": "Patmos", "town": "Patmos, Aegean, Greece, Europe", "country": "Europe", "temperature": 26.0, "pressure": 1010.1, "humidity": 64, "windSpeed": 21.0, "windDirection": "NW", "condition": "Reported", "timestamp": "23:38:14 EEST", "status": "NORMAL", "hasAnomaly": 0, "severity": "NONE"}}, {"type": "Feature", "geometry": {"type": "Point", "coordinates": [28.202975, 36.403162]}, "properties": {"id": "ATHER-GRW-0596", "name": "Rhodes", "town": "Rhodes, Aegean, Greece, Europe", "country": "Europe", "temperature": 25.0, "pressure": 1009.9, "humidity": 75, "windSpeed": 8.0, "windDirection": "SSW", "condition": "Clear", "timestamp": "20:22:06 EEST", "status": "NORMAL", "hasAnomaly": 0, "severity": "NONE"}}, {"type": "Feature", "geometry": {"type": "Point", "coordinates": [26.703987, 37.791708]}, "properties": {"id": "ATHER-GRW-0597", "name": "Samos", "town": "Samos, Aegean, Greece, Europe", "country": "Europe", "temperature": 26.0, "pressure": 1009.6, "humidity": 59, "windSpeed": 5.0, "windDirection": "N", "condition": "Reported", "timestamp": "23:39:34 EEST", "status": "NORMAL", "hasAnomaly": 0, "severity": "NONE"}}, {"type": "Feature", "geometry": {"type": "Point", "coordinates": [24.537393, 38.842111]}, "properties": {"id": "ATHER-GRW-0598", "name": "Skyros", "town": "Skyros, Aegean, Greece, Europe", "country": "Europe", "temperature": 25.0, "pressure": 1014.6, "humidity": 65, "windSpeed": 21.0, "windDirection": "NNW", "condition": "Reported", "timestamp": "20:21:47 EEST", "status": "NORMAL", "hasAnomaly": 0, "severity": "NONE"}}, {"type": "Feature", "geometry": {"type": "Point", "coordinates": [24.3828, 40.1709]}, "properties": {"id": "ATHER-ZEU-0599", "name": "Agion Oros", "town": "Agion Oros, Greece, Europe", "country": "Europe", "temperature": null, "pressure": null, "humidity": null, "windSpeed": null, "windDirection": null, "condition": "Offline", "timestamp": "Offline", "status": "OFFLINE", "hasAnomaly": 0, "severity": "NONE"}}, {"type": "Feature", "geometry": {"type": "Point", "coordinates": [24.9318, 37.839]}, "properties": {"id": "ATHER-ZEU-0600", "name": "Andros", "town": "Andros, Greece, Europe", "country": "Europe", "temperature": 26.0, "pressure": 1014.1, "humidity": 58, "windSpeed": 11.9, "windDirection": "NE", "condition": "Partly Cloudy", "timestamp": "22:40:14 CEST", "status": "NORMAL", "hasAnomaly": 0, "severity": "NONE"}}, {"type": "Feature", "geometry": {"type": "Point", "coordinates": [23.72, 38.08]}, "properties": {"id": "ATHER-ZEU-0601", "name": "Ano Liosia", "town": "Ano Liosia, Greece, Europe", "country": "Europe", "temperature": 23.0, "pressure": 1015.2, "humidity": 36, "windSpeed": 5.8, "windDirection": "NW", "condition": "Partly Cloudy", "timestamp": "22:40:19 CEST", "status": "NORMAL", "hasAnomaly": 0, "severity": "NONE"}}, {"type": "Feature", "geometry": {"type": "Point", "coordinates": [23.930109, 37.880205]}, "properties": {"id": "ATHER-GRW-0602", "name": "Kalyvia Thorikou", "town": "Kalyvia Thorikou , Attica, Greece, Europe", "country": "Europe", "temperature": 25.0, "pressure": 1015.7, "humidity": 49, "windSpeed": 5.0, "windDirection": "NE", "condition": "Clear", "timestamp": "00:36:01 EEST", "status": "NORMAL", "hasAnomaly": 0, "severity": "NONE"}}, {"type": "Feature", "geometry": {"type": "Point", "coordinates": [21.399693, 38.641317]}, "properties": {"id": "ATHER-GRW-0603", "name": "Agrinio", "town": "Agrinio, Central Greece, Greece, Europe", "country": "Europe", "temperature": 26.0, "pressure": 1012.9, "humidity": 55, "windSpeed": 3.0, "windDirection": "NE", "condition": "Few Clouds", "timestamp": "20:21:44 EEST", "status": "NORMAL", "hasAnomaly": 0, "severity": "NONE"}}, {"type": "Feature", "geometry": {"type": "Point", "coordinates": [22.582471, 38.480345]}, "properties": {"id": "ATHER-GRW-0604", "name": "Arachova", "town": "Arachova, Central Greece, Greece, Europe", "country": "Europe", "temperature": 19.0, "pressure": 1014.8, "humidity": 53, "windSpeed": 0.0, "windDirection": "ESE", "condition": "Reported", "timestamp": "23:38:30 EEST", "status": "NORMAL", "hasAnomaly": 0, "severity": "NONE"}}, {"type": "Feature", "geometry": {"type": "Point", "coordinates": [23.602407, 38.464]}, "properties": {"id": "ATHER-GRW-0605", "name": "Chalkida", "town": "Chalkida, Central Greece, Greece, Europe", "country": "Europe", "temperature": 25.0, "pressure": 1015.9, "humidity": 52, "windSpeed": 3.0, "windDirection": "NNE", "condition": "Clear", "timestamp": "23:40:05 EEST", "status": "NORMAL", "hasAnomaly": 0, "severity": "NONE"}}, {"type": "Feature", "geometry": {"type": "Point", "coordinates": [21.788865, 38.916891]}, "properties": {"id": "ATHER-GRW-0606", "name": "Karpenisi", "town": "Karpenisi, Central Greece, Greece, Europe", "country": "Europe", "temperature": 17.0, "pressure": 1016.8, "humidity": 75, "windSpeed": 3.0, "windDirection": "NNW", "condition": "Few Clouds", "timestamp": "20:32:18 EEST", "status": "NORMAL", "hasAnomaly": 0, "severity": "NONE"}}, {"type": "Feature", "geometry": {"type": "Point", "coordinates": [24.107199, 38.641512]}, "properties": {"id": "ATHER-GRW-0607", "name": "Kymi", "town": "Kymi, Central Greece, Greece, Europe", "country": "Europe", "temperature": 24.0, "pressure": 1013.0, "humidity": 50, "windSpeed": 11.0, "windDirection": "N", "condition": "Reported", "timestamp": "23:33:29 EEST", "status": "NORMAL", "hasAnomaly": 0, "severity": "NONE"}}, {"type": "Feature", "geometry": {"type": "Point", "coordinates": [22.432332, 38.914803]}, "properties": {"id": "ATHER-GRW-0608", "name": "Lamia", "town": "Lamia, Central Greece, Greece, Europe", "country": "Europe", "temperature": null, "pressure": null, "humidity": null, "windSpeed": null, "windDirection": null, "condition": "Offline", "timestamp": "Offline", "status": "OFFLINE", "hasAnomaly": 0, "severity": "NONE"}}, {"type": "Feature", "geometry": {"type": "Point", "coordinates": [22.878485, 38.436524]}, "properties": {"id": "ATHER-GRW-0609", "name": "Livadia", "town": "Livadia, Central Greece, Greece, Europe", "country": "Europe", "temperature": 23.0, "pressure": 1017.3, "humidity": 58, "windSpeed": 2.0, "windDirection": "SE", "condition": "Reported", "timestamp": "23:36:14 EEST", "status": "NORMAL", "hasAnomaly": 0, "severity": "NONE"}}, {"type": "Feature", "geometry": {"type": "Point", "coordinates": [23.189613, 38.661752]}, "properties": {"id": "ATHER-GRW-0610", "name": "Theologos", "town": "Theologos, Central Greece, Greece, Europe", "country": "Europe", "temperature": 21.0, "pressure": 1016.4, "humidity": 76, "windSpeed": 6.0, "windDirection": "N", "condition": "Reported", "timestamp": "20:20:39 EEST", "status": "NORMAL", "hasAnomaly": 0, "severity": "NONE"}}, {"type": "Feature", "geometry": {"type": "Point", "coordinates": [25.717535, 35.189162]}, "properties": {"id": "ATHER-GRW-0611", "name": "Agios Nikolaos", "town": "Agios Nikolaos, Crete, Greece, Europe", "country": "Europe", "temperature": null, "pressure": null, "humidity": null, "windSpeed": null, "windDirection": null, "condition": "Offline", "timestamp": "Offline", "status": "OFFLINE", "hasAnomaly": 0, "severity": "NONE"}}, {"type": "Feature", "geometry": {"type": "Point", "coordinates": [24.01886, 35.503574]}, "properties": {"id": "ATHER-GRW-0612", "name": "Chania", "town": "Chania, Crete, Greece, Europe", "country": "Europe", "temperature": 23.0, "pressure": 1014.2, "humidity": 64, "windSpeed": 0.0, "windDirection": "WNW", "condition": "Few Clouds", "timestamp": "20:31:09 EEST", "status": "NORMAL", "hasAnomaly": 0, "severity": "NONE"}}, {"type": "Feature", "geometry": {"type": "Point", "coordinates": [25.142727, 35.342397]}, "properties": {"id": "ATHER-GRW-0613", "name": "Heraklion", "town": "Heraklion, Crete, Greece, Europe", "country": "Europe", "temperature": 25.0, "pressure": 1013.1, "humidity": 71, "windSpeed": 13.0, "windDirection": "N", "condition": "Few Clouds", "timestamp": "23:33:30 EEST", "status": "NORMAL", "hasAnomaly": 0, "severity": "NONE"}}, {"type": "Feature", "geometry": {"type": "Point", "coordinates": [25.741096, 35.011927]}, "properties": {"id": "ATHER-GRW-0614", "name": "Ierapetra", "town": "Ierapetra, Crete, Greece, Europe", "country": "Europe", "temperature": 25.0, "pressure": 1011.3, "humidity": 62, "windSpeed": 24.0, "windDirection": "N", "condition": "Reported", "timestamp": "20:23:11 EEST", "status": "NORMAL", "hasAnomaly": 0, "severity": "NONE"}}, {"type": "Feature", "geometry": {"type": "Point", "coordinates": [23.68309, 35.230809]}, "properties": {"id": "ATHER-GRW-0615", "name": "Paleochora", "town": "Paleochora, Crete, Greece, Europe", "country": "Europe", "temperature": 27.0, "pressure": 1011.1, "humidity": 37, "windSpeed": 11.0, "windDirection": "E", "condition": "Reported", "timestamp": "23:35:19 EEST", "status": "NORMAL", "hasAnomaly": 0, "severity": "NONE"}}, {"type": "Feature", "geometry": {"type": "Point", "coordinates": [24.475479, 35.361467]}, "properties": {"id": "ATHER-GRW-0616", "name": "Rethymno", "town": "Rethymno, Crete, Greece, Europe", "country": "Europe", "temperature": 25.0, "pressure": 1013.9, "humidity": 63, "windSpeed": 21.0, "windDirection": "NW", "condition": "Reported", "timestamp": "20:21:15 EEST", "status": "NORMAL", "hasAnomaly": 0, "severity": "NONE"}}, {"type": "Feature", "geometry": {"type": "Point", "coordinates": [22.8562, 40.6865]}, "properties": {"id": "ATHER-ZEU-0617", "name": "Diavata", "town": "Diavata, Thessaloniki, Greece, Europe", "country": "Europe", "temperature": 25.0, "pressure": 1015.2, "humidity": 75, "windSpeed": 0.0, "windDirection": "SE", "condition": "Partly Cloudy", "timestamp": "22:39:10 CEST", "status": "NORMAL", "hasAnomaly": 0, "severity": "NONE"}}, {"type": "Feature", "geometry": {"type": "Point", "coordinates": [19.7392, 39.691]}, "properties": {"id": "ATHER-ZEU-0618", "name": "Doukades", "town": "Doukades, Greece, Europe", "country": "Europe", "temperature": null, "pressure": null, "humidity": null, "windSpeed": null, "windDirection": null, "condition": "Offline", "timestamp": "Offline", "status": "OFFLINE", "hasAnomaly": 0, "severity": "NONE"}}, {"type": "Feature", "geometry": {"type": "Point", "coordinates": [24.1498, 41.17]}, "properties": {"id": "ATHER-ZEU-0619", "name": "Drama - Center", "town": "Drama - Center, Greece, Europe", "country": "Europe", "temperature": 25.0, "pressure": 1015.1, "humidity": 57, "windSpeed": 3.2, "windDirection": "ENE", "condition": "Partly Cloudy", "timestamp": "22:39:44 CEST", "status": "NORMAL", "hasAnomaly": 0, "severity": "NONE"}}, {"type": "Feature", "geometry": {"type": "Point", "coordinates": [20.846558, 39.659956]}, "properties": {"id": "ATHER-GRW-0620", "name": "Ioannina", "town": "Ioannina, Epirus, Greece, Europe", "country": "Europe", "temperature": null, "pressure": null, "humidity": null, "windSpeed": null, "windDirection": null, "condition": "Offline", "timestamp": "Offline", "status": "OFFLINE", "hasAnomaly": 0, "severity": "NONE"}}, {"type": "Feature", "geometry": {"type": "Point", "coordinates": [20.720202, 38.990101]}, "properties": {"id": "ATHER-GRW-0621", "name": "Preveza", "town": "Preveza, Epirus, Greece, Europe", "country": "Europe", "temperature": 26.0, "pressure": 1014.5, "humidity": 87, "windSpeed": 0.0, "windDirection": "NW", "condition": "Few Clouds", "timestamp": "20:27:32 EEST", "status": "NORMAL", "hasAnomaly": 0, "severity": "NONE"}}, {"type": "Feature", "geometry": {"type": "Point", "coordinates": [21.6799, 39.303]}, "properties": {"id": "ATHER-ZEU-0622", "name": "Fylakti", "town": "Fylakti,Karditsa, Greece, Europe", "country": "Europe", "temperature": 17.0, "pressure": 1018.1, "humidity": 42, "windSpeed": 0.0, "windDirection": "S", "condition": "Partly Cloudy", "timestamp": "22:40:13 CEST", "status": "NORMAL", "hasAnomaly": 0, "severity": "NONE"}}, {"type": "Feature", "geometry": {"type": "Point", "coordinates": [20.718842, 38.362047]}, "properties": {"id": "ATHER-GRW-0623", "name": "Ithaki", "town": "Ithaki, Ionian Islands, Greece, Europe", "country": "Europe", "temperature": 28.0, "pressure": 1014.3, "humidity": 71, "windSpeed": 5.0, "windDirection": "ESE", "condition": "Clear", "timestamp": "23:39:18 EEST", "status": "NORMAL", "hasAnomaly": 0, "severity": "NONE"}}, {"type": "Feature", "geometry": {"type": "Point", "coordinates": [19.85281, 39.648359]}, "properties": {"id": "ATHER-GRW-0624", "name": "Kerkyra", "town": "Kerkyra, Ionian Islands, Greece, Europe", "country": "Europe", "temperature": 27.0, "pressure": 1013.0, "humidity": 70, "windSpeed": 2.0, "windDirection": "WSW", "condition": "Partly Cloudy", "timestamp": "23:30:42 EEST", "status": "NORMAL", "hasAnomaly": 0, "severity": "NONE"}}, {"type": "Feature", "geometry": {"type": "Point", "coordinates": [20.161285, 39.195935]}, "properties": {"id": "ATHER-GRW-0625", "name": "Paxoi", "town": "Paxoi, Ionian Islands, Greece, Europe", "country": "Europe", "temperature": 26.0, "pressure": 1012.9, "humidity": 86, "windSpeed": 5.0, "windDirection": "W", "condition": "Partly Cloudy", "timestamp": "23:30:42 EEST", "status": "NORMAL", "hasAnomaly": 0, "severity": "NONE"}}, {"type": "Feature", "geometry": {"type": "Point", "coordinates": [20.852644, 37.788588]}, "properties": {"id": "ATHER-GRW-0626", "name": "Zakynthos", "town": "Zakynthos, Ionian Islands, Greece, Europe", "country": "Europe", "temperature": 24.0, "pressure": 1013.1, "humidity": 66, "windSpeed": 0.0, "windDirection": "S", "condition": "Reported", "timestamp": "20:21:02 EEST", "status": "NORMAL", "hasAnomaly": 0, "severity": "NONE"}}, {"type": "Feature", "geometry": {"type": "Point", "coordinates": [23.7885, 38.1987]}, "properties": {"id": "ATHER-ZEU-0627", "name": "Ippokrateios Politeia", "town": "Ippokrateios Politeia, Greece, Europe", "country": "Europe", "temperature": 18.0, "pressure": 1016.9, "humidity": 60, "windSpeed": 2.2, "windDirection": "N", "condition": "Partly Cloudy", "timestamp": "22:30:15 CEST", "status": "NORMAL", "hasAnomaly": 0, "severity": "NONE"}}, {"type": "Feature", "geometry": {"type": "Point", "coordinates": [21.78, 38.9]}, "properties": {"id": "ATHER-ZEU-0628", "name": "Karpenisi", "town": "Karpenisi, Greece, Europe", "country": "Europe", "temperature": 17.0, "pressure": 1018.7, "humidity": 85, "windSpeed": 0.0, "windDirection": "SE", "condition": "Partly Cloudy", "timestamp": "22:40:11 CEST", "status": "NORMAL", "hasAnomaly": 0, "severity": "NONE"}}, {"type": "Feature", "geometry": {"type": "Point", "coordinates": [24.4003, 40.9403]}, "properties": {"id": "ATHER-ZEU-0629", "name": "Kavala", "town": "Kavala, Greece, Europe", "country": "Europe", "temperature": 25.0, "pressure": 1016.5, "humidity": 65, "windSpeed": 0.0, "windDirection": "SSW", "condition": "Partly Cloudy", "timestamp": "22:40:20 CEST", "status": "NORMAL", "hasAnomaly": 0, "severity": "NONE"}}, {"type": "Feature", "geometry": {"type": "Point", "coordinates": [23.1382, 38.4551]}, "properties": {"id": "ATHER-ZEU-0630", "name": "Kopaida drained lake", "town": "Kopaida drained lake, Viotia, Greece, Europe", "country": "Europe", "temperature": 20.0, "pressure": 1016.4, "humidity": 69, "windSpeed": 6.5, "windDirection": "WNW", "condition": "Cloudy", "timestamp": "22:39:52 CEST", "status": "NORMAL", "hasAnomaly": 0, "severity": "NONE"}}, {"type": "Feature", "geometry": {"type": "Point", "coordinates": [22.4444, 38.9389]}, "properties": {"id": "ATHER-ZEU-0631", "name": "Lamia", "town": "Lamia, Greece, Europe", "country": "Europe", "temperature": null, "pressure": null, "humidity": null, "windSpeed": null, "windDirection": null, "condition": "Offline", "timestamp": "Offline", "status": "OFFLINE", "hasAnomaly": 0, "severity": "NONE"}}, {"type": "Feature", "geometry": {"type": "Point", "coordinates": [22.486181, 40.172691]}, "properties": {"id": "ATHER-GRW-0632", "name": "Dion", "town": "Dion, Macedonia, Greece, Europe", "country": "Europe", "temperature": null, "pressure": null, "humidity": null, "windSpeed": null, "windDirection": null, "condition": "Offline", "timestamp": "Offline", "status": "OFFLINE", "hasAnomaly": 0, "severity": "NONE"}}, {"type": "Feature", "geometry": {"type": "Point", "coordinates": [24.1025, 41.155833]}, "properties": {"id": "ATHER-GRW-0633", "name": "Drama", "town": "Drama, Macedonia, Greece, Europe", "country": "Europe", "temperature": 21.0, "pressure": 1016.1, "humidity": 75, "windSpeed": 0.0, "windDirection": "SSE", "condition": "Clear", "timestamp": "23:40:12 EEST", "status": "NORMAL", "hasAnomaly": 0, "severity": "NONE"}}, {"type": "Feature", "geometry": {"type": "Point", "coordinates": [21.41098, 40.782032]}, "properties": {"id": "ATHER-GRW-0634", "name": "Florina", "town": "Florina, Macedonia, Greece, Europe", "country": "Europe", "temperature": 19.0, "pressure": 1017.5, "humidity": 69, "windSpeed": 0.0, "windDirection": "WSW", "condition": "Reported", "timestamp": "23:30:26 EEST", "status": "NORMAL", "hasAnomaly": 0, "severity": "NONE"}}, {"type": "Feature", "geometry": {"type": "Point", "coordinates": [21.426773, 40.083185]}, "properties": {"id": "ATHER-GRW-0635", "name": "Grevena", "town": "Grevena, Macedonia, Greece, Europe", "country": "Europe", "temperature": 19.0, "pressure": 1015.2, "humidity": 85, "windSpeed": 0.0, "windDirection": "E", "condition": "Reported", "timestamp": "20:20:30 EEST", "status": "NORMAL", "hasAnomaly": 0, "severity": "NONE"}}, {"type": "Feature", "geometry": {"type": "Point", "coordinates": [21.32206, 40.504855]}, "properties": {"id": "ATHER-GRW-0636", "name": "Kastoria", "town": "Kastoria, Macedonia, Greece, Europe", "country": "Europe", "temperature": 23.0, "pressure": 1014.2, "humidity": 65, "windSpeed": 2.0, "windDirection": "S", "condition": "Reported", "timestamp": "23:34:34 EEST", "status": "NORMAL", "hasAnomaly": 0, "severity": "NONE"}}, {"type": "Feature", "geometry": {"type": "Point", "coordinates": [24.400282, 40.940281]}, "properties": {"id": "ATHER-GRW-0637", "name": "Kavala", "town": "Kavala, Macedonia, Greece, Europe", "country": "Europe", "temperature": 25.0, "pressure": 1016.5, "humidity": 65, "windSpeed": 0.0, "windDirection": "SSW", "condition": "Few Clouds", "timestamp": "23:40:00 EEST", "status": "NORMAL", "hasAnomaly": 0, "severity": "NONE"}}, {"type": "Feature", "geometry": {"type": "Point", "coordinates": [22.878629, 41.032586]}, "properties": {"id": "ATHER-GRW-0638", "name": "Kilkis", "town": "Kilkis, Macedonia, Greece, Europe", "country": "Europe", "temperature": 21.0, "pressure": 1015.8, "humidity": 81, "windSpeed": 3.0, "windDirection": "ENE", "condition": "Reported", "timestamp": "23:35:50 EEST", "status": "NORMAL", "hasAnomaly": 0, "severity": "NONE"}}, {"type": "Feature", "geometry": {"type": "Point", "coordinates": [23.866596, 41.343798]}, "properties": {"id": "ATHER-GRW-0639", "name": "Nevrokopi", "town": "Nevrokopi, Macedonia, Greece, Europe", "country": "Europe", "temperature": 19.0, "pressure": 1015.0, "humidity": 69, "windSpeed": 5.0, "windDirection": "E", "condition": "Reported", "timestamp": "20:24:24 EEST", "status": "NORMAL", "hasAnomaly": 0, "severity": "NONE"}}, {"type": "Feature", "geometry": {"type": "Point", "coordinates": [23.444481, 40.377003]}, "properties": {"id": "ATHER-GRW-0640", "name": "Polygyros", "town": "Polygyros, Macedonia, Greece, Europe", "country": "Europe", "temperature": 23.0, "pressure": 1014.4, "humidity": 52, "windSpeed": 11.0, "windDirection": "E", "condition": "Reported", "timestamp": "23:30:39 EEST", "status": "NORMAL", "hasAnomaly": 0, "severity": "NONE"}}, {"type": "Feature", "geometry": {"type": "Point", "coordinates": [24.708685, 40.778655]}, "properties": {"id": "ATHER-GRW-0641", "name": "Thasos", "town": "Thasos, Macedonia, Greece, Europe", "country": "Europe", "temperature": 24.0, "pressure": 1015.5, "humidity": 59, "windSpeed": 2.0, "windDirection": "SSE", "condition": "Few Clouds", "timestamp": "20:28:31 EEST", "status": "NORMAL", "hasAnomaly": 0, "severity": "NONE"}}, {"type": "Feature", "geometry": {"type": "Point", "coordinates": [22.948056, 40.631667]}, "properties": {"id": "ATHER-GRW-0642", "name": "Thessaloniki", "town": "Thessaloniki, Macedonia, Greece, Europe", "country": "Europe", "temperature": 26.0, "pressure": 1016.6, "humidity": 65, "windSpeed": 2.0, "windDirection": "ESE", "condition": "Few Clouds", "timestamp": "23:40:17 EEST", "status": "NORMAL", "hasAnomaly": 0, "severity": "NONE"}}, {"type": "Feature", "geometry": {"type": "Point", "coordinates": [22.201824, 40.523194]}, "properties": {"id": "ATHER-GRW-0643", "name": "Veria", "town": "Veria, Macedonia, Greece, Europe", "country": "Europe", "temperature": 25.0, "pressure": 1013.0, "humidity": 63, "windSpeed": 0.0, "windDirection": "WNW", "condition": "Few Clouds", "timestamp": "23:35:37 EEST", "status": "NORMAL", "hasAnomaly": 0, "severity": "NONE"}}, {"type": "Feature", "geometry": {"type": "Point", "coordinates": [22.6092, 40.4187]}, "properties": {"id": "ATHER-ZEU-0644", "name": "Makrigialos", "town": "Makrigialos, Pieria, Greece, Europe", "country": "Europe", "temperature": null, "pressure": null, "humidity": null, "windSpeed": null, "windDirection": null, "condition": "Offline", "timestamp": "Offline", "status": "OFFLINE", "hasAnomaly": 0, "severity": "NONE"}}, {"type": "Feature", "geometry": {"type": "Point", "coordinates": [23.8, 38.06]}, "properties": {"id": "ATHER-ZEU-0645", "name": "Maroussi", "town": "Maroussi, Greece, Europe", "country": "Europe", "temperature": 23.0, "pressure": 1021.1, "humidity": 42, "windSpeed": 1.8, "windDirection": "W", "condition": "Partly Cloudy", "timestamp": "22:39:55 CEST", "status": "NORMAL", "hasAnomaly": 0, "severity": "NONE"}}, {"type": "Feature", "geometry": {"type": "Point", "coordinates": [23.732, 38.097]}, "properties": {"id": "ATHER-ZEU-0646", "name": "Meteoacharnes", "town": "Meteoacharnes, Greece, Europe", "country": "Europe", "temperature": 25.0, "pressure": 1015.4, "humidity": 50, "windSpeed": 7.9, "windDirection": "NNE", "condition": "Partly Cloudy", "timestamp": "22:40:09 CEST", "status": "NORMAL", "hasAnomaly": 0, "severity": "NONE"}}, {"type": "Feature", "geometry": {"type": "Point", "coordinates": [22.9166, 40.7221]}, "properties": {"id": "ATHER-ZEU-0647", "name": "ORAIOKASTRO", "town": "ORAIOKASTRO, Greece, Europe", "country": "Europe", "temperature": 23.0, "pressure": 1016.5, "humidity": 75, "windSpeed": 0.0, "windDirection": "S", "condition": "Partly Cloudy", "timestamp": "22:40:00 CEST", "status": "NORMAL", "hasAnomaly": 0, "severity": "NONE"}}, {"type": "Feature", "geometry": {"type": "Point", "coordinates": [23.642, 38.309]}, "properties": {"id": "ATHER-ZEU-0648", "name": "Oinofyta Voiotias", "town": "Oinofyta Voiotias, Greece, Europe", "country": "Europe", "temperature": 22.0, "pressure": 1016.4, "humidity": 56, "windSpeed": 4.3, "windDirection": "W", "condition": "Partly Cloudy", "timestamp": "22:39:11 CEST", "status": "NORMAL", "hasAnomaly": 0, "severity": "NONE"}}, {"type": "Feature", "geometry": {"type": "Point", "coordinates": [21.0281, 39.7722]}, "properties": {"id": "ATHER-ZEU-0649", "name": "PETRA ZAGORIOY", "town": "PETRA ZAGORIOY, Greece, Europe", "country": "Europe", "temperature": null, "pressure": null, "humidity": null, "windSpeed": null, "windDirection": null, "condition": "Offline", "timestamp": "Offline", "status": "OFFLINE", "hasAnomaly": 0, "severity": "NONE"}}, {"type": "Feature", "geometry": {"type": "Point", "coordinates": [23.91, 40.76]}, "properties": {"id": "ATHER-ZEU-0650", "name": "Paralia Ofryniou (Touzla)", "town": "Paralia Ofryniou (Touzla), Greece, Europe", "country": "Europe", "temperature": null, "pressure": null, "humidity": null, "windSpeed": null, "windDirection": null, "condition": "Offline", "timestamp": "Offline", "status": "OFFLINE", "hasAnomaly": 0, "severity": "NONE"}}, {"type": "Feature", "geometry": {"type": "Point", "coordinates": [21.7511, 38.2389]}, "properties": {"id": "ATHER-ZEU-0651", "name": "Patra", "town": "Patra, Greece, Europe", "country": "Europe", "temperature": 27.0, "pressure": 1014.2, "humidity": 51, "windSpeed": 0.4, "windDirection": "ESE", "condition": "Partly Cloudy", "timestamp": "22:34:32 CEST", "status": "NORMAL", "hasAnomaly": 0, "severity": "NONE"}}, {"type": "Feature", "geometry": {"type": "Point", "coordinates": [21.904596, 37.483284]}, "properties": {"id": "ATHER-GRW-0652", "name": "Andritsaina", "town": "Andritsaina, Peloponnese, Greece, Europe", "country": "Europe", "temperature": 19.0, "pressure": 1014.1, "humidity": 86, "windSpeed": 0.0, "windDirection": "NNW", "condition": "Few Clouds", "timestamp": "20:26:28 EEST", "status": "NORMAL", "hasAnomaly": 0, "severity": "NONE"}}, {"type": "Feature", "geometry": {"type": "Point", "coordinates": [22.733865, 37.646518]}, "properties": {"id": "ATHER-GRW-0653", "name": "Argos", "town": "Argos, Peloponnese, Greece, Europe", "country": "Europe", "temperature": 26.0, "pressure": 1015.4, "humidity": 45, "windSpeed": 0.0, "windDirection": "WNW", "condition": "Reported", "timestamp": "20:24:08 EEST", "status": "NORMAL", "hasAnomaly": 0, "severity": "NONE"}}, {"type": "Feature", "geometry": {"type": "Point", "coordinates": [23.006916, 37.91803]}, "properties": {"id": "ATHER-GRW-0654", "name": "Isthmos", "town": "Isthmos, Peloponnese, Greece, Europe", "country": "Europe", "temperature": 26.0, "pressure": 1012.8, "humidity": 43, "windSpeed": 3.0, "windDirection": "SSW", "condition": "Reported", "timestamp": "20:22:56 EEST", "status": "NORMAL", "hasAnomaly": 0, "severity": "NONE"}}, {"type": "Feature", "geometry": {"type": "Point", "coordinates": [22.106944, 37.033056]}, "properties": {"id": "ATHER-GRW-0655", "name": "Kalamata", "town": "Kalamata, Peloponnese, Greece, Europe", "country": "Europe", "temperature": 27.0, "pressure": 1012.2, "humidity": 52, "windSpeed": 10.0, "windDirection": "NE", "condition": "Few Clouds", "timestamp": "23:30:34 EEST", "status": "NORMAL", "hasAnomaly": 0, "severity": "NONE"}}, {"type": "Feature", "geometry": {"type": "Point", "coordinates": [21.679607, 37.250111]}, "properties": {"id": "ATHER-GRW-0656", "name": "Kyparissia", "town": "Kyparissia, Peloponnese, Greece, Europe", "country": "Europe", "temperature": 24.0, "pressure": 1014.0, "humidity": 72, "windSpeed": 0.0, "windDirection": "W", "condition": "Reported", "timestamp": "20:25:59 EEST", "status": "NORMAL", "hasAnomaly": 0, "severity": "NONE"}}, {"type": "Feature", "geometry": {"type": "Point", "coordinates": [22.138138, 37.397837]}, "properties": {"id": "ATHER-GRW-0657", "name": "Megalopoli", "town": "Megalopoli, Peloponnese, Greece, Europe", "country": "Europe", "temperature": 21.0, "pressure": 1014.2, "humidity": 61, "windSpeed": 5.0, "windDirection": "W", "condition": "Reported", "timestamp": "23:32:40 EEST", "status": "NORMAL", "hasAnomaly": 0, "severity": "NONE"}}, {"type": "Feature", "geometry": {"type": "Point", "coordinates": [22.855682, 36.802394]}, "properties": {"id": "ATHER-GRW-0658", "name": "Molaoi", "town": "Molaoi, Peloponnese, Greece, Europe", "country": "Europe", "temperature": 24.0, "pressure": 1014.0, "humidity": 68, "windSpeed": 2.0, "windDirection": "SSW", "condition": "Reported", "timestamp": "23:30:24 EEST", "status": "NORMAL", "hasAnomaly": 0, "severity": "NONE"}}, {"type": "Feature", "geometry": {"type": "Point", "coordinates": [23.045345, 36.73929]}, "properties": {"id": "ATHER-GRW-0659", "name": "Monemvasia", "town": "Monemvasia, Peloponnese, Greece, Europe", "country": "Europe", "temperature": 26.0, "pressure": 1014.8, "humidity": 64, "windSpeed": 16.0, "windDirection": "NNE", "condition": "Reported", "timestamp": "20:24:21 EEST", "status": "NORMAL", "hasAnomaly": 0, "severity": "NONE"}}, {"type": "Feature", "geometry": {"type": "Point", "coordinates": [21.537869, 37.728177]}, "properties": {"id": "ATHER-GRW-0660", "name": "Oleni", "town": "Oleni, Peloponnese, Greece, Europe", "country": "Europe", "temperature": 21.0, "pressure": 1013.4, "humidity": 85, "windSpeed": 0.0, "windDirection": "NNW", "condition": "Reported", "timestamp": "20:26:42 EEST", "status": "NORMAL", "hasAnomaly": 0, "severity": "NONE"}}, {"type": "Feature", "geometry": {"type": "Point", "coordinates": [21.743333, 38.234722]}, "properties": {"id": "ATHER-GRW-0661", "name": "Patra", "town": "Patra, Peloponnese, Greece, Europe", "country": "Europe", "temperature": 28.0, "pressure": 1013.6, "humidity": 49, "windSpeed": 3.0, "windDirection": "N", "condition": "Clear", "timestamp": "23:30:25 EEST", "status": "NORMAL", "hasAnomaly": 0, "severity": "NONE"}}, {"type": "Feature", "geometry": {"type": "Point", "coordinates": [21.695427, 36.914432]}, "properties": {"id": "ATHER-GRW-0662", "name": "Pylos", "town": "Pylos, Peloponnese, Greece, Europe", "country": "Europe", "temperature": 27.0, "pressure": 1014.3, "humidity": 71, "windSpeed": 10.0, "windDirection": "ENE", "condition": "Few Clouds", "timestamp": "20:30:59 EEST", "status": "NORMAL", "hasAnomaly": 0, "severity": "NONE"}}, {"type": "Feature", "geometry": {"type": "Point", "coordinates": [21.206703, 37.862043]}, "properties": {"id": "ATHER-GRW-0663", "name": "Vartholomio", "town": "Vartholomio, Peloponnese, Greece, Europe", "country": "Europe", "temperature": 22.0, "pressure": 1016.5, "humidity": 85, "windSpeed": 0.0, "windDirection": "NNW", "condition": "Clear", "timestamp": "20:32:15 EEST", "status": "NORMAL", "hasAnomaly": 0, "severity": "NONE"}}, {"type": "Feature", "geometry": {"type": "Point", "coordinates": [39.44, 19.5]}, "properties": {"id": "ATHER-ZEU-0664", "name": "Petalia Corfu", "town": "Petalia Corfu, Greece, Europe", "country": "Europe", "temperature": 20.0, "pressure": 0.0, "humidity": 88, "windSpeed": 0.0, "windDirection": "E", "condition": "Partly Cloudy", "timestamp": "22:40:13 CEST", "status": "ANOMALY", "hasAnomaly": 1, "severity": "HIGH"}}, {"type": "Feature", "geometry": {"type": "Point", "coordinates": [22.7816, 38.8923]}, "properties": {"id": "ATHER-ZEU-0665", "name": "Raches Fthiotidas", "town": "Raches Fthiotidas, Greece, Europe", "country": "Europe", "temperature": 23.0, "pressure": 1014.0, "humidity": 60, "windSpeed": 1.1, "windDirection": "W", "condition": "Partly Cloudy", "timestamp": "22:39:56 CEST", "status": "NORMAL", "hasAnomaly": 0, "severity": "NONE"}}, {"type": "Feature", "geometry": {"type": "Point", "coordinates": [23.9758, 40.9207]}, "properties": {"id": "ATHER-ZEU-0666", "name": "Rodolivos Serres", "town": "Rodolivos Serres, Greece, Europe", "country": "Europe", "temperature": 22.0, "pressure": 1017.6, "humidity": 60, "windSpeed": 0.4, "windDirection": "E", "condition": "Partly Cloudy", "timestamp": "22:16:11 CEST", "status": "NORMAL", "hasAnomaly": 0, "severity": "NONE"}}, {"type": "Feature", "geometry": {"type": "Point", "coordinates": [22.1247, 40.6037]}, "properties": {"id": "ATHER-ZEU-0667", "name": "Stenimachos", "town": "Stenimachos, Greece, Europe", "country": "Europe", "temperature": 22.0, "pressure": 1016.0, "humidity": 68, "windSpeed": 7.6, "windDirection": "WSW", "condition": "Partly Cloudy", "timestamp": "22:39:50 CEST", "status": "NORMAL", "hasAnomaly": 0, "severity": "NONE"}}, {"type": "Feature", "geometry": {"type": "Point", "coordinates": [22.6653, 38.0601]}, "properties": {"id": "ATHER-ZEU-0668", "name": "Sykia", "town": "Sykia, Corinthia in Peloponnese, Greece, Europe", "country": "Europe", "temperature": 24.0, "pressure": 1014.1, "humidity": 51, "windSpeed": 4.7, "windDirection": "SSW", "condition": "Partly Cloudy", "timestamp": "22:39:18 CEST", "status": "NORMAL", "hasAnomaly": 0, "severity": "NONE"}}, {"type": "Feature", "geometry": {"type": "Point", "coordinates": [22.9747, 40.5665]}, "properties": {"id": "ATHER-ZEU-0669", "name": "Thessaloniki-K.Pylea", "town": "Thessaloniki-K.Pylea, Greece, Europe", "country": "Europe", "temperature": 25.0, "pressure": 1016.4, "humidity": 69, "windSpeed": 0.0, "windDirection": "SE", "condition": "Partly Cloudy", "timestamp": "22:40:20 CEST", "status": "NORMAL", "hasAnomaly": 0, "severity": "NONE"}}, {"type": "Feature", "geometry": {"type": "Point", "coordinates": [22.76197, 39.71614]}, "properties": {"id": "ATHER-GRW-0670", "name": "Agia Larisas", "town": "Agia Larisas, Thessaly, Greece, Europe", "country": "Europe", "temperature": 22.0, "pressure": 1015.7, "humidity": 63, "windSpeed": 0.0, "windDirection": "N", "condition": "Few Clouds", "timestamp": "20:23:47 EEST", "status": "NORMAL", "hasAnomaly": 0, "severity": "NONE"}}, {"type": "Feature", "geometry": {"type": "Point", "coordinates": [21.926111, 39.379167]}, "properties": {"id": "ATHER-GRW-0671", "name": "Karditsa", "town": "Karditsa, Thessaly, Greece, Europe", "country": "Europe", "temperature": 22.0, "pressure": 1015.6, "humidity": 79, "windSpeed": 0.0, "windDirection": "ESE", "condition": "Reported", "timestamp": "20:27:53 EEST", "status": "NORMAL", "hasAnomaly": 0, "severity": "NONE"}}, {"type": "Feature", "geometry": {"type": "Point", "coordinates": [22.398268, 39.627601]}, "properties": {"id": "ATHER-GRW-0672", "name": "Larissa", "town": "Larissa, Thessaly, Greece, Europe", "country": "Europe", "temperature": 25.0, "pressure": 1015.1, "humidity": 65, "windSpeed": 0.0, "windDirection": "ENE", "condition": "Few Clouds", "timestamp": "23:30:36 EEST", "status": "NORMAL", "hasAnomaly": 0, "severity": "NONE"}}, {"type": "Feature", "geometry": {"type": "Point", "coordinates": [22.928611, 39.369167]}, "properties": {"id": "ATHER-GRW-0673", "name": "Volos", "town": "Volos, Thessaly, Greece, Europe", "country": "Europe", "temperature": null, "pressure": null, "humidity": null, "windSpeed": null, "windDirection": null, "condition": "Offline", "timestamp": "Offline", "status": "OFFLINE", "hasAnomaly": 0, "severity": "NONE"}}, {"type": "Feature", "geometry": {"type": "Point", "coordinates": [23.104248, 39.441885]}, "properties": {"id": "ATHER-GRW-0674", "name": "Zagora", "town": "Zagora, Thessaly, Greece, Europe", "country": "Europe", "temperature": 22.0, "pressure": 1015.5, "humidity": 56, "windSpeed": 2.0, "windDirection": "SW", "condition": "Reported", "timestamp": "20:20:49 EEST", "status": "NORMAL", "hasAnomaly": 0, "severity": "NONE"}}, {"type": "Feature", "geometry": {"type": "Point", "coordinates": [25.859675, 40.86122]}, "properties": {"id": "ATHER-GRW-0675", "name": "Alexandroupolis", "town": "Alexandroupolis, Thrace, Greece, Europe", "country": "Europe", "temperature": 23.0, "pressure": 1015.3, "humidity": 59, "windSpeed": 10.0, "windDirection": "NE", "condition": "Clear", "timestamp": "20:28:34 EEST", "status": "NORMAL", "hasAnomaly": 0, "severity": "NONE"}}, {"type": "Feature", "geometry": {"type": "Point", "coordinates": [25.369277, 40.95698]}, "properties": {"id": "ATHER-GRW-0676", "name": "Imeros", "town": "Imeros, Thrace, Greece, Europe", "country": "Europe", "temperature": 23.0, "pressure": 1014.2, "humidity": 53, "windSpeed": 0.0, "windDirection": "N", "condition": "Clear", "timestamp": "23:30:36 EEST", "status": "NORMAL", "hasAnomaly": 0, "severity": "NONE"}}, {"type": "Feature", "geometry": {"type": "Point", "coordinates": [26.224279, 41.419028]}, "properties": {"id": "ATHER-GRW-0677", "name": "Metaxades", "town": "Metaxades, Thrace, Greece, Europe", "country": "Europe", "temperature": 21.0, "pressure": 1016.7, "humidity": 70, "windSpeed": 0.0, "windDirection": "ENE", "condition": "Reported", "timestamp": "23:33:26 EEST", "status": "NORMAL", "hasAnomaly": 0, "severity": "NONE"}}, {"type": "Feature", "geometry": {"type": "Point", "coordinates": [26.531809, 41.511251]}, "properties": {"id": "ATHER-GRW-0678", "name": "Orestiada", "town": "Orestiada, Thrace, Greece, Europe", "country": "Europe", "temperature": 22.0, "pressure": 1015.6, "humidity": 61, "windSpeed": 0.0, "windDirection": "NNE", "condition": "Reported", "timestamp": "20:22:52 EEST", "status": "NORMAL", "hasAnomaly": 0, "severity": "NONE"}}, {"type": "Feature", "geometry": {"type": "Point", "coordinates": [25.52124, 40.47091]}, "properties": {"id": "ATHER-GRW-0679", "name": "Samothraki", "town": "Samothraki, Thrace, Greece, Europe", "country": "Europe", "temperature": 26.0, "pressure": 1014.6, "humidity": 54, "windSpeed": 6.0, "windDirection": "NNW", "condition": "Reported", "timestamp": "23:35:33 EEST", "status": "NORMAL", "hasAnomaly": 0, "severity": "NONE"}}, {"type": "Feature", "geometry": {"type": "Point", "coordinates": [24.7598, 35.0744]}, "properties": {"id": "ATHER-ZEU-0680", "name": "Timbaki", "town": "Timbaki, Greece, Europe", "country": "Europe", "temperature": 23.0, "pressure": 1012.6, "humidity": 59, "windSpeed": 4.7, "windDirection": "NW", "condition": "Partly Cloudy", "timestamp": "22:38:04 CEST", "status": "NORMAL", "hasAnomaly": 0, "severity": "NONE"}}, {"type": "Feature", "geometry": {"type": "Point", "coordinates": [22.2053, 40.5232]}, "properties": {"id": "ATHER-ZEU-0681", "name": "Veria", "town": "Veria, Greece, Europe", "country": "Europe", "temperature": 25.0, "pressure": 1013.0, "humidity": 63, "windSpeed": 0.0, "windDirection": "WNW", "condition": "Partly Cloudy", "timestamp": "22:39:24 CEST", "status": "NORMAL", "hasAnomaly": 0, "severity": "NONE"}}, {"type": "Feature", "geometry": {"type": "Point", "coordinates": [23.8404, 38.0409]}, "properties": {"id": "ATHER-ZEU-0682", "name": "Vrilissia", "town": "Vrilissia, Greece, Europe", "country": "Europe", "temperature": null, "pressure": null, "humidity": null, "windSpeed": null, "windDirection": null, "condition": "Offline", "timestamp": "Offline", "status": "OFFLINE", "hasAnomaly": 0, "severity": "NONE"}}, {"type": "Feature", "geometry": {"type": "Point", "coordinates": [18.7364, 47.7991]}, "properties": {"id": "ATHER-ZEU-0683", "name": "Esztergom", "town": "Esztergom, Hungary, Europe", "country": "Europe", "temperature": null, "pressure": null, "humidity": null, "windSpeed": null, "windDirection": null, "condition": "Offline", "timestamp": "Offline", "status": "OFFLINE", "hasAnomaly": 0, "severity": "NONE"}}, {"type": "Feature", "geometry": {"type": "Point", "coordinates": [19.6285, 47.7091]}, "properties": {"id": "ATHER-ZEU-0684", "name": "Her\u00c3\u00a9d", "town": "Her\u00c3\u00a9d, Hungary, Europe", "country": "Europe", "temperature": 22.0, "pressure": 1013.0, "humidity": 38, "windSpeed": 0.0, "windDirection": "NW", "condition": "Clear", "timestamp": "22:40:17 CEST", "status": "NORMAL", "hasAnomaly": 0, "severity": "NONE"}}, {"type": "Feature", "geometry": {"type": "Point", "coordinates": [18.9639, 46.5276]}, "properties": {"id": "ATHER-ZEU-0685", "name": "Kalocsa", "town": "Kalocsa, Hungary, Europe", "country": "Europe", "temperature": null, "pressure": null, "humidity": null, "windSpeed": null, "windDirection": null, "condition": "Offline", "timestamp": "Offline", "status": "OFFLINE", "hasAnomaly": 0, "severity": "NONE"}}, {"type": "Feature", "geometry": {"type": "Point", "coordinates": [-8.351, 52.013]}, "properties": {"id": "ATHER-ZEU-0686", "name": "Cork", "town": "Cork, Ireland, Europe", "country": "Europe", "temperature": null, "pressure": null, "humidity": null, "windSpeed": null, "windDirection": null, "condition": "Offline", "timestamp": "Offline", "status": "OFFLINE", "hasAnomaly": 0, "severity": "NONE"}}, {"type": "Feature", "geometry": {"type": "Point", "coordinates": [-6.07168, 53.3652]}, "properties": {"id": "ATHER-ZEU-0687", "name": "Howth", "town": "Howth, Ireland, Europe", "country": "Europe", "temperature": 18.0, "pressure": 1005.8, "humidity": 83, "windSpeed": 0.0, "windDirection": "NE", "condition": "Clear", "timestamp": "22:40:06 CEST", "status": "NORMAL", "hasAnomaly": 0, "severity": "NONE"}}, {"type": "Feature", "geometry": {"type": "Point", "coordinates": [-9.691, 53.593]}, "properties": {"id": "ATHER-ZEU-0688", "name": "Leenane", "town": "Leenane, Ireland, Europe", "country": "Europe", "temperature": 15.0, "pressure": 1004.5, "humidity": 84, "windSpeed": 1.8, "windDirection": "NW", "condition": "Partly Cloudy", "timestamp": "22:40:20 CEST", "status": "NORMAL", "hasAnomaly": 0, "severity": "NONE"}}, {"type": "Feature", "geometry": {"type": "Point", "coordinates": [-6.13367, 53.2481]}, "properties": {"id": "ATHER-ZEU-0689", "name": "Loughlinstown", "town": "Loughlinstown, Ireland, Europe", "country": "Europe", "temperature": null, "pressure": 0.0, "humidity": 0, "windSpeed": null, "windDirection": "CALM", "condition": "Partly Cloudy", "timestamp": "22:40:26 CEST", "status": "ANOMALY", "hasAnomaly": 1, "severity": "HIGH"}}, {"type": "Feature", "geometry": {"type": "Point", "coordinates": [-7.1415, 52.2413]}, "properties": {"id": "ATHER-ZEU-0690", "name": "Waterford", "town": "Waterford, Ireland, Europe", "country": "Europe", "temperature": 18.0, "pressure": 1005.6, "humidity": 83, "windSpeed": 0.0, "windDirection": "SW", "condition": "Drizzle", "timestamp": "22:39:04 CEST", "status": "NORMAL", "hasAnomaly": 0, "severity": "NONE"}}, {"type": "Feature", "geometry": {"type": "Point", "coordinates": [11.8652, 42.7449]}, "properties": {"id": "ATHER-ZEU-0691", "name": "Acquapendente", "town": "Acquapendente, (VT), Italy, Europe", "country": "Europe", "temperature": null, "pressure": null, "humidity": null, "windSpeed": null, "windDirection": null, "condition": "Offline", "timestamp": "Offline", "status": "OFFLINE", "hasAnomaly": 0, "severity": "NONE"}}, {"type": "Feature", "geometry": {"type": "Point", "coordinates": [16.8455, 40.8907]}, "properties": {"id": "ATHER-ZEU-0692", "name": "Acquaviva delle Fonti", "town": "Acquaviva delle Fonti, Italy, Europe", "country": "Europe", "temperature": 25.0, "pressure": 1015.9, "humidity": 52, "windSpeed": 0.4, "windDirection": "S", "condition": "Partly Cloudy", "timestamp": "22:40:15 CEST", "status": "NORMAL", "hasAnomaly": 0, "severity": "NONE"}}, {"type": "Feature", "geometry": {"type": "Point", "coordinates": [11.006, 45.76]}, "properties": {"id": "ATHER-ZEU-0693", "name": "Ala", "town": "Ala, (TN), Italy, Europe", "country": "Europe", "temperature": 23.0, "pressure": 1013.5, "humidity": 71, "windSpeed": 6.5, "windDirection": "E", "condition": "Partly Cloudy", "timestamp": "22:39:01 CEST", "status": "NORMAL", "hasAnomaly": 0, "severity": "NONE"}}, {"type": "Feature", "geometry": {"type": "Point", "coordinates": [12.6092, 41.5602]}, "properties": {"id": "ATHER-ZEU-0694", "name": "Aprilia", "town": "Aprilia, Italy, Europe", "country": "Europe", "temperature": null, "pressure": null, "humidity": null, "windSpeed": null, "windDirection": null, "condition": "Offline", "timestamp": "Offline", "status": "OFFLINE", "hasAnomaly": 0, "severity": "NONE"}}, {"type": "Feature", "geometry": {"type": "Point", "coordinates": [12.513, 41.599]}, "properties": {"id": "ATHER-ZEU-0695", "name": "Ardea", "town": "Ardea, (RM), Italy, Europe", "country": "Europe", "temperature": null, "pressure": null, "humidity": null, "windSpeed": null, "windDirection": null, "condition": "Offline", "timestamp": "Offline", "status": "OFFLINE", "hasAnomaly": 0, "severity": "NONE"}}, {"type": "Feature", "geometry": {"type": "Point", "coordinates": [8.9461, 39.8728]}, "properties": {"id": "ATHER-ZEU-0696", "name": "Asuni", "town": "Asuni, (OR), Italy, Europe", "country": "Europe", "temperature": 21.0, "pressure": 1015.3, "humidity": 75, "windSpeed": 2.5, "windDirection": "ENE", "condition": "Clear", "timestamp": "22:40:17 CEST", "status": "NORMAL", "hasAnomaly": 0, "severity": "NONE"}}, {"type": "Feature", "geometry": {"type": "Point", "coordinates": [10.9377, 45.7357]}, "properties": {"id": "ATHER-ZEU-0697", "name": "Avio (Tn)", "town": "Avio (Tn), Italy, Europe", "country": "Europe", "temperature": null, "pressure": null, "humidity": null, "windSpeed": null, "windDirection": null, "condition": "Offline", "timestamp": "Offline", "status": "OFFLINE", "hasAnomaly": 0, "severity": "NONE"}}, {"type": "Feature", "geometry": {"type": "Point", "coordinates": [13.5044, 38.0771]}, "properties": {"id": "ATHER-ZEU-0698", "name": "Bagheria", "town": "Bagheria, (PA), Italy, Europe", "country": "Europe", "temperature": 27.0, "pressure": 1016.3, "humidity": 68, "windSpeed": 4.0, "windDirection": "E", "condition": "Partly Cloudy", "timestamp": "22:39:54 CEST", "status": "NORMAL", "hasAnomaly": 0, "severity": "NONE"}}, {"type": "Feature", "geometry": {"type": "Point", "coordinates": [11.8893, 43.4321]}, "properties": {"id": "ATHER-ZEU-0699", "name": "Bagnoro", "town": "Bagnoro, (AR), Italy, Europe", "country": "Europe", "temperature": 23.0, "pressure": 1014.2, "humidity": 65, "windSpeed": 0.4, "windDirection": "SSE", "condition": "Partly Cloudy", "timestamp": "22:38:02 CEST", "status": "NORMAL", "hasAnomaly": 0, "severity": "NONE"}}, {"type": "Feature", "geometry": {"type": "Point", "coordinates": [12.459, 44.148]}, "properties": {"id": "ATHER-ZEU-0700", "name": "Bellaria Igea Marina", "town": "Bellaria Igea Marina, Italy, Europe", "country": "Europe", "temperature": null, "pressure": null, "humidity": null, "windSpeed": null, "windDirection": null, "condition": "Offline", "timestamp": "Offline", "status": "OFFLINE", "hasAnomaly": 0, "severity": "NONE"}}, {"type": "Feature", "geometry": {"type": "Point", "coordinates": [16.274, 39.503]}, "properties": {"id": "ATHER-ZEU-0701", "name": "Bisignano", "town": "Bisignano, Italy, Europe", "country": "Europe", "temperature": 26.0, "pressure": 1014.2, "humidity": 60, "windSpeed": 6.1, "windDirection": "SW", "condition": "Partly Cloudy", "timestamp": "22:40:00 CEST", "status": "NORMAL", "hasAnomaly": 0, "severity": "NONE"}}, {"type": "Feature", "geometry": {"type": "Point", "coordinates": [8.8086, 40.22]}, "properties": {"id": "ATHER-ZEU-0702", "name": "Borore", "town": "Borore, (NU), Italy, Europe", "country": "Europe", "temperature": 23.0, "pressure": 1014.0, "humidity": 65, "windSpeed": 3.6, "windDirection": "WNW", "condition": "Clear", "timestamp": "22:39:55 CEST", "status": "NORMAL", "hasAnomaly": 0, "severity": "NONE"}}, {"type": "Feature", "geometry": {"type": "Point", "coordinates": [14.0519, 37.4943]}, "properties": {"id": "ATHER-ZEU-0703", "name": "Caltanissetta", "town": "Caltanissetta, Sicilia, Italy, Europe", "country": "Europe", "temperature": 23.0, "pressure": 1014.6, "humidity": 71, "windSpeed": 0.0, "windDirection": "E", "condition": "Partly Cloudy", "timestamp": "22:40:24 CEST", "status": "NORMAL", "hasAnomaly": 0, "severity": "NONE"}}, {"type": "Feature", "geometry": {"type": "Point", "coordinates": [9.6, 45.5]}, "properties": {"id": "ATHER-ZEU-0704", "name": "Calvenzano", "town": "Calvenzano, Italy, Europe", "country": "Europe", "temperature": 5.0, "pressure": 0.0, "humidity": 5, "windSpeed": 0.0, "windDirection": "0", "condition": "Partly Cloudy", "timestamp": "22:40:27 CEST", "status": "ANOMALY", "hasAnomaly": 1, "severity": "HIGH"}}, {"type": "Feature", "geometry": {"type": "Point", "coordinates": [13.6281, 37.6289]}, "properties": {"id": "ATHER-ZEU-0705", "name": "Cammarata", "town": "Cammarata, (AG), Italy, Europe", "country": "Europe", "temperature": 22.0, "pressure": 1015.1, "humidity": 53, "windSpeed": 6.1, "windDirection": "N", "condition": "Partly Cloudy", "timestamp": "22:40:29 CEST", "status": "NORMAL", "hasAnomaly": 0, "severity": "NONE"}}, {"type": "Feature", "geometry": {"type": "Point", "coordinates": [13.2028, 46.0316]}, "properties": {"id": "ATHER-ZEU-0706", "name": "Campoformido", "town": "Campoformido, Italy, Europe", "country": "Europe", "temperature": null, "pressure": null, "humidity": null, "windSpeed": null, "windDirection": null, "condition": "Offline", "timestamp": "Offline", "status": "OFFLINE", "hasAnomaly": 0, "severity": "NONE"}}, {"type": "Feature", "geometry": {"type": "Point", "coordinates": [-12.2348, 42.3275]}, "properties": {"id": "ATHER-ZEU-0707", "name": "Caprarola", "town": "Caprarola, Italy, Europe", "country": "Europe", "temperature": null, "pressure": null, "humidity": null, "windSpeed": null, "windDirection": null, "condition": "Offline", "timestamp": "Offline", "status": "OFFLINE", "hasAnomaly": 0, "severity": "NONE"}}, {"type": "Feature", "geometry": {"type": "Point", "coordinates": [10.7962, 45.6058]}, "properties": {"id": "ATHER-ZEU-0708", "name": "Caprino V.se", "town": "Caprino V.se, (VR), Italy, Europe", "country": "Europe", "temperature": null, "pressure": null, "humidity": null, "windSpeed": null, "windDirection": null, "condition": "Offline", "timestamp": "Offline", "status": "OFFLINE", "hasAnomaly": 0, "severity": "NONE"}}, {"type": "Feature", "geometry": {"type": "Point", "coordinates": [14.028, 38.032]}, "properties": {"id": "ATHER-ZEU-0709", "name": "Cefal\u00c3\u00b9", "town": "Cefal\u00c3\u00b9, Italy, Europe", "country": "Europe", "temperature": 26.0, "pressure": 1013.0, "humidity": 79, "windSpeed": 0.0, "windDirection": "NNW", "condition": "Partly Cloudy", "timestamp": "22:40:11 CEST", "status": "NORMAL", "hasAnomaly": 0, "severity": "NONE"}}, {"type": "Feature", "geometry": {"type": "Point", "coordinates": [11.8915, 43.0205]}, "properties": {"id": "ATHER-ZEU-0710", "name": "Chiusi", "town": "Chiusi, (SI), Italy, Europe", "country": "Europe", "temperature": null, "pressure": null, "humidity": null, "windSpeed": null, "windDirection": null, "condition": "Offline", "timestamp": "Offline", "status": "OFFLINE", "hasAnomaly": 0, "severity": "NONE"}}, {"type": "Feature", "geometry": {"type": "Point", "coordinates": [11.7585, 46.5543]}, "properties": {"id": "ATHER-ZEU-0711", "name": "Ciampinoi", "town": "Ciampinoi, Selva, (BZ), Italy, Europe", "country": "Europe", "temperature": 11.0, "pressure": 0.0, "humidity": 93, "windSpeed": 0.0, "windDirection": "0", "condition": "Partly Cloudy", "timestamp": "22:38:58 CEST", "status": "ANOMALY", "hasAnomaly": 1, "severity": "HIGH"}}, {"type": "Feature", "geometry": {"type": "Point", "coordinates": [11.7473, 45.9344]}, "properties": {"id": "ATHER-ZEU-0712", "name": "Cismon del Grappa Loc. CORLO", "town": "Cismon del Grappa Loc. CORLO, Vicenza,Ve, Italy, Europe", "country": "Europe", "temperature": null, "pressure": null, "humidity": null, "windSpeed": null, "windDirection": null, "condition": "Offline", "timestamp": "Offline", "status": "OFFLINE", "hasAnomaly": 0, "severity": "NONE"}}, {"type": "Feature", "geometry": {"type": "Point", "coordinates": [12.9899, 45.9556]}, "properties": {"id": "ATHER-ZEU-0713", "name": "Codroipo", "town": "Codroipo, Italy, Europe", "country": "Europe", "temperature": 25.0, "pressure": 1013.5, "humidity": 65, "windSpeed": 0.0, "windDirection": "NW", "condition": "Partly Cloudy", "timestamp": "22:40:25 CEST", "status": "NORMAL", "hasAnomaly": 0, "severity": "NONE"}}, {"type": "Feature", "geometry": {"type": "Point", "coordinates": [11.1383, 43.9923]}, "properties": {"id": "ATHER-ZEU-0714", "name": "Colle Bisenzio", "town": "Colle Bisenzio, (PO), Italy, Europe", "country": "Europe", "temperature": 20.0, "pressure": 1014.3, "humidity": 76, "windSpeed": 0.0, "windDirection": "0", "condition": "Partly Cloudy", "timestamp": "22:39:48 CEST", "status": "NORMAL", "hasAnomaly": 0, "severity": "NONE"}}, {"type": "Feature", "geometry": {"type": "Point", "coordinates": [14.181, 42.4766]}, "properties": {"id": "ATHER-ZEU-0715", "name": "Colle Marino - Pescara", "town": "Colle Marino - Pescara, (PE), Italy, Europe", "country": "Europe", "temperature": 26.0, "pressure": 1014.5, "humidity": 83, "windSpeed": 20.2, "windDirection": "0", "condition": "Partly Cloudy", "timestamp": "22:39:35 CEST", "status": "NORMAL", "hasAnomaly": 0, "severity": "NONE"}}, {"type": "Feature", "geometry": {"type": "Point", "coordinates": [13.9132, 42.887]}, "properties": {"id": "ATHER-ZEU-0716", "name": "Controguerra", "town": "Controguerra, (TE), Italy, Europe", "country": "Europe", "temperature": null, "pressure": null, "humidity": null, "windSpeed": null, "windDirection": null, "condition": "Offline", "timestamp": "Offline", "status": "OFFLINE", "hasAnomaly": 0, "severity": "NONE"}}, {"type": "Feature", "geometry": {"type": "Point", "coordinates": [9.2322, 40.021]}, "properties": {"id": "ATHER-ZEU-0717", "name": "Desulo", "town": "Desulo, (NU), Italy, Europe", "country": "Europe", "temperature": 20.0, "pressure": 1020.2, "humidity": 56, "windSpeed": 0.0, "windDirection": "WNW", "condition": "Clear", "timestamp": "22:39:50 CEST", "status": "NORMAL", "hasAnomaly": 0, "severity": "NONE"}}, {"type": "Feature", "geometry": {"type": "Point", "coordinates": [14.6397, 36.7652]}, "properties": {"id": "ATHER-ZEU-0718", "name": "Donnalucata", "town": "Donnalucata, Italy, Europe", "country": "Europe", "temperature": null, "pressure": null, "humidity": null, "windSpeed": null, "windDirection": null, "condition": "Offline", "timestamp": "Offline", "status": "OFFLINE", "hasAnomaly": 0, "severity": "NONE"}}, {"type": "Feature", "geometry": {"type": "Point", "coordinates": [10.5446, 45.2327]}, "properties": {"id": "ATHER-ZEU-0719", "name": "Dossobuono", "town": "Dossobuono, Italy, Europe", "country": "Europe", "temperature": null, "pressure": null, "humidity": null, "windSpeed": null, "windDirection": null, "condition": "Offline", "timestamp": "Offline", "status": "OFFLINE", "hasAnomaly": 0, "severity": "NONE"}}, {"type": "Feature", "geometry": {"type": "Point", "coordinates": [11.9299, 44.5881]}, "properties": {"id": "ATHER-ZEU-0720", "name": "Filo di Argenta", "town": "Filo di Argenta, (FE), Italy, Europe", "country": "Europe", "temperature": 23.0, "pressure": 1014.8, "humidity": 76, "windSpeed": 0.0, "windDirection": "E", "condition": "Clear", "timestamp": "22:40:22 CEST", "status": "ANOMALY", "hasAnomaly": 1, "severity": "HIGH"}}, {"type": "Feature", "geometry": {"type": "Point", "coordinates": [13.4894, 45.8441]}, "properties": {"id": "ATHER-ZEU-0721", "name": "Fogliano Redipuglia", "town": "Fogliano Redipuglia, (GO), Italy, Europe", "country": "Europe", "temperature": 25.0, "pressure": 1014.3, "humidity": 70, "windSpeed": 4.7, "windDirection": "E", "condition": "Partly Cloudy", "timestamp": "22:40:21 CEST", "status": "NORMAL", "hasAnomaly": 0, "severity": "NONE"}}, {"type": "Feature", "geometry": {"type": "Point", "coordinates": [12.713, 42.938]}, "properties": {"id": "ATHER-ZEU-0722", "name": "Foligno", "town": "Foligno, Italy, Europe", "country": "Europe", "temperature": 27.0, "pressure": 1012.0, "humidity": 59, "windSpeed": 6.8, "windDirection": "SSE", "condition": "Partly Cloudy", "timestamp": "22:40:28 CEST", "status": "NORMAL", "hasAnomaly": 0, "severity": "NONE"}}, {"type": "Feature", "geometry": {"type": "Point", "coordinates": [11.109, 46.111]}, "properties": {"id": "ATHER-ZEU-0723", "name": "Gardolo", "town": "Gardolo, (TN), Italy, Europe", "country": "Europe", "temperature": 23.0, "pressure": 1014.7, "humidity": 71, "windSpeed": 1.8, "windDirection": "NE", "condition": "Partly Cloudy", "timestamp": "22:40:31 CEST", "status": "NORMAL", "hasAnomaly": 0, "severity": "NONE"}}, {"type": "Feature", "geometry": {"type": "Point", "coordinates": [8.9251, 44.4261]}, "properties": {"id": "ATHER-ZEU-0724", "name": "Genova Oregina", "town": "Genova Oregina, (GE), Italy, Europe", "country": "Europe", "temperature": 23.0, "pressure": 1014.0, "humidity": 77, "windSpeed": 20.2, "windDirection": "0", "condition": "Partly Cloudy", "timestamp": "22:40:10 CEST", "status": "NORMAL", "hasAnomaly": 0, "severity": "NONE"}}, {"type": "Feature", "geometry": {"type": "Point", "coordinates": [7.5164, 45.1906]}, "properties": {"id": "ATHER-ZEU-0725", "name": "La Cassa", "town": "La Cassa, (TO), Italy, Europe", "country": "Europe", "temperature": 22.0, "pressure": 1017.0, "humidity": 85, "windSpeed": 3.6, "windDirection": "NW", "condition": "Rain", "timestamp": "22:36:24 CEST", "status": "NORMAL", "hasAnomaly": 0, "severity": "NONE"}}, {"type": "Feature", "geometry": {"type": "Point", "coordinates": [11.1851, 46.0035]}, "properties": {"id": "ATHER-ZEU-0726", "name": "Levico Terme", "town": "Levico Terme, (TN), Italy, Europe", "country": "Europe", "temperature": 21.0, "pressure": 1014.6, "humidity": 79, "windSpeed": 0.0, "windDirection": "ENE", "condition": "Clear", "timestamp": "22:40:33 CEST", "status": "NORMAL", "hasAnomaly": 0, "severity": "NONE"}}, {"type": "Feature", "geometry": {"type": "Point", "coordinates": [10.32, 43.5529]}, "properties": {"id": "ATHER-ZEU-0727", "name": "Livorno", "town": "Livorno, (LI), Italy, Europe", "country": "Europe", "temperature": 23.0, "pressure": 1016.0, "humidity": 76, "windSpeed": 0.0, "windDirection": "0", "condition": "Clear", "timestamp": "22:40:28 CEST", "status": "NORMAL", "hasAnomaly": 0, "severity": "NONE"}}, {"type": "Feature", "geometry": {"type": "Point", "coordinates": [10.996, 42.8448]}, "properties": {"id": "ATHER-ZEU-0728", "name": "Loc. Vaticino - Castiglione della Pescai", "town": "Loc. Vaticino - Castiglione della Pescai, Italy, Europe", "country": "Europe", "temperature": null, "pressure": null, "humidity": null, "windSpeed": null, "windDirection": null, "condition": "Offline", "timestamp": "Offline", "status": "OFFLINE", "hasAnomaly": 0, "severity": "NONE"}}, {"type": "Feature", "geometry": {"type": "Point", "coordinates": [16.2913, 39.4459]}, "properties": {"id": "ATHER-ZEU-0729", "name": "Luzzi", "town": "Luzzi, (CS), Italy, Europe", "country": "Europe", "temperature": 26.0, "pressure": 1016.6, "humidity": 67, "windSpeed": 0.0, "windDirection": "SW", "condition": "Clear", "timestamp": "22:39:56 CEST", "status": "NORMAL", "hasAnomaly": 0, "severity": "NONE"}}, {"type": "Feature", "geometry": {"type": "Point", "coordinates": [11.9742, 44.445]}, "properties": {"id": "ATHER-ZEU-0730", "name": "Masiera di Bagnacavallo", "town": "Masiera di Bagnacavallo, (RA), Italy, Europe", "country": "Europe", "temperature": null, "pressure": null, "humidity": null, "windSpeed": null, "windDirection": null, "condition": "Offline", "timestamp": "Offline", "status": "OFFLINE", "hasAnomaly": 0, "severity": "NONE"}}, {"type": "Feature", "geometry": {"type": "Point", "coordinates": [10.3371, 43.8724]}, "properties": {"id": "ATHER-ZEU-0731", "name": "Massarosa", "town": "Massarosa, Italy, Europe", "country": "Europe", "temperature": null, "pressure": 0.0, "humidity": 0, "windSpeed": null, "windDirection": "CALM", "condition": "Partly Cloudy", "timestamp": "22:40:35 CEST", "status": "ANOMALY", "hasAnomaly": 1, "severity": "HIGH"}}, {"type": "Feature", "geometry": {"type": "Point", "coordinates": [11.9306, 44.7697]}, "properties": {"id": "ATHER-ZEU-0732", "name": "Migliarino", "town": "Migliarino, Italy, Europe", "country": "Europe", "temperature": 25.0, "pressure": 1013.0, "humidity": 77, "windSpeed": 1.1, "windDirection": "0", "condition": "Partly Cloudy", "timestamp": "22:40:27 CEST", "status": "NORMAL", "hasAnomaly": 0, "severity": "NONE"}}, {"type": "Feature", "geometry": {"type": "Point", "coordinates": [7.5067, 45.2363]}, "properties": {"id": "ATHER-ZEU-0733", "name": "Monasterolo Torinese", "town": "Monasterolo Torinese, (TO), Italy, Europe", "country": "Europe", "temperature": 21.0, "pressure": 1012.3, "humidity": 87, "windSpeed": 20.2, "windDirection": "0", "condition": "Partly Cloudy", "timestamp": "22:40:18 CEST", "status": "NORMAL", "hasAnomaly": 0, "severity": "NONE"}}, {"type": "Feature", "geometry": {"type": "Point", "coordinates": [9.89454, 46.1798]}, "properties": {"id": "ATHER-ZEU-0734", "name": "Montagna in Valtellina", "town": "Montagna in Valtellina, Italy, Europe", "country": "Europe", "temperature": 21.0, "pressure": 1015.5, "humidity": 82, "windSpeed": 0.0, "windDirection": "NE", "condition": "Partly Cloudy", "timestamp": "22:40:21 CEST", "status": "NORMAL", "hasAnomaly": 0, "severity": "NONE"}}, {"type": "Feature", "geometry": {"type": "Point", "coordinates": [8.5911, 39.906]}, "properties": {"id": "ATHER-ZEU-0735", "name": "Oristano", "town": "Oristano, (OR), Italy, Europe", "country": "Europe", "temperature": null, "pressure": null, "humidity": null, "windSpeed": null, "windDirection": null, "condition": "Offline", "timestamp": "Offline", "status": "OFFLINE", "hasAnomaly": 0, "severity": "NONE"}}, {"type": "Feature", "geometry": {"type": "Point", "coordinates": [12.3672, 42.4575]}, "properties": {"id": "ATHER-ZEU-0736", "name": "Orte", "town": "Orte, (VT), Italy, Europe", "country": "Europe", "temperature": null, "pressure": null, "humidity": null, "windSpeed": null, "windDirection": null, "condition": "Offline", "timestamp": "Offline", "status": "OFFLINE", "hasAnomaly": 0, "severity": "NONE"}}, {"type": "Feature", "geometry": {"type": "Point", "coordinates": [11.6776, 46.5745]}, "properties": {"id": "ATHER-ZEU-0737", "name": "Ortisei", "town": "Ortisei, Val Gardena, (BZ), Italy, Europe", "country": "Europe", "temperature": 16.0, "pressure": 1005.8, "humidity": 73, "windSpeed": 0.0, "windDirection": "0", "condition": "Partly Cloudy", "timestamp": "22:39:14 CEST", "status": "NORMAL", "hasAnomaly": 0, "severity": "NONE"}}, {"type": "Feature", "geometry": {"type": "Point", "coordinates": [10.991, 46.063]}, "properties": {"id": "ATHER-ZEU-0738", "name": "Padergnone", "town": "Padergnone, (TN), Italy, Europe", "country": "Europe", "temperature": 21.0, "pressure": 1014.8, "humidity": 86, "windSpeed": 0.0, "windDirection": "NNE", "condition": "Clear", "timestamp": "22:30:43 CEST", "status": "NORMAL", "hasAnomaly": 0, "severity": "NONE"}}, {"type": "Feature", "geometry": {"type": "Point", "coordinates": [12.889, 37.7324]}, "properties": {"id": "ATHER-ZEU-0739", "name": "Partanna", "town": "Partanna, (TP), Italy, Europe", "country": "Europe", "temperature": 23.0, "pressure": 1014.6, "humidity": 85, "windSpeed": 20.2, "windDirection": "0", "condition": "Partly Cloudy", "timestamp": "22:36:15 CEST", "status": "NORMAL", "hasAnomaly": 0, "severity": "NONE"}}, {"type": "Feature", "geometry": {"type": "Point", "coordinates": [9.15917, 45.1921]}, "properties": {"id": "ATHER-ZEU-0740", "name": "Pavia", "town": "Pavia, Italy, Europe", "country": "Europe", "temperature": null, "pressure": null, "humidity": null, "windSpeed": null, "windDirection": null, "condition": "Offline", "timestamp": "Offline", "status": "OFFLINE", "hasAnomaly": 0, "severity": "NONE"}}, {"type": "Feature", "geometry": {"type": "Point", "coordinates": [15.0455, 37.6218]}, "properties": {"id": "ATHER-ZEU-0741", "name": "Pedara", "town": "Pedara, (CT), Italy, Europe", "country": "Europe", "temperature": null, "pressure": null, "humidity": null, "windSpeed": null, "windDirection": null, "condition": "Offline", "timestamp": "Offline", "status": "OFFLINE", "hasAnomaly": 0, "severity": "NONE"}}, {"type": "Feature", "geometry": {"type": "Point", "coordinates": [12.4239, 43.1342]}, "properties": {"id": "ATHER-ZEU-0742", "name": "Perugia", "town": "Perugia, (PG), Italy, Europe", "country": "Europe", "temperature": null, "pressure": null, "humidity": null, "windSpeed": null, "windDirection": null, "condition": "Offline", "timestamp": "Offline", "status": "OFFLINE", "hasAnomaly": 0, "severity": "NONE"}}, {"type": "Feature", "geometry": {"type": "Point", "coordinates": [9.9155, 46.162]}, "properties": {"id": "ATHER-ZEU-0743", "name": "Piateda", "town": "Piateda, Italy, Europe", "country": "Europe", "temperature": 21.0, "pressure": 1014.2, "humidity": 78, "windSpeed": 1.1, "windDirection": "SSW", "condition": "Partly Cloudy", "timestamp": "21:47:44 CEST", "status": "NORMAL", "hasAnomaly": 0, "severity": "NONE"}}, {"type": "Feature", "geometry": {"type": "Point", "coordinates": [12.0818, 42.9739]}, "properties": {"id": "ATHER-ZEU-0744", "name": "Piegaro", "town": "Piegaro, (PG), Italy, Europe", "country": "Europe", "temperature": 22.0, "pressure": 1016.5, "humidity": 73, "windSpeed": 0.0, "windDirection": "SW", "condition": "Clear", "timestamp": "22:40:35 CEST", "status": "NORMAL", "hasAnomaly": 0, "severity": "NONE"}}, {"type": "Feature", "geometry": {"type": "Point", "coordinates": [10.535, 42.9405]}, "properties": {"id": "ATHER-ZEU-0745", "name": "Piombino", "town": "Piombino, (LI), Italy, Europe", "country": "Europe", "temperature": 26.0, "pressure": 1009.4, "humidity": 99, "windSpeed": 2.2, "windDirection": "W", "condition": "Partly Cloudy", "timestamp": "22:40:13 CEST", "status": "NORMAL", "hasAnomaly": 0, "severity": "NONE"}}, {"type": "Feature", "geometry": {"type": "Point", "coordinates": [10.954, 43.9594]}, "properties": {"id": "ATHER-ZEU-0746", "name": "Pistoia", "town": "Pistoia, Italy, Europe", "country": "Europe", "temperature": 23.0, "pressure": 1015.2, "humidity": 61, "windSpeed": 3.2, "windDirection": "NNE", "condition": "Partly Cloudy", "timestamp": "22:40:36 CEST", "status": "NORMAL", "hasAnomaly": 0, "severity": "NONE"}}, {"type": "Feature", "geometry": {"type": "Point", "coordinates": [12.2479, 44.4056]}, "properties": {"id": "ATHER-ZEU-0747", "name": "Porto Fuori", "town": "Porto Fuori, (RA), Italy, Europe", "country": "Europe", "temperature": null, "pressure": null, "humidity": null, "windSpeed": null, "windDirection": null, "condition": "Offline", "timestamp": "Offline", "status": "OFFLINE", "hasAnomaly": 0, "severity": "NONE"}}, {"type": "Feature", "geometry": {"type": "Point", "coordinates": [8.79069, 44.8002]}, "properties": {"id": "ATHER-ZEU-0748", "name": "Pozzolo Formigaro", "town": "Pozzolo Formigaro, Italy, Europe", "country": "Europe", "temperature": 23.0, "pressure": 1015.3, "humidity": 69, "windSpeed": 0.0, "windDirection": "WNW", "condition": "Partly Cloudy", "timestamp": "22:40:31 CEST", "status": "NORMAL", "hasAnomaly": 0, "severity": "NONE"}}, {"type": "Feature", "geometry": {"type": "Point", "coordinates": [12.2122, 44.2728]}, "properties": {"id": "ATHER-ZEU-0749", "name": "Ravenna", "town": "Ravenna, (RA), Italy, Europe", "country": "Europe", "temperature": 25.0, "pressure": 1017.6, "humidity": 75, "windSpeed": 0.0, "windDirection": "0", "condition": "Partly Cloudy", "timestamp": "22:40:34 CEST", "status": "NORMAL", "hasAnomaly": 0, "severity": "NONE"}}, {"type": "Feature", "geometry": {"type": "Point", "coordinates": [12.6, 44.0375]}, "properties": {"id": "ATHER-ZEU-0750", "name": "Rimini", "town": "Rimini, (RN), Italy, Europe", "country": "Europe", "temperature": 26.0, "pressure": 1014.4, "humidity": 76, "windSpeed": 20.2, "windDirection": "0", "condition": "Partly Cloudy", "timestamp": "22:40:29 CEST", "status": "NORMAL", "hasAnomaly": 0, "severity": "NONE"}}, {"type": "Feature", "geometry": {"type": "Point", "coordinates": [10.6766, 45.173]}, "properties": {"id": "ATHER-ZEU-0751", "name": "Rivalta sul Mincio (MN)", "town": "Rivalta sul Mincio (MN), Italy, Europe", "country": "Europe", "temperature": 24.0, "pressure": 1013.7, "humidity": 78, "windSpeed": 0.0, "windDirection": "N", "condition": "Partly Cloudy", "timestamp": "22:40:16 CEST", "status": "NORMAL", "hasAnomaly": 0, "severity": "NONE"}}, {"type": "Feature", "geometry": {"type": "Point", "coordinates": [12.4478, 41.7869]}, "properties": {"id": "ATHER-ZEU-0752", "name": "Roma", "town": "Roma, (RM), Italy, Europe", "country": "Europe", "temperature": null, "pressure": null, "humidity": null, "windSpeed": null, "windDirection": null, "condition": "Offline", "timestamp": "Offline", "status": "OFFLINE", "hasAnomaly": 0, "severity": "NONE"}}, {"type": "Feature", "geometry": {"type": "Point", "coordinates": [10.449, 43.391]}, "properties": {"id": "ATHER-ZEU-0753", "name": "Rosignano S.", "town": "Rosignano S., (LI), Italy, Europe", "country": "Europe", "temperature": 24.0, "pressure": 1015.1, "humidity": 70, "windSpeed": 0.0, "windDirection": "0", "condition": "Partly Cloudy", "timestamp": "22:40:04 CEST", "status": "NORMAL", "hasAnomaly": 0, "severity": "NONE"}}, {"type": "Feature", "geometry": {"type": "Point", "coordinates": [12.6233, 46.0098]}, "properties": {"id": "ATHER-ZEU-0754", "name": "Roveredo in Piano", "town": "Roveredo in Piano, (PN), Italy, Europe", "country": "Europe", "temperature": 24.0, "pressure": 1013.9, "humidity": 67, "windSpeed": 0.0, "windDirection": "NE", "condition": "Partly Cloudy", "timestamp": "22:40:01 CEST", "status": "NORMAL", "hasAnomaly": 0, "severity": "NONE"}}, {"type": "Feature", "geometry": {"type": "Point", "coordinates": [13.9966, 37.4906]}, "properties": {"id": "ATHER-ZEU-0755", "name": "San Cataldo", "town": "San Cataldo, Italy, Europe", "country": "Europe", "temperature": null, "pressure": null, "humidity": null, "windSpeed": null, "windDirection": null, "condition": "Offline", "timestamp": "Offline", "status": "OFFLINE", "hasAnomaly": 0, "severity": "NONE"}}, {"type": "Feature", "geometry": {"type": "Point", "coordinates": [11.913, 42.688]}, "properties": {"id": "ATHER-ZEU-0756", "name": "San Lorenzo Nuovo", "town": "San Lorenzo Nuovo, (VT), Italy, Europe", "country": "Europe", "temperature": null, "pressure": null, "humidity": null, "windSpeed": null, "windDirection": null, "condition": "Offline", "timestamp": "Offline", "status": "OFFLINE", "hasAnomaly": 0, "severity": "NONE"}}, {"type": "Feature", "geometry": {"type": "Point", "coordinates": [12.3099, 43.0936]}, "properties": {"id": "ATHER-ZEU-0757", "name": "San Mariano", "town": "San Mariano, (PG), Italy, Europe", "country": "Europe", "temperature": null, "pressure": null, "humidity": null, "windSpeed": null, "windDirection": null, "condition": "Offline", "timestamp": "Offline", "status": "OFFLINE", "hasAnomaly": 0, "severity": "NONE"}}, {"type": "Feature", "geometry": {"type": "Point", "coordinates": [8.6076, 39.8648]}, "properties": {"id": "ATHER-ZEU-0758", "name": "Santa Giusta", "town": "Santa Giusta, (OR), Italy, Europe", "country": "Europe", "temperature": null, "pressure": null, "humidity": null, "windSpeed": null, "windDirection": null, "condition": "Offline", "timestamp": "Offline", "status": "OFFLINE", "hasAnomaly": 0, "severity": "NONE"}}, {"type": "Feature", "geometry": {"type": "Point", "coordinates": [12.5739, 43.0594]}, "properties": {"id": "ATHER-ZEU-0759", "name": "Santa Maria degli Angeli", "town": "Santa Maria degli Angeli, Assisi, (PG), Italy, Europe", "country": "Europe", "temperature": 27.0, "pressure": 1010.0, "humidity": 54, "windSpeed": 13.7, "windDirection": "WSW", "condition": "Partly Cloudy", "timestamp": "22:40:18 CEST", "status": "NORMAL", "hasAnomaly": 0, "severity": "NONE"}}, {"type": "Feature", "geometry": {"type": "Point", "coordinates": [12.4525, 44.0553]}, "properties": {"id": "ATHER-ZEU-0760", "name": "Santarcangelo di Romagna", "town": "Santarcangelo di Romagna, (RA), Italy, Europe", "country": "Europe", "temperature": null, "pressure": null, "humidity": null, "windSpeed": null, "windDirection": null, "condition": "Offline", "timestamp": "Offline", "status": "OFFLINE", "hasAnomaly": 0, "severity": "NONE"}}, {"type": "Feature", "geometry": {"type": "Point", "coordinates": [13.2722, 43.3422]}, "properties": {"id": "ATHER-ZEU-0761", "name": "Sappanico (AN)", "town": "Sappanico (AN), Italy, Europe", "country": "Europe", "temperature": 24.0, "pressure": 1015.0, "humidity": 77, "windSpeed": 0.7, "windDirection": "ESE", "condition": "Partly Cloudy", "timestamp": "22:40:15 CEST", "status": "NORMAL", "hasAnomaly": 0, "severity": "NONE"}}, {"type": "Feature", "geometry": {"type": "Point", "coordinates": [13.2574, 42.3584]}, "properties": {"id": "ATHER-ZEU-0762", "name": "Scoppito", "town": "Scoppito, Italy, Europe", "country": "Europe", "temperature": 23.0, "pressure": 1013.8, "humidity": 66, "windSpeed": 2.2, "windDirection": "SW", "condition": "Clear", "timestamp": "21:37:32 CEST", "status": "NORMAL", "hasAnomaly": 0, "severity": "NONE"}}, {"type": "Feature", "geometry": {"type": "Point", "coordinates": [11.0262, 43.8297]}, "properties": {"id": "ATHER-ZEU-0763", "name": "Seano", "town": "Seano, Italy, Europe", "country": "Europe", "temperature": 26.0, "pressure": 1014.3, "humidity": 44, "windSpeed": 0.0, "windDirection": "SE", "condition": "Partly Cloudy", "timestamp": "22:40:35 CEST", "status": "NORMAL", "hasAnomaly": 0, "severity": "NONE"}}, {"type": "Feature", "geometry": {"type": "Point", "coordinates": [11.7332, 46.5624]}, "properties": {"id": "ATHER-ZEU-0764", "name": "Selva Hotel Kristiania", "town": "Selva Hotel Kristiania, (BZ), Italy, Europe", "country": "Europe", "temperature": 15.0, "pressure": 1005.3, "humidity": 85, "windSpeed": 0.0, "windDirection": "0", "condition": "Partly Cloudy", "timestamp": "22:38:19 CEST", "status": "NORMAL", "hasAnomaly": 0, "severity": "NONE"}}, {"type": "Feature", "geometry": {"type": "Point", "coordinates": [9.0941, 39.2955]}, "properties": {"id": "ATHER-ZEU-0765", "name": "Sestu", "town": "Sestu, (CA), Italy, Europe", "country": "Europe", "temperature": null, "pressure": null, "humidity": null, "windSpeed": null, "windDirection": null, "condition": "Offline", "timestamp": "Offline", "status": "OFFLINE", "hasAnomaly": 0, "severity": "NONE"}}, {"type": "Feature", "geometry": {"type": "Point", "coordinates": [9.111, 44.3691]}, "properties": {"id": "ATHER-ZEU-0766", "name": "Sori", "town": "Sori, (Ge), Italy, Europe", "country": "Europe", "temperature": null, "pressure": null, "humidity": null, "windSpeed": null, "windDirection": null, "condition": "Offline", "timestamp": "Offline", "status": "OFFLINE", "hasAnomaly": 0, "severity": "NONE"}}, {"type": "Feature", "geometry": {"type": "Point", "coordinates": [16.5536, 38.6859]}, "properties": {"id": "ATHER-ZEU-0767", "name": "Soverato", "town": "Soverato, Italy, Europe", "country": "Europe", "temperature": 28.0, "pressure": 1015.9, "humidity": 68, "windSpeed": 12.2, "windDirection": "W", "condition": "Clear", "timestamp": "22:39:45 CEST", "status": "NORMAL", "hasAnomaly": 0, "severity": "NONE"}}, {"type": "Feature", "geometry": {"type": "Point", "coordinates": [17.2582, 40.4534]}, "properties": {"id": "ATHER-ZEU-0768", "name": "Taranto", "town": "Taranto, Italy, Europe", "country": "Europe", "temperature": 29.0, "pressure": 1011.3, "humidity": 50, "windSpeed": 0.4, "windDirection": "S", "condition": "Partly Cloudy", "timestamp": "22:40:28 CEST", "status": "NORMAL", "hasAnomaly": 0, "severity": "NONE"}}, {"type": "Feature", "geometry": {"type": "Point", "coordinates": [14.47, 40.75]}, "properties": {"id": "ATHER-ZEU-0769", "name": "Torre Annunziata (NA)", "town": "Torre Annunziata (NA), Italy, Europe", "country": "Europe", "temperature": 28.0, "pressure": 1016.1, "humidity": 3, "windSpeed": 0.0, "windDirection": "WNW", "condition": "Partly Cloudy", "timestamp": "22:40:38 CEST", "status": "NORMAL", "hasAnomaly": 0, "severity": "NONE"}}, {"type": "Feature", "geometry": {"type": "Point", "coordinates": [11.7833, 43.1833]}, "properties": {"id": "ATHER-ZEU-0770", "name": "Torrita di Siena", "town": "Torrita di Siena, (SI), Italy, Europe", "country": "Europe", "temperature": 25.0, "pressure": 1015.8, "humidity": 58, "windSpeed": 0.0, "windDirection": "0", "condition": "Partly Cloudy", "timestamp": "22:38:24 CEST", "status": "NORMAL", "hasAnomaly": 0, "severity": "NONE"}}, {"type": "Feature", "geometry": {"type": "Point", "coordinates": [8.7416, 45.43]}, "properties": {"id": "ATHER-ZEU-0771", "name": "Trecate", "town": "Trecate, (NO), Italy, Europe", "country": "Europe", "temperature": 25.0, "pressure": 1013.9, "humidity": 74, "windSpeed": 0.0, "windDirection": "SSW", "condition": "Clear", "timestamp": "22:36:02 CEST", "status": "NORMAL", "hasAnomaly": 0, "severity": "NONE"}}, {"type": "Feature", "geometry": {"type": "Point", "coordinates": [12.2669, 45.6467]}, "properties": {"id": "ATHER-ZEU-0772", "name": "Treviso", "town": "Treviso, (TV), Italy, Europe", "country": "Europe", "temperature": 24.0, "pressure": 1004.4, "humidity": 71, "windSpeed": 0.0, "windDirection": "S", "condition": "Partly Cloudy", "timestamp": "22:40:09 CEST", "status": "NORMAL", "hasAnomaly": 0, "severity": "NONE"}}, {"type": "Feature", "geometry": {"type": "Point", "coordinates": [18.0991, 40.0737]}, "properties": {"id": "ATHER-ZEU-0773", "name": "Tuglie", "town": "Tuglie, (LE), Italy, Europe", "country": "Europe", "temperature": 27.0, "pressure": 1014.6, "humidity": 81, "windSpeed": 0.0, "windDirection": "SW", "condition": "Clear", "timestamp": "22:40:37 CEST", "status": "NORMAL", "hasAnomaly": 0, "severity": "NONE"}}, {"type": "Feature", "geometry": {"type": "Point", "coordinates": [12.04, 45.51]}, "properties": {"id": "ATHER-ZEU-0774", "name": "Venezia", "town": "Venezia, Italy, Europe", "country": "Europe", "temperature": 23.0, "pressure": 1013.0, "humidity": 85, "windSpeed": 3.2, "windDirection": "SW", "condition": "Clear", "timestamp": "22:40:33 CEST", "status": "NORMAL", "hasAnomaly": 0, "severity": "NONE"}}, {"type": "Feature", "geometry": {"type": "Point", "coordinates": [10.2377, 43.8914]}, "properties": {"id": "ATHER-ZEU-0775", "name": "Viareggio", "town": "Viareggio, (LU), Italy, Europe", "country": "Europe", "temperature": 24.0, "pressure": 1014.1, "humidity": 78, "windSpeed": 20.2, "windDirection": "0", "condition": "Partly Cloudy", "timestamp": "22:40:14 CEST", "status": "NORMAL", "hasAnomaly": 0, "severity": "NONE"}}, {"type": "Feature", "geometry": {"type": "Point", "coordinates": [11.46, 43.935]}, "properties": {"id": "ATHER-ZEU-0776", "name": "Vicchio", "town": "Vicchio, (FI), Italy, Europe", "country": "Europe", "temperature": 21.0, "pressure": 1014.7, "humidity": 74, "windSpeed": 20.2, "windDirection": "0", "condition": "Partly Cloudy", "timestamp": "22:40:20 CEST", "status": "NORMAL", "hasAnomaly": 0, "severity": "NONE"}}, {"type": "Feature", "geometry": {"type": "Point", "coordinates": [8.8361, 45.3176]}, "properties": {"id": "ATHER-ZEU-0777", "name": "Vigevano", "town": "Vigevano, (PV), Italy, Europe", "country": "Europe", "temperature": null, "pressure": null, "humidity": null, "windSpeed": null, "windDirection": null, "condition": "Offline", "timestamp": "Offline", "status": "OFFLINE", "hasAnomaly": 0, "severity": "NONE"}}, {"type": "Feature", "geometry": {"type": "Point", "coordinates": [8.85489, 44.8169]}, "properties": {"id": "ATHER-ZEU-0778", "name": "Villalvernia", "town": "Villalvernia, Italy, Europe", "country": "Europe", "temperature": 24.0, "pressure": 1014.8, "humidity": 65, "windSpeed": 0.0, "windDirection": "S", "condition": "Partly Cloudy", "timestamp": "22:40:10 CEST", "status": "NORMAL", "hasAnomaly": 0, "severity": "NONE"}}, {"type": "Feature", "geometry": {"type": "Point", "coordinates": [6.01, 49.6699]}, "properties": {"id": "ATHER-ZEU-0779", "name": "Kehlen", "town": "Kehlen, Luxembourg, Europe", "country": "Europe", "temperature": null, "pressure": null, "humidity": null, "windSpeed": null, "windDirection": null, "condition": "Offline", "timestamp": "Offline", "status": "OFFLINE", "hasAnomaly": 0, "severity": "NONE"}}, {"type": "Feature", "geometry": {"type": "Point", "coordinates": [4.17418, 52.0008]}, "properties": {"id": "ATHER-BNL-0780", "name": "'s-Gravenzande", "town": "'s-Gravenzande, Netherlands, Europe", "country": "Europe", "temperature": 21.0, "pressure": 1008.4, "humidity": 66, "windSpeed": 2.0, "windDirection": "NNE", "condition": "Overcast", "timestamp": "22:42:11 CEST", "status": "NORMAL", "hasAnomaly": 0, "severity": "NONE"}}, {"type": "Feature", "geometry": {"type": "Point", "coordinates": [6.77, 53.37]}, "properties": {"id": "ATHER-BNL-0781", "name": "'t Zandt", "town": "'t Zandt, Netherlands, Europe", "country": "Europe", "temperature": 19.0, "pressure": 1008.8, "humidity": 76, "windSpeed": 0.0, "windDirection": "N", "condition": "Partly Cloudy", "timestamp": "22:42:11 CEST", "status": "NORMAL", "hasAnomaly": 0, "severity": "NONE"}}, {"type": "Feature", "geometry": {"type": "Point", "coordinates": [6.0101, 51.6366]}, "properties": {"id": "ATHER-ZEU-0782", "name": "Afferden", "town": "Afferden, Netherlands, Europe", "country": "Europe", "temperature": 21.0, "pressure": 1009.0, "humidity": 70, "windSpeed": 0.0, "windDirection": "SSW", "condition": "Partly Cloudy", "timestamp": "22:40:40 CEST", "status": "NORMAL", "hasAnomaly": 0, "severity": "NONE"}}, {"type": "Feature", "geometry": {"type": "Point", "coordinates": [4.73405, 52.6296]}, "properties": {"id": "ATHER-ZEU-0783", "name": "Alkmaar", "town": "Alkmaar, Netherlands, Europe", "country": "Europe", "temperature": 19.0, "pressure": 1009.4, "humidity": 69, "windSpeed": 0.0, "windDirection": "SW", "condition": "Partly Cloudy", "timestamp": "22:40:31 CEST", "status": "NORMAL", "hasAnomaly": 0, "severity": "NONE"}}, {"type": "Feature", "geometry": {"type": "Point", "coordinates": [4.78081, 52.6377]}, "properties": {"id": "ATHER-ZEU-0784", "name": "Alkmaar (Oudorp)", "town": "Alkmaar (Oudorp), Netherlands, Europe", "country": "Europe", "temperature": 20.0, "pressure": 1009.0, "humidity": 77, "windSpeed": 0.0, "windDirection": "WNW", "condition": "Partly Cloudy", "timestamp": "22:38:22 CEST", "status": "NORMAL", "hasAnomaly": 0, "severity": "NONE"}}, {"type": "Feature", "geometry": {"type": "Point", "coordinates": [6.66, 52.36]}, "properties": {"id": "ATHER-BNL-0785", "name": "Almelo", "town": "Almelo, Netherlands, Europe", "country": "Europe", "temperature": 20.0, "pressure": 1008.0, "humidity": 61, "windSpeed": 0.0, "windDirection": "SW", "condition": "Clear", "timestamp": "22:42:04 CEST", "status": "NORMAL", "hasAnomaly": 0, "severity": "NONE"}}, {"type": "Feature", "geometry": {"type": "Point", "coordinates": [5.18405, 52.3873]}, "properties": {"id": "ATHER-ZEU-0786", "name": "Almere", "town": "Almere, Netherlands, Europe", "country": "Europe", "temperature": 22.0, "pressure": 1006.7, "humidity": 70, "windSpeed": 0.0, "windDirection": "NE", "condition": "Partly Cloudy", "timestamp": "22:40:05 CEST", "status": "NORMAL", "hasAnomaly": 0, "severity": "NONE"}}, {"type": "Feature", "geometry": {"type": "Point", "coordinates": [5.2840042, 52.3914239]}, "properties": {"id": "ATHER-BNL-0787", "name": "Almere-Buiten", "town": "Almere-Buiten, Netherlands, Europe", "country": "Europe", "temperature": 22.0, "pressure": 1008.4, "humidity": 71, "windSpeed": 0.0, "windDirection": "NNE", "condition": "Clear", "timestamp": "22:41:34 CEST", "status": "NORMAL", "hasAnomaly": 0, "severity": "NONE"}}, {"type": "Feature", "geometry": {"type": "Point", "coordinates": [4.9501117, 51.7692575]}, "properties": {"id": "ATHER-BNL-0788", "name": "Almkerk", "town": "Almkerk, Netherlands, Europe", "country": "Europe", "temperature": 21.0, "pressure": 1010.9, "humidity": 57, "windSpeed": 0.0, "windDirection": "ESE", "condition": "Overcast", "timestamp": "22:41:50 CEST", "status": "NORMAL", "hasAnomaly": 0, "severity": "NONE"}}, {"type": "Feature", "geometry": {"type": "Point", "coordinates": [4.97, 52.3]}, "properties": {"id": "ATHER-ZEU-0789", "name": "Amsterdam", "town": "Amsterdam, Netherlands, Europe", "country": "Europe", "temperature": 20.0, "pressure": 1008.6, "humidity": 79, "windSpeed": 0.0, "windDirection": "0", "condition": "Partly Cloudy", "timestamp": "22:40:11 CEST", "status": "NORMAL", "hasAnomaly": 0, "severity": "NONE"}}, {"type": "Feature", "geometry": {"type": "Point", "coordinates": [5.9699, 52.2111]}, "properties": {"id": "ATHER-ZEU-0790", "name": "Apeldoorn", "town": "Apeldoorn, Netherlands, Europe", "country": "Europe", "temperature": 22.0, "pressure": 1009.2, "humidity": 55, "windSpeed": 0.0, "windDirection": "W", "condition": "Partly Cloudy", "timestamp": "22:40:05 CEST", "status": "NORMAL", "hasAnomaly": 0, "severity": "NONE"}}, {"type": "Feature", "geometry": {"type": "Point", "coordinates": [6.000556, 52.22]}, "properties": {"id": "ATHER-BNL-0791", "name": "Apeldoorn-Oost", "town": "Apeldoorn-Oost, Netherlands, Europe", "country": "Europe", "temperature": 22.0, "pressure": 1009.2, "humidity": 54, "windSpeed": 0.0, "windDirection": "W", "condition": "Overcast", "timestamp": "22:40:00 CEST", "status": "NORMAL", "hasAnomaly": 0, "severity": "NONE"}}, {"type": "Feature", "geometry": {"type": "Point", "coordinates": [6.3562894, 52.9523934]}, "properties": {"id": "ATHER-BNL-0792", "name": "Appelscha", "town": "Appelscha, Netherlands, Europe", "country": "Europe", "temperature": 20.0, "pressure": 1009.6, "humidity": 79, "windSpeed": 0.0, "windDirection": "SSW", "condition": "Partly Cloudy", "timestamp": "22:42:13 CEST", "status": "NORMAL", "hasAnomaly": 0, "severity": "NONE"}}, {"type": "Feature", "geometry": {"type": "Point", "coordinates": [6.59056, 53.0225]}, "properties": {"id": "ATHER-BNL-0793", "name": "Assen", "town": "Assen, Netherlands, Europe", "country": "Europe", "temperature": 20.0, "pressure": 1010.0, "humidity": 70, "windSpeed": 0.0, "windDirection": "SW", "condition": "Partly Cloudy", "timestamp": "22:42:13 CEST", "status": "NORMAL", "hasAnomaly": 0, "severity": "NONE"}}, {"type": "Feature", "geometry": {"type": "Point", "coordinates": [6.53042, 52.9897]}, "properties": {"id": "ATHER-ZEU-0794", "name": "Assen", "town": "Assen, Zuid-West, Netherlands, Europe", "country": "Europe", "temperature": null, "pressure": null, "humidity": null, "windSpeed": null, "windDirection": null, "condition": "Offline", "timestamp": "Offline", "status": "OFFLINE", "hasAnomaly": 0, "severity": "NONE"}}, {"type": "Feature", "geometry": {"type": "Point", "coordinates": [4.781161, 52.332037]}, "properties": {"id": "ATHER-BNL-0795", "name": "Badhoevedorp", "town": "Badhoevedorp, Netherlands, Europe", "country": "Europe", "temperature": 22.0, "pressure": 1009.0, "humidity": 67, "windSpeed": 0.0, "windDirection": "SW", "condition": "Clear", "timestamp": "22:42:13 CEST", "status": "NORMAL", "hasAnomaly": 0, "severity": "NONE"}}, {"type": "Feature", "geometry": {"type": "Point", "coordinates": [0.0, 0.0]}, "properties": {"id": "ATHER-ZEU-0796", "name": "Badhoevedorp (zuid)", "town": "Badhoevedorp (zuid), Netherlands, Europe", "country": "Europe", "temperature": null, "pressure": null, "humidity": null, "windSpeed": null, "windDirection": null, "condition": "Offline", "timestamp": "Offline", "status": "OFFLINE", "hasAnomaly": 0, "severity": "NONE"}}, {"type": "Feature", "geometry": {"type": "Point", "coordinates": [5.2941, 51.9492]}, "properties": {"id": "ATHER-ZEU-0797", "name": "Beusichem", "town": "Beusichem, Netherlands, Europe", "country": "Europe", "temperature": null, "pressure": 0.0, "humidity": 0, "windSpeed": null, "windDirection": "CALM", "condition": "Partly Cloudy", "timestamp": "22:40:40 CEST", "status": "ANOMALY", "hasAnomaly": 1, "severity": "HIGH"}}, {"type": "Feature", "geometry": {"type": "Point", "coordinates": [6.128368, 52.330952]}, "properties": {"id": "ATHER-BNL-0798", "name": "Boskamp", "town": "Boskamp, Netherlands, Europe", "country": "Europe", "temperature": 21.0, "pressure": 1009.5, "humidity": 65, "windSpeed": 0.0, "windDirection": "SW", "condition": "Overcast", "timestamp": "22:41:51 CEST", "status": "NORMAL", "hasAnomaly": 0, "severity": "NONE"}}, {"type": "Feature", "geometry": {"type": "Point", "coordinates": [5.31345, 51.5906]}, "properties": {"id": "ATHER-ZEU-0799", "name": "Boxtel", "town": "Boxtel, Netherlands, Europe", "country": "Europe", "temperature": null, "pressure": null, "humidity": null, "windSpeed": null, "windDirection": null, "condition": "Offline", "timestamp": "Offline", "status": "OFFLINE", "hasAnomaly": 0, "severity": "NONE"}}, {"type": "Feature", "geometry": {"type": "Point", "coordinates": [4.77527, 51.58602]}, "properties": {"id": "ATHER-BNL-0800", "name": "Breda", "town": "Breda, Netherlands, Europe", "country": "Europe", "temperature": 23.0, "pressure": 1007.2, "humidity": 56, "windSpeed": 0.0, "windDirection": "ESE", "condition": "Overcast", "timestamp": "22:41:37 CEST", "status": "NORMAL", "hasAnomaly": 0, "severity": "NONE"}}, {"type": "Feature", "geometry": {"type": "Point", "coordinates": [4.57, 51.95]}, "properties": {"id": "ATHER-BNL-0801", "name": "Capelle a/d IJssel", "town": "Capelle a/d IJssel, Netherlands, Europe", "country": "Europe", "temperature": 22.0, "pressure": 1008.5, "humidity": 62, "windSpeed": 0.0, "windDirection": "ESE", "condition": "Partly Cloudy", "timestamp": "22:40:46 CEST", "status": "NORMAL", "hasAnomaly": 0, "severity": "NONE"}}, {"type": "Feature", "geometry": {"type": "Point", "coordinates": [4.57, 51.95]}, "properties": {"id": "ATHER-ZEU-0802", "name": "Capelle ad IJssel", "town": "Capelle ad IJssel, Netherlands, Europe", "country": "Europe", "temperature": null, "pressure": null, "humidity": null, "windSpeed": null, "windDirection": null, "condition": "Offline", "timestamp": "Offline", "status": "OFFLINE", "hasAnomaly": 0, "severity": "NONE"}}, {"type": "Feature", "geometry": {"type": "Point", "coordinates": [5.86, 51.736]}, "properties": {"id": "ATHER-ZEU-0803", "name": "Cuijk", "town": "Cuijk, Netherlands, Europe", "country": "Europe", "temperature": 21.0, "pressure": 1009.3, "humidity": 24, "windSpeed": 2.2, "windDirection": "SE", "condition": "nt_rain2", "timestamp": "22:40:37 CEST", "status": "NORMAL", "hasAnomaly": 0, "severity": "NONE"}}, {"type": "Feature", "geometry": {"type": "Point", "coordinates": [5.19407, 51.9444]}, "properties": {"id": "ATHER-ZEU-0804", "name": "Culemborg", "town": "Culemborg, Netherlands, Europe", "country": "Europe", "temperature": 22.0, "pressure": 1008.1, "humidity": 60, "windSpeed": 0.0, "windDirection": "ESE", "condition": "Partly Cloudy", "timestamp": "22:39:40 CEST", "status": "NORMAL", "hasAnomaly": 0, "severity": "NONE"}}, {"type": "Feature", "geometry": {"type": "Point", "coordinates": [5.9779601, 53.2912102]}, "properties": {"id": "ATHER-BNL-0805", "name": "Damwoude", "town": "Damwoude, Netherlands, Europe", "country": "Europe", "temperature": 19.0, "pressure": 1009.6, "humidity": 81, "windSpeed": 0.0, "windDirection": "WSW", "condition": "Overcast", "timestamp": "22:04:19 CEST", "status": "NORMAL", "hasAnomaly": 0, "severity": "NONE"}}, {"type": "Feature", "geometry": {"type": "Point", "coordinates": [4.34, 51.98]}, "properties": {"id": "ATHER-ZEU-0806", "name": "Delft (Tanthof)", "town": "Delft (Tanthof), Netherlands, Europe", "country": "Europe", "temperature": 22.0, "pressure": 1006.8, "humidity": 63, "windSpeed": 0.0, "windDirection": "SSW", "condition": "Partly Cloudy", "timestamp": "22:40:39 CEST", "status": "NORMAL", "hasAnomaly": 0, "severity": "NONE"}}, {"type": "Feature", "geometry": {"type": "Point", "coordinates": [5.544774, 53.209347]}, "properties": {"id": "ATHER-BNL-0807", "name": "Dongjum", "town": "Dongjum, Netherlands, Europe", "country": "Europe", "temperature": 19.0, "pressure": 1008.5, "humidity": 79, "windSpeed": 0.0, "windDirection": "SW", "condition": "Overcast", "timestamp": "22:42:13 CEST", "status": "NORMAL", "hasAnomaly": 0, "severity": "NONE"}}, {"type": "Feature", "geometry": {"type": "Point", "coordinates": [6.000171, 51.88619]}, "properties": {"id": "ATHER-BNL-0808", "name": "Doornenburg", "town": "Doornenburg, Netherlands, Europe", "country": "Europe", "temperature": 22.0, "pressure": 1008.3, "humidity": 65, "windSpeed": 0.0, "windDirection": "SW", "condition": "Overcast", "timestamp": "22:42:14 CEST", "status": "NORMAL", "hasAnomaly": 0, "severity": "NONE"}}, {"type": "Feature", "geometry": {"type": "Point", "coordinates": [4.63503, 52.4468]}, "properties": {"id": "ATHER-ZEU-0809", "name": "Driehuis NH", "town": "Driehuis NH, Netherlands, Europe", "country": "Europe", "temperature": null, "pressure": null, "humidity": null, "windSpeed": null, "windDirection": null, "condition": "Offline", "timestamp": "Offline", "status": "OFFLINE", "hasAnomaly": 0, "severity": "NONE"}}, {"type": "Feature", "geometry": {"type": "Point", "coordinates": [6.104334, 53.3282976]}, "properties": {"id": "ATHER-BNL-0810", "name": "Ee", "town": "Ee, Netherlands, Europe", "country": "Europe", "temperature": 19.0, "pressure": 1008.2, "humidity": 82, "windSpeed": 0.0, "windDirection": "S", "condition": "Overcast", "timestamp": "22:42:13 CEST", "status": "NORMAL", "hasAnomaly": 0, "severity": "NONE"}}, {"type": "Feature", "geometry": {"type": "Point", "coordinates": [6.22687, 52.1737]}, "properties": {"id": "ATHER-ZEU-0811", "name": "Eefde", "town": "Eefde, Netherlands, Europe", "country": "Europe", "temperature": 20.0, "pressure": 1009.0, "humidity": 74, "windSpeed": 0.0, "windDirection": "S", "condition": "Partly Cloudy", "timestamp": "22:40:34 CEST", "status": "NORMAL", "hasAnomaly": 0, "severity": "NONE"}}, {"type": "Feature", "geometry": {"type": "Point", "coordinates": [6.57008, 53.1358]}, "properties": {"id": "ATHER-ZEU-0812", "name": "Eelde", "town": "Eelde, Netherlands, Europe", "country": "Europe", "temperature": 20.0, "pressure": 1009.2, "humidity": 75, "windSpeed": 0.0, "windDirection": "SE", "condition": "Partly Cloudy", "timestamp": "22:09:10 CEST", "status": "NORMAL", "hasAnomaly": 0, "severity": "NONE"}}, {"type": "Feature", "geometry": {"type": "Point", "coordinates": [4.633913, 52.613654]}, "properties": {"id": "ATHER-BNL-0813", "name": "Egmond aan Zee", "town": "Egmond aan Zee, Netherlands, Europe", "country": "Europe", "temperature": 21.0, "pressure": 1008.4, "humidity": 71, "windSpeed": 0.0, "windDirection": "NNW", "condition": "Clear", "timestamp": "22:42:15 CEST", "status": "NORMAL", "hasAnomaly": 0, "severity": "NONE"}}, {"type": "Feature", "geometry": {"type": "Point", "coordinates": [5.7327886, 52.7044291]}, "properties": {"id": "ATHER-BNL-0814", "name": "Emmeloord", "town": "Emmeloord, Netherlands, Europe", "country": "Europe", "temperature": 20.0, "pressure": 1008.7, "humidity": 70, "windSpeed": 0.0, "windDirection": "WNW", "condition": "Clear", "timestamp": "22:41:02 CEST", "status": "NORMAL", "hasAnomaly": 0, "severity": "NONE"}}, {"type": "Feature", "geometry": {"type": "Point", "coordinates": [6.93906, 52.78761]}, "properties": {"id": "ATHER-BNL-0815", "name": "Emmen", "town": "Emmen, Netherlands, Europe", "country": "Europe", "temperature": 22.0, "pressure": 1009.4, "humidity": 69, "windSpeed": 0.0, "windDirection": "ESE", "condition": "Partly Cloudy", "timestamp": "22:41:59 CEST", "status": "NORMAL", "hasAnomaly": 0, "severity": "NONE"}}, {"type": "Feature", "geometry": {"type": "Point", "coordinates": [6.898477, 52.74388]}, "properties": {"id": "ATHER-BNL-0816", "name": "Emmen Zuid-West", "town": "Emmen Zuid-West, Netherlands, Europe", "country": "Europe", "temperature": 21.0, "pressure": 1009.2, "humidity": 72, "windSpeed": 0.0, "windDirection": "S", "condition": "Partly Cloudy", "timestamp": "22:41:03 CEST", "status": "NORMAL", "hasAnomaly": 0, "severity": "NONE"}}, {"type": "Feature", "geometry": {"type": "Point", "coordinates": [5.98745, 52.3563]}, "properties": {"id": "ATHER-ZEU-0817", "name": "Epe", "town": "Epe, Netherlands, Europe", "country": "Europe", "temperature": 20.0, "pressure": 1008.9, "humidity": 72, "windSpeed": 0.0, "windDirection": "SSW", "condition": "Partly Cloudy", "timestamp": "22:40:37 CEST", "status": "NORMAL", "hasAnomaly": 0, "severity": "NONE"}}, {"type": "Feature", "geometry": {"type": "Point", "coordinates": [5.622778, 52.2975]}, "properties": {"id": "ATHER-BNL-0818", "name": "Ermelo", "town": "Ermelo, Netherlands, Europe", "country": "Europe", "temperature": 20.0, "pressure": 1007.0, "humidity": 32, "windSpeed": 1.0, "windDirection": "N", "condition": "Clear", "timestamp": "22:42:09 CEST", "status": "NORMAL", "hasAnomaly": 0, "severity": "NONE"}}, {"type": "Feature", "geometry": {"type": "Point", "coordinates": [4.63, 51.56]}, "properties": {"id": "ATHER-BNL-0819", "name": "Etten-Leur", "town": "Etten-Leur, Netherlands, Europe", "country": "Europe", "temperature": 23.0, "pressure": 1007.2, "humidity": 54, "windSpeed": 0.0, "windDirection": "SSW", "condition": "Overcast", "timestamp": "22:40:06 CEST", "status": "NORMAL", "hasAnomaly": 0, "severity": "NONE"}}, {"type": "Feature", "geometry": {"type": "Point", "coordinates": [6.898, 52.995]}, "properties": {"id": "ATHER-BNL-0820", "name": "Gasselternijveenschemond", "town": "Gasselternijveenschemond, Netherlands, Europe", "country": "Europe", "temperature": 19.0, "pressure": 1004.7, "humidity": 88, "windSpeed": 0.0, "windDirection": "N", "condition": "Partly Cloudy", "timestamp": "22:42:07 CEST", "status": "NORMAL", "hasAnomaly": 0, "severity": "NONE"}}, {"type": "Feature", "geometry": {"type": "Point", "coordinates": [5.816342, 50.966361]}, "properties": {"id": "ATHER-BNL-0821", "name": "Geleen", "town": "Geleen, Netherlands, Europe", "country": "Europe", "temperature": 31.0, "pressure": 1011.1, "humidity": 24, "windSpeed": 2.0, "windDirection": "W", "condition": "Partly Cloudy", "timestamp": "22:42:15 CEST", "status": "NORMAL", "hasAnomaly": 0, "severity": "NONE"}}, {"type": "Feature", "geometry": {"type": "Point", "coordinates": [5.0842, 51.734775]}, "properties": {"id": "ATHER-BNL-0822", "name": "Genderen", "town": "Genderen, Netherlands, Europe", "country": "Europe", "temperature": 22.0, "pressure": 1008.0, "humidity": 62, "windSpeed": 0.0, "windDirection": "SW", "condition": "Overcast", "timestamp": "22:42:03 CEST", "status": "NORMAL", "hasAnomaly": 0, "severity": "NONE"}}, {"type": "Feature", "geometry": {"type": "Point", "coordinates": [6.067155, 52.722337]}, "properties": {"id": "ATHER-BNL-0823", "name": "Giethoorn", "town": "Giethoorn, Netherlands, Europe", "country": "Europe", "temperature": 19.0, "pressure": 1009.3, "humidity": 83, "windSpeed": 0.0, "windDirection": "NE", "condition": "Overcast", "timestamp": "22:40:02 CEST", "status": "NORMAL", "hasAnomaly": 0, "severity": "NONE"}}, {"type": "Feature", "geometry": {"type": "Point", "coordinates": [4.6976396, 52.0315993]}, "properties": {"id": "ATHER-BNL-0824", "name": "Gouda-Bloemendaal", "town": "Gouda-Bloemendaal, Netherlands, Europe", "country": "Europe", "temperature": 20.0, "pressure": 1008.2, "humidity": 76, "windSpeed": 0.0, "windDirection": "SW", "condition": "Partly Cloudy", "timestamp": "22:40:26 CEST", "status": "NORMAL", "hasAnomaly": 0, "severity": "NONE"}}, {"type": "Feature", "geometry": {"type": "Point", "coordinates": [5.81756, 53.1805]}, "properties": {"id": "ATHER-ZEU-0825", "name": "Goutum", "town": "Goutum, Netherlands, Europe", "country": "Europe", "temperature": 20.0, "pressure": 1007.8, "humidity": 74, "windSpeed": 0.0, "windDirection": "SW", "condition": "Partly Cloudy", "timestamp": "22:40:27 CEST", "status": "NORMAL", "hasAnomaly": 0, "severity": "NONE"}}, {"type": "Feature", "geometry": {"type": "Point", "coordinates": [5.739147, 51.757936]}, "properties": {"id": "ATHER-BNL-0826", "name": "Grave", "town": "Grave, Netherlands, Europe", "country": "Europe", "temperature": 23.0, "pressure": 1008.0, "humidity": 36, "windSpeed": 0.0, "windDirection": "--", "condition": "Overcast", "timestamp": "22:41:37 CEST", "status": "NORMAL", "hasAnomaly": 0, "severity": "NONE"}}, {"type": "Feature", "geometry": {"type": "Point", "coordinates": [6.28148, 53.2127]}, "properties": {"id": "ATHER-ZEU-0827", "name": "Grootegast", "town": "Grootegast, Netherlands, Europe", "country": "Europe", "temperature": 20.0, "pressure": 1009.0, "humidity": 67, "windSpeed": 0.0, "windDirection": "ENE", "condition": "Partly Cloudy", "timestamp": "22:40:29 CEST", "status": "NORMAL", "hasAnomaly": 0, "severity": "NONE"}}, {"type": "Feature", "geometry": {"type": "Point", "coordinates": [5.827317, 53.091367]}, "properties": {"id": "ATHER-BNL-0828", "name": "Grou", "town": "Grou, Netherlands, Europe", "country": "Europe", "temperature": 20.0, "pressure": 1005.1, "humidity": 87, "windSpeed": 0.0, "windDirection": "NW", "condition": "Overcast", "timestamp": "22:41:13 CEST", "status": "NORMAL", "hasAnomaly": 0, "severity": "NONE"}}, {"type": "Feature", "geometry": {"type": "Point", "coordinates": [6.71797, 52.1492]}, "properties": {"id": "ATHER-ZEU-0829", "name": "Haaksbergen", "town": "Haaksbergen, Netherlands, Europe", "country": "Europe", "temperature": 21.0, "pressure": 1009.0, "humidity": 70, "windSpeed": 0.0, "windDirection": "SSW", "condition": "Clear", "timestamp": "22:38:45 CEST", "status": "NORMAL", "hasAnomaly": 0, "severity": "NONE"}}, {"type": "Feature", "geometry": {"type": "Point", "coordinates": [6.73689, 52.1693]}, "properties": {"id": "ATHER-ZEU-0830", "name": "Haaksbergen Noord", "town": "Haaksbergen Noord, Netherlands, Europe", "country": "Europe", "temperature": null, "pressure": null, "humidity": null, "windSpeed": null, "windDirection": null, "condition": "Offline", "timestamp": "Offline", "status": "OFFLINE", "hasAnomaly": 0, "severity": "NONE"}}, {"type": "Feature", "geometry": {"type": "Point", "coordinates": [5.78825, 53.3085]}, "properties": {"id": "ATHER-ZEU-0831", "name": "Hallum", "town": "Hallum, Netherlands, Europe", "country": "Europe", "temperature": 18.0, "pressure": 1009.0, "humidity": 87, "windSpeed": 0.0, "windDirection": "SSW", "condition": "Partly Cloudy", "timestamp": "22:36:22 CEST", "status": "NORMAL", "hasAnomaly": 0, "severity": "NONE"}}, {"type": "Feature", "geometry": {"type": "Point", "coordinates": [5.26417, 51.3731]}, "properties": {"id": "ATHER-ZEU-0832", "name": "Hapert", "town": "Hapert, Netherlands, Europe", "country": "Europe", "temperature": null, "pressure": null, "humidity": null, "windSpeed": null, "windDirection": null, "condition": "Offline", "timestamp": "Offline", "status": "OFFLINE", "hasAnomaly": 0, "severity": "NONE"}}, {"type": "Feature", "geometry": {"type": "Point", "coordinates": [6.6071, 52.5734]}, "properties": {"id": "ATHER-BNL-0833", "name": "Hardenberg", "town": "Hardenberg, Netherlands, Europe", "country": "Europe", "temperature": 22.0, "pressure": 1009.3, "humidity": 65, "windSpeed": 0.0, "windDirection": "WSW", "condition": "Partly Cloudy", "timestamp": "22:41:26 CEST", "status": "NORMAL", "hasAnomaly": 0, "severity": "NONE"}}, {"type": "Feature", "geometry": {"type": "Point", "coordinates": [4.83023465, 51.8268798]}, "properties": {"id": "ATHER-BNL-0834", "name": "Hardinxveld-Giessendam", "town": "Hardinxveld-Giessendam, Netherlands, Europe", "country": "Europe", "temperature": 23.0, "pressure": 1008.2, "humidity": 49, "windSpeed": 0.0, "windDirection": "ENE", "condition": "Partly Cloudy", "timestamp": "22:40:00 CEST", "status": "NORMAL", "hasAnomaly": 0, "severity": "NONE"}}, {"type": "Feature", "geometry": {"type": "Point", "coordinates": [4.6725, 52.503889]}, "properties": {"id": "ATHER-BNL-0835", "name": "Heemskerk-Beijerlust", "town": "Heemskerk-Beijerlust, Netherlands, Europe", "country": "Europe", "temperature": 21.0, "pressure": 1008.6, "humidity": 67, "windSpeed": 1.0, "windDirection": "SW", "condition": "Clear", "timestamp": "22:42:15 CEST", "status": "NORMAL", "hasAnomaly": 0, "severity": "NONE"}}, {"type": "Feature", "geometry": {"type": "Point", "coordinates": [4.823, 52.6408]}, "properties": {"id": "ATHER-ZEU-0836", "name": "Heerhugowaard", "town": "Heerhugowaard, Netherlands, Europe", "country": "Europe", "temperature": 19.0, "pressure": 1008.0, "humidity": 77, "windSpeed": 0.0, "windDirection": "WSW", "condition": "Partly Cloudy", "timestamp": "22:40:03 CEST", "status": "NORMAL", "hasAnomaly": 0, "severity": "NONE"}}, {"type": "Feature", "geometry": {"type": "Point", "coordinates": [4.51102, 51.8134]}, "properties": {"id": "ATHER-ZEU-0837", "name": "Heinenoord", "town": "Heinenoord, Netherlands, Europe", "country": "Europe", "temperature": null, "pressure": null, "humidity": null, "windSpeed": null, "windDirection": null, "condition": "Offline", "timestamp": "Offline", "status": "OFFLINE", "hasAnomaly": 0, "severity": "NONE"}}, {"type": "Feature", "geometry": {"type": "Point", "coordinates": [5.64163, 51.46501]}, "properties": {"id": "ATHER-BNL-0838", "name": "Helmond", "town": "Helmond, Netherlands, Europe", "country": "Europe", "temperature": 21.0, "pressure": 1008.2, "humidity": 60, "windSpeed": 0.0, "windDirection": "NE", "condition": "Overcast", "timestamp": "22:41:02 CEST", "status": "NORMAL", "hasAnomaly": 0, "severity": "NONE"}}, {"type": "Feature", "geometry": {"type": "Point", "coordinates": [6.31341, 52.0455]}, "properties": {"id": "ATHER-ZEU-0839", "name": "Hengelo (gelderland)", "town": "Hengelo (gelderland), Netherlands, Europe", "country": "Europe", "temperature": 22.0, "pressure": 1009.0, "humidity": 67, "windSpeed": 0.0, "windDirection": "SW", "condition": "Partly Cloudy", "timestamp": "22:40:38 CEST", "status": "NORMAL", "hasAnomaly": 0, "severity": "NONE"}}, {"type": "Feature", "geometry": {"type": "Point", "coordinates": [6.79302, 52.2703]}, "properties": {"id": "ATHER-ZEU-0840", "name": "Hengelo Ov", "town": "Hengelo Ov, Netherlands, Europe", "country": "Europe", "temperature": 22.0, "pressure": 1008.6, "humidity": 61, "windSpeed": 0.0, "windDirection": "W", "condition": "Partly Cloudy", "timestamp": "22:40:32 CEST", "status": "NORMAL", "hasAnomaly": 0, "severity": "NONE"}}, {"type": "Feature", "geometry": {"type": "Point", "coordinates": [6.8055501, 52.29626465]}, "properties": {"id": "ATHER-BNL-0841", "name": "Hengelo(Ov)", "town": "Hengelo(Ov), Netherlands, Europe", "country": "Europe", "temperature": 22.0, "pressure": 1009.0, "humidity": 60, "windSpeed": 1.0, "windDirection": "ESE", "condition": "Clear", "timestamp": "22:26:23 CEST", "status": "NORMAL", "hasAnomaly": 0, "severity": "NONE"}}, {"type": "Feature", "geometry": {"type": "Point", "coordinates": [6.3132548, 52.0453942]}, "properties": {"id": "ATHER-BNL-0842", "name": "Hengelo-Gelderland", "town": "Hengelo-Gelderland, Netherlands, Europe", "country": "Europe", "temperature": 21.0, "pressure": 1008.0, "humidity": 67, "windSpeed": 0.0, "windDirection": "SW", "condition": "Clear", "timestamp": "22:42:12 CEST", "status": "NORMAL", "hasAnomaly": 0, "severity": "NONE"}}, {"type": "Feature", "geometry": {"type": "Point", "coordinates": [6.7927725, 52.270437]}, "properties": {"id": "ATHER-BNL-0843", "name": "Hengelo-Overijsel", "town": "Hengelo-Overijsel, Netherlands, Europe", "country": "Europe", "temperature": 22.0, "pressure": 1008.6, "humidity": 61, "windSpeed": 0.0, "windDirection": "W", "condition": "Clear", "timestamp": "22:42:16 CEST", "status": "NORMAL", "hasAnomaly": 0, "severity": "NONE"}}, {"type": "Feature", "geometry": {"type": "Point", "coordinates": [6.80555, 52.2963]}, "properties": {"id": "ATHER-ZEU-0844", "name": "Hengelo-Slangenbeek", "town": "Hengelo-Slangenbeek, Netherlands, Europe", "country": "Europe", "temperature": 22.0, "pressure": 1014.8, "humidity": 60, "windSpeed": 0.4, "windDirection": "ESE", "condition": "Partly Cloudy", "timestamp": "22:26:51 CEST", "status": "NORMAL", "hasAnomaly": 0, "severity": "NONE"}}, {"type": "Feature", "geometry": {"type": "Point", "coordinates": [6.5156811, 52.7243566]}, "properties": {"id": "ATHER-BNL-0845", "name": "Hoogeveen", "town": "Hoogeveen, Netherlands, Europe", "country": "Europe", "temperature": 21.0, "pressure": 1009.4, "humidity": 67, "windSpeed": 0.0, "windDirection": "SE", "condition": "Partly Cloudy", "timestamp": "22:42:16 CEST", "status": "NORMAL", "hasAnomaly": 0, "severity": "NONE"}}, {"type": "Feature", "geometry": {"type": "Point", "coordinates": [5.93116, 52.5699]}, "properties": {"id": "ATHER-ZEU-0846", "name": "IJsselmuiden", "town": "IJsselmuiden, Netherlands, Europe", "country": "Europe", "temperature": null, "pressure": null, "humidity": null, "windSpeed": null, "windDirection": null, "condition": "Offline", "timestamp": "Offline", "status": "OFFLINE", "hasAnomaly": 0, "severity": "NONE"}}, {"type": "Feature", "geometry": {"type": "Point", "coordinates": [5.0697, 52.01933]}, "properties": {"id": "ATHER-BNL-0847", "name": "IJsselstein", "town": "IJsselstein, Netherlands, Europe", "country": "Europe", "temperature": 22.0, "pressure": 1011.3, "humidity": 60, "windSpeed": 0.0, "windDirection": "E", "condition": "Clear", "timestamp": "22:42:09 CEST", "status": "NORMAL", "hasAnomaly": 0, "severity": "NONE"}}, {"type": "Feature", "geometry": {"type": "Point", "coordinates": [6.025657, 50.869028]}, "properties": {"id": "ATHER-BNL-0848", "name": "Kerkrade", "town": "Kerkrade, Netherlands, Europe", "country": "Europe", "temperature": 19.0, "pressure": 1009.1, "humidity": 61, "windSpeed": 0.0, "windDirection": "SSW", "condition": "Partly Cloudy", "timestamp": "22:41:37 CEST", "status": "NORMAL", "hasAnomaly": 0, "severity": "NONE"}}, {"type": "Feature", "geometry": {"type": "Point", "coordinates": [6.0257, 50.8687]}, "properties": {"id": "ATHER-ZEU-0849", "name": "Kerkrade (Terwinselen)", "town": "Kerkrade (Terwinselen), Netherlands, Europe", "country": "Europe", "temperature": 19.0, "pressure": 1009.1, "humidity": 61, "windSpeed": 0.0, "windDirection": "SSW", "condition": "Partly Cloudy", "timestamp": "22:40:37 CEST", "status": "NORMAL", "hasAnomaly": 0, "severity": "NONE"}}, {"type": "Feature", "geometry": {"type": "Point", "coordinates": [5.72298, 52.8381]}, "properties": {"id": "ATHER-ZEU-0850", "name": "Lemmer", "town": "Lemmer, Netherlands, Europe", "country": "Europe", "temperature": null, "pressure": null, "humidity": null, "windSpeed": null, "windDirection": null, "condition": "Offline", "timestamp": "Offline", "status": "OFFLINE", "hasAnomaly": 0, "severity": "NONE"}}, {"type": "Feature", "geometry": {"type": "Point", "coordinates": [5.965089, 51.22515]}, "properties": {"id": "ATHER-BNL-0851", "name": "Leudal", "town": "Leudal, Netherlands, Europe", "country": "Europe", "temperature": 21.0, "pressure": 1009.0, "humidity": 60, "windSpeed": 0.0, "windDirection": "S", "condition": "Reported", "timestamp": "22:42:12 CEST", "status": "NORMAL", "hasAnomaly": 0, "severity": "NONE"}}, {"type": "Feature", "geometry": {"type": "Point", "coordinates": [7.0025, 52.255]}, "properties": {"id": "ATHER-BNL-0852", "name": "Losser", "town": "Losser, Netherlands, Europe", "country": "Europe", "temperature": 22.0, "pressure": 1009.3, "humidity": 64, "windSpeed": 0.0, "windDirection": "ENE", "condition": "Clear", "timestamp": "22:41:29 CEST", "status": "NORMAL", "hasAnomaly": 0, "severity": "NONE"}}, {"type": "Feature", "geometry": {"type": "Point", "coordinates": [5.38, 52.07]}, "properties": {"id": "ATHER-ZEU-0853", "name": "Maarn", "town": "Maarn, Netherlands, Europe", "country": "Europe", "temperature": null, "pressure": null, "humidity": null, "windSpeed": null, "windDirection": null, "condition": "Offline", "timestamp": "Offline", "status": "OFFLINE", "hasAnomaly": 0, "severity": "NONE"}}, {"type": "Feature", "geometry": {"type": "Point", "coordinates": [5.6471, 50.8459]}, "properties": {"id": "ATHER-BNL-0854", "name": "Maastricht", "town": "Maastricht, Netherlands, Europe", "country": "Europe", "temperature": 22.0, "pressure": 1007.0, "humidity": 34, "windSpeed": 5.0, "windDirection": "WSW", "condition": "Partly Cloudy", "timestamp": "22:39:59 CEST", "status": "NORMAL", "hasAnomaly": 0, "severity": "NONE"}}, {"type": "Feature", "geometry": {"type": "Point", "coordinates": [6.5002, 52.2336]}, "properties": {"id": "ATHER-ZEU-0855", "name": "Markelo", "town": "Markelo, Netherlands, Europe", "country": "Europe", "temperature": 22.0, "pressure": 1009.8, "humidity": 62, "windSpeed": 0.0, "windDirection": "SSW", "condition": "Partly Cloudy", "timestamp": "22:39:32 CEST", "status": "NORMAL", "hasAnomaly": 0, "severity": "NONE"}}, {"type": "Feature", "geometry": {"type": "Point", "coordinates": [5.106974, 52.76743]}, "properties": {"id": "ATHER-BNL-0856", "name": "Medemblik", "town": "Medemblik, Netherlands, Europe", "country": "Europe", "temperature": 21.0, "pressure": 1007.7, "humidity": 78, "windSpeed": 2.0, "windDirection": "SSE", "condition": "Partly Cloudy", "timestamp": "22:42:16 CEST", "status": "NORMAL", "hasAnomaly": 0, "severity": "NONE"}}, {"type": "Feature", "geometry": {"type": "Point", "coordinates": [4.6172065, 52.2767411]}, "properties": {"id": "ATHER-BNL-0857", "name": "Nieuw-Vennep", "town": "Nieuw-Vennep, Netherlands, Europe", "country": "Europe", "temperature": 22.0, "pressure": 1009.0, "humidity": 54, "windSpeed": 0.0, "windDirection": "NNE", "condition": "Clear", "timestamp": "22:40:00 CEST", "status": "NORMAL", "hasAnomaly": 0, "severity": "NONE"}}, {"type": "Feature", "geometry": {"type": "Point", "coordinates": [4.6165016, 51.9575618]}, "properties": {"id": "ATHER-BNL-0858", "name": "Nieuwerkerk a/d IJssel", "town": "Nieuwerkerk a/d IJssel, Netherlands, Europe", "country": "Europe", "temperature": 21.0, "pressure": 1008.5, "humidity": 67, "windSpeed": 0.0, "windDirection": "SW", "condition": "Partly Cloudy", "timestamp": "22:42:11 CEST", "status": "NORMAL", "hasAnomaly": 0, "severity": "NONE"}}, {"type": "Feature", "geometry": {"type": "Point", "coordinates": [4.61, 51.96]}, "properties": {"id": "ATHER-BNL-0859", "name": "Nieuwerkerk a/d IJssel-VB", "town": "Nieuwerkerk a/d IJssel-VB, Netherlands, Europe", "country": "Europe", "temperature": 22.0, "pressure": 1007.6, "humidity": 50, "windSpeed": 1.0, "windDirection": "ESE", "condition": "Partly Cloudy", "timestamp": "22:42:17 CEST", "status": "NORMAL", "hasAnomaly": 0, "severity": "NONE"}}, {"type": "Feature", "geometry": {"type": "Point", "coordinates": [4.82574463, 52.16772079]}, "properties": {"id": "ATHER-BNL-0860", "name": "Nieuwkoop", "town": "Nieuwkoop, Netherlands, Europe", "country": "Europe", "temperature": 20.0, "pressure": 1008.1, "humidity": 76, "windSpeed": 0.0, "windDirection": "NW", "condition": "Clear", "timestamp": "22:42:14 CEST", "status": "NORMAL", "hasAnomaly": 0, "severity": "NONE"}}, {"type": "Feature", "geometry": {"type": "Point", "coordinates": [6.05944, 52.28901]}, "properties": {"id": "ATHER-BNL-0861", "name": "Nijbroek", "town": "Nijbroek, Netherlands, Europe", "country": "Europe", "temperature": 20.0, "pressure": 1008.7, "humidity": 79, "windSpeed": 0.0, "windDirection": "SSW", "condition": "Overcast", "timestamp": "22:40:00 CEST", "status": "NORMAL", "hasAnomaly": 0, "severity": "NONE"}}, {"type": "Feature", "geometry": {"type": "Point", "coordinates": [5.99961, 53.224]}, "properties": {"id": "ATHER-ZEU-0862", "name": "Noordbergum", "town": "Noordbergum, Netherlands, Europe", "country": "Europe", "temperature": 20.0, "pressure": 1007.8, "humidity": 77, "windSpeed": 0.0, "windDirection": "SW", "condition": "Partly Cloudy", "timestamp": "22:39:58 CEST", "status": "NORMAL", "hasAnomaly": 0, "severity": "NONE"}}, {"type": "Feature", "geometry": {"type": "Point", "coordinates": [5.31703, 51.5116]}, "properties": {"id": "ATHER-ZEU-0863", "name": "Oirschot", "town": "Oirschot, Netherlands, Europe", "country": "Europe", "temperature": 23.0, "pressure": 1007.9, "humidity": 52, "windSpeed": 1.8, "windDirection": "SE", "condition": "Partly Cloudy", "timestamp": "22:39:09 CEST", "status": "NORMAL", "hasAnomaly": 0, "severity": "NONE"}}, {"type": "Feature", "geometry": {"type": "Point", "coordinates": [4.8565364, 51.6588301]}, "properties": {"id": "ATHER-BNL-0864", "name": "Oosterhout", "town": "Oosterhout, Netherlands, Europe", "country": "Europe", "temperature": 23.0, "pressure": 1008.1, "humidity": 51, "windSpeed": 3.0, "windDirection": "ENE", "condition": "Overcast", "timestamp": "22:42:03 CEST", "status": "NORMAL", "hasAnomaly": 0, "severity": "NONE"}}, {"type": "Feature", "geometry": {"type": "Point", "coordinates": [4.804687, 52.711913]}, "properties": {"id": "ATHER-BNL-0865", "name": "Oudkarspel", "town": "Oudkarspel, Netherlands, Europe", "country": "Europe", "temperature": 19.0, "pressure": 1009.2, "humidity": 79, "windSpeed": 0.0, "windDirection": "ENE", "condition": "Clear", "timestamp": "22:42:17 CEST", "status": "NORMAL", "hasAnomaly": 0, "severity": "NONE"}}, {"type": "Feature", "geometry": {"type": "Point", "coordinates": [4.44889292, 52.01056824]}, "properties": {"id": "ATHER-BNL-0866", "name": "Pijnacker", "town": "Pijnacker, Netherlands, Europe", "country": "Europe", "temperature": 22.0, "pressure": 1007.8, "humidity": 62, "windSpeed": 1.0, "windDirection": "ESE", "condition": "Partly Cloudy", "timestamp": "22:42:13 CEST", "status": "NORMAL", "hasAnomaly": 0, "severity": "NONE"}}, {"type": "Feature", "geometry": {"type": "Point", "coordinates": [4.227796, 52.025343]}, "properties": {"id": "ATHER-BNL-0867", "name": "Poeldijk", "town": "Poeldijk, Netherlands, Europe", "country": "Europe", "temperature": 22.0, "pressure": 1008.7, "humidity": 66, "windSpeed": 0.0, "windDirection": "WSW", "condition": "Partly Cloudy", "timestamp": "22:42:13 CEST", "status": "NORMAL", "hasAnomaly": 0, "severity": "NONE"}}, {"type": "Feature", "geometry": {"type": "Point", "coordinates": [4.93427, 52.4887]}, "properties": {"id": "ATHER-ZEU-0868", "name": "Purmerend", "town": "Purmerend, Netherlands, Europe", "country": "Europe", "temperature": null, "pressure": null, "humidity": null, "windSpeed": null, "windDirection": null, "condition": "Offline", "timestamp": "Offline", "status": "OFFLINE", "hasAnomaly": 0, "severity": "NONE"}}, {"type": "Feature", "geometry": {"type": "Point", "coordinates": [4.34077, 52.0597]}, "properties": {"id": "ATHER-ZEU-0869", "name": "Rijswijk", "town": "Rijswijk, Netherlands, Europe", "country": "Europe", "temperature": null, "pressure": null, "humidity": null, "windSpeed": null, "windDirection": null, "condition": "Offline", "timestamp": "Offline", "status": "OFFLINE", "hasAnomaly": 0, "severity": "NONE"}}, {"type": "Feature", "geometry": {"type": "Point", "coordinates": [6.4030927, 53.1386842]}, "properties": {"id": "ATHER-BNL-0870", "name": "Roden", "town": "Roden, Netherlands, Europe", "country": "Europe", "temperature": 20.0, "pressure": 1009.5, "humidity": 77, "windSpeed": 0.0, "windDirection": "WNW", "condition": "Partly Cloudy", "timestamp": "22:42:13 CEST", "status": "NORMAL", "hasAnomaly": 0, "severity": "NONE"}}, {"type": "Feature", "geometry": {"type": "Point", "coordinates": [4.4763, 51.5396]}, "properties": {"id": "ATHER-ZEU-0871", "name": "Roosendaal", "town": "Roosendaal, Netherlands, Europe", "country": "Europe", "temperature": 15.0, "pressure": 0.0, "humidity": 29, "windSpeed": 52.6, "windDirection": "NNE", "condition": "Heavy Rain", "timestamp": "22:40:41 CEST", "status": "ANOMALY", "hasAnomaly": 1, "severity": "HIGH"}}, {"type": "Feature", "geometry": {"type": "Point", "coordinates": [4.56831, 51.8952]}, "properties": {"id": "ATHER-ZEU-0872", "name": "Rotterdam", "town": "Rotterdam, Netherlands, Europe", "country": "Europe", "temperature": 23.0, "pressure": 1007.8, "humidity": 60, "windSpeed": 0.0, "windDirection": "ENE", "condition": "Partly Cloudy", "timestamp": "22:40:42 CEST", "status": "NORMAL", "hasAnomaly": 0, "severity": "NONE"}}, {"type": "Feature", "geometry": {"type": "Point", "coordinates": [6.368, 52.7668]}, "properties": {"id": "ATHER-BNL-0873", "name": "Ruinen", "town": "Ruinen, Netherlands, Europe", "country": "Europe", "temperature": 19.0, "pressure": 1009.6, "humidity": 80, "windSpeed": 0.0, "windDirection": "SW", "condition": "Partly Cloudy", "timestamp": "22:42:15 CEST", "status": "NORMAL", "hasAnomaly": 0, "severity": "NONE"}}, {"type": "Feature", "geometry": {"type": "Point", "coordinates": [6.537863, 53.294376]}, "properties": {"id": "ATHER-BNL-0874", "name": "Sauwerd", "town": "Sauwerd, Netherlands, Europe", "country": "Europe", "temperature": 19.0, "pressure": 1008.6, "humidity": 79, "windSpeed": 0.0, "windDirection": "SW", "condition": "Partly Cloudy", "timestamp": "22:42:12 CEST", "status": "NORMAL", "hasAnomaly": 0, "severity": "NONE"}}, {"type": "Feature", "geometry": {"type": "Point", "coordinates": [5.8461857, 50.8276124]}, "properties": {"id": "ATHER-BNL-0875", "name": "Scheulder-Margraten", "town": "Scheulder-Margraten, Netherlands, Europe", "country": "Europe", "temperature": 16.0, "pressure": 1009.8, "humidity": 73, "windSpeed": 1.0, "windDirection": "SSE", "condition": "Partly Cloudy", "timestamp": "22:42:14 CEST", "status": "NORMAL", "hasAnomaly": 0, "severity": "NONE"}}, {"type": "Feature", "geometry": {"type": "Point", "coordinates": [5.88775, 50.9422]}, "properties": {"id": "ATHER-ZEU-0876", "name": "Schinnen", "town": "Schinnen, Netherlands, Europe", "country": "Europe", "temperature": 15.0, "pressure": 1008.4, "humidity": 87, "windSpeed": 0.0, "windDirection": "W", "condition": "Partly Cloudy", "timestamp": "22:40:37 CEST", "status": "NORMAL", "hasAnomaly": 0, "severity": "NONE"}}, {"type": "Feature", "geometry": {"type": "Point", "coordinates": [6.8764211, 52.6667061]}, "properties": {"id": "ATHER-BNL-0877", "name": "Schoonebeek", "town": "Schoonebeek, Netherlands, Europe", "country": "Europe", "temperature": 22.0, "pressure": 1008.7, "humidity": 65, "windSpeed": 0.0, "windDirection": "ESE", "condition": "Partly Cloudy", "timestamp": "22:42:15 CEST", "status": "NORMAL", "hasAnomaly": 0, "severity": "NONE"}}, {"type": "Feature", "geometry": {"type": "Point", "coordinates": [6.79818, 52.7784]}, "properties": {"id": "ATHER-ZEU-0878", "name": "Sleen", "town": "Sleen, Netherlands, Europe", "country": "Europe", "temperature": null, "pressure": null, "humidity": null, "windSpeed": null, "windDirection": null, "condition": "Offline", "timestamp": "Offline", "status": "OFFLINE", "hasAnomaly": 0, "severity": "NONE"}}, {"type": "Feature", "geometry": {"type": "Point", "coordinates": [5.5, 51.5]}, "properties": {"id": "ATHER-BNL-0879", "name": "Son en Breugel", "town": "Son en Breugel, Netherlands, Europe", "country": "Europe", "temperature": 21.0, "pressure": 1008.8, "humidity": 69, "windSpeed": 1.0, "windDirection": "SE", "condition": "Overcast", "timestamp": "22:41:59 CEST", "status": "NORMAL", "hasAnomaly": 0, "severity": "NONE"}}, {"type": "Feature", "geometry": {"type": "Point", "coordinates": [4.74799, 51.8994]}, "properties": {"id": "ATHER-ZEU-0880", "name": "Streefkerk", "town": "Streefkerk, Netherlands, Europe", "country": "Europe", "temperature": 20.0, "pressure": 1008.3, "humidity": 80, "windSpeed": 0.0, "windDirection": "W", "condition": "Partly Cloudy", "timestamp": "22:40:38 CEST", "status": "NORMAL", "hasAnomaly": 0, "severity": "NONE"}}, {"type": "Feature", "geometry": {"type": "Point", "coordinates": [4.5502778, 51.7358333]}, "properties": {"id": "ATHER-BNL-0881", "name": "Strijen", "town": "Strijen, Netherlands, Europe", "country": "Europe", "temperature": 22.0, "pressure": 1009.1, "humidity": 68, "windSpeed": 0.0, "windDirection": "SW", "condition": "Partly Cloudy", "timestamp": "22:41:07 CEST", "status": "NORMAL", "hasAnomaly": 0, "severity": "NONE"}}, {"type": "Feature", "geometry": {"type": "Point", "coordinates": [4.9773, 51.5804]}, "properties": {"id": "ATHER-ZEU-0882", "name": "Tilburg", "town": "Tilburg, Reeshof-Dalem, Netherlands, Europe", "country": "Europe", "temperature": 23.0, "pressure": 1007.9, "humidity": 47, "windSpeed": 0.4, "windDirection": "S", "condition": "Partly Cloudy", "timestamp": "22:36:59 CEST", "status": "NORMAL", "hasAnomaly": 0, "severity": "NONE"}}, {"type": "Feature", "geometry": {"type": "Point", "coordinates": [5.010278, 51.579167]}, "properties": {"id": "ATHER-BNL-0883", "name": "Tilburg-Reeshof", "town": "Tilburg-Reeshof, Netherlands, Europe", "country": "Europe", "temperature": 23.0, "pressure": 1009.0, "humidity": 47, "windSpeed": 2.0, "windDirection": "SSW", "condition": "Overcast", "timestamp": "22:41:41 CEST", "status": "NORMAL", "hasAnomaly": 0, "severity": "NONE"}}, {"type": "Feature", "geometry": {"type": "Point", "coordinates": [5.01029, 51.579238]}, "properties": {"id": "ATHER-BNL-0884", "name": "Tilburg-Reeshof-2", "town": "Tilburg-Reeshof-2, Netherlands, Europe", "country": "Europe", "temperature": 23.0, "pressure": 1007.4, "humidity": 46, "windSpeed": 1.0, "windDirection": "SSW", "condition": "Overcast", "timestamp": "22:40:01 CEST", "status": "NORMAL", "hasAnomaly": 0, "severity": "NONE"}}, {"type": "Feature", "geometry": {"type": "Point", "coordinates": [6.099, 52.2277]}, "properties": {"id": "ATHER-ZEU-0885", "name": "Twello", "town": "Twello, Netherlands, Europe", "country": "Europe", "temperature": 21.0, "pressure": 1008.6, "humidity": 65, "windSpeed": 0.0, "windDirection": "SE", "condition": "Partly Cloudy", "timestamp": "22:37:57 CEST", "status": "NORMAL", "hasAnomaly": 0, "severity": "NONE"}}, {"type": "Feature", "geometry": {"type": "Point", "coordinates": [4.814268, 52.235086]}, "properties": {"id": "ATHER-BNL-0886", "name": "Uithoorn-Meerwijk", "town": "Uithoorn-Meerwijk, Netherlands, Europe", "country": "Europe", "temperature": 21.0, "pressure": 1009.1, "humidity": 70, "windSpeed": 1.0, "windDirection": "S", "condition": "Clear", "timestamp": "22:42:18 CEST", "status": "NORMAL", "hasAnomaly": 0, "severity": "NONE"}}, {"type": "Feature", "geometry": {"type": "Point", "coordinates": [5.61543, 52.6645]}, "properties": {"id": "ATHER-ZEU-0887", "name": "Urk", "town": "Urk, Netherlands, Europe", "country": "Europe", "temperature": 22.0, "pressure": 1008.2, "humidity": 67, "windSpeed": 0.0, "windDirection": "WNW", "condition": "Partly Cloudy", "timestamp": "22:40:37 CEST", "status": "NORMAL", "hasAnomaly": 0, "severity": "NONE"}}, {"type": "Feature", "geometry": {"type": "Point", "coordinates": [5.06215, 52.0898]}, "properties": {"id": "ATHER-ZEU-0888", "name": "Utrecht", "town": "Utrecht, Netherlands, Europe", "country": "Europe", "temperature": null, "pressure": null, "humidity": null, "windSpeed": null, "windDirection": null, "condition": "Offline", "timestamp": "Offline", "status": "OFFLINE", "hasAnomaly": 0, "severity": "NONE"}}, {"type": "Feature", "geometry": {"type": "Point", "coordinates": [5.56272, 51.6159]}, "properties": {"id": "ATHER-ZEU-0889", "name": "Veghel", "town": "Veghel, Netherlands, Europe", "country": "Europe", "temperature": 19.0, "pressure": 1008.2, "humidity": 78, "windSpeed": 0.0, "windDirection": "SSW", "condition": "Partly Cloudy", "timestamp": "22:40:31 CEST", "status": "NORMAL", "hasAnomaly": 0, "severity": "NONE"}}, {"type": "Feature", "geometry": {"type": "Point", "coordinates": [5.211635, 52.665787]}, "properties": {"id": "ATHER-BNL-0890", "name": "Venhuizen", "town": "Venhuizen, Netherlands, Europe", "country": "Europe", "temperature": 21.0, "pressure": 1006.6, "humidity": 79, "windSpeed": 0.0, "windDirection": "SW", "condition": "Clear", "timestamp": "22:42:15 CEST", "status": "NORMAL", "hasAnomaly": 0, "severity": "NONE"}}, {"type": "Feature", "geometry": {"type": "Point", "coordinates": [6.11688, 51.377]}, "properties": {"id": "ATHER-ZEU-0891", "name": "Venlo (Boekend)", "town": "Venlo (Boekend), Netherlands, Europe", "country": "Europe", "temperature": 20.0, "pressure": 1009.2, "humidity": 71, "windSpeed": 0.0, "windDirection": "0", "condition": "Partly Cloudy", "timestamp": "22:40:39 CEST", "status": "NORMAL", "hasAnomaly": 0, "severity": "NONE"}}, {"type": "Feature", "geometry": {"type": "Point", "coordinates": [5.831104, 52.333462]}, "properties": {"id": "ATHER-BNL-0892", "name": "Vierhouten", "town": "Vierhouten, Netherlands, Europe", "country": "Europe", "temperature": 19.0, "pressure": 1007.5, "humidity": 65, "windSpeed": 1.0, "windDirection": "S", "condition": "Overcast", "timestamp": "22:42:18 CEST", "status": "NORMAL", "hasAnomaly": 0, "severity": "NONE"}}, {"type": "Feature", "geometry": {"type": "Point", "coordinates": [4.3374853, 51.9133382]}, "properties": {"id": "ATHER-BNL-0893", "name": "Vlaardingen", "town": "Vlaardingen, Netherlands, Europe", "country": "Europe", "temperature": 23.0, "pressure": 1008.6, "humidity": 63, "windSpeed": 0.0, "windDirection": "N", "condition": "Partly Cloudy", "timestamp": "22:42:19 CEST", "status": "NORMAL", "hasAnomaly": 0, "severity": "NONE"}}, {"type": "Feature", "geometry": {"type": "Point", "coordinates": [4.16806, 52.0236]}, "properties": {"id": "ATHER-ZEU-0894", "name": "Westland", "town": "Westland, Netherlands, Europe", "country": "Europe", "temperature": null, "pressure": null, "humidity": null, "windSpeed": null, "windDirection": null, "condition": "Offline", "timestamp": "Offline", "status": "OFFLINE", "hasAnomaly": 0, "severity": "NONE"}}, {"type": "Feature", "geometry": {"type": "Point", "coordinates": [5.725603, 51.8157665]}, "properties": {"id": "ATHER-BNL-0895", "name": "Wijchen", "town": "Wijchen, Netherlands, Europe", "country": "Europe", "temperature": 23.0, "pressure": 1007.5, "humidity": 50, "windSpeed": 5.0, "windDirection": "SE", "condition": "Overcast", "timestamp": "22:05:42 CEST", "status": "NORMAL", "hasAnomaly": 0, "severity": "NONE"}}, {"type": "Feature", "geometry": {"type": "Point", "coordinates": [5.3322892, 51.9713025]}, "properties": {"id": "ATHER-BNL-0896", "name": "Wijk bij Duurstede", "town": "Wijk bij Duurstede, Netherlands, Europe", "country": "Europe", "temperature": 22.0, "pressure": 1008.2, "humidity": 64, "windSpeed": 0.0, "windDirection": "SSE", "condition": "Clear", "timestamp": "22:36:27 CEST", "status": "NORMAL", "hasAnomaly": 0, "severity": "NONE"}}, {"type": "Feature", "geometry": {"type": "Point", "coordinates": [4.830519, 52.077389]}, "properties": {"id": "ATHER-BNL-0897", "name": "Woerden", "town": "Woerden, Netherlands, Europe", "country": "Europe", "temperature": 23.0, "pressure": 1007.7, "humidity": 57, "windSpeed": 3.0, "windDirection": "E", "condition": "Clear", "timestamp": "22:42:18 CEST", "status": "NORMAL", "hasAnomaly": 0, "severity": "NONE"}}, {"type": "Feature", "geometry": {"type": "Point", "coordinates": [3.81521, 51.5357]}, "properties": {"id": "ATHER-ZEU-0898", "name": "Wolphaartsdijk", "town": "Wolphaartsdijk, Netherlands, Europe", "country": "Europe", "temperature": null, "pressure": null, "humidity": null, "windSpeed": null, "windDirection": null, "condition": "Offline", "timestamp": "Offline", "status": "OFFLINE", "hasAnomaly": 0, "severity": "NONE"}}, {"type": "Feature", "geometry": {"type": "Point", "coordinates": [3.8152135, 51.5356765]}, "properties": {"id": "ATHER-BNL-0899", "name": "Wolphaertsdijk", "town": "Wolphaertsdijk, Netherlands, Europe", "country": "Europe", "temperature": 21.0, "pressure": 1008.4, "humidity": 73, "windSpeed": 0.0, "windDirection": "NW", "condition": "Overcast", "timestamp": "22:42:13 CEST", "status": "NORMAL", "hasAnomaly": 0, "severity": "NONE"}}, {"type": "Feature", "geometry": {"type": "Point", "coordinates": [4.82194, 52.44972]}, "properties": {"id": "ATHER-BNL-0900", "name": "Zaandam", "town": "Zaandam, Netherlands, Europe", "country": "Europe", "temperature": 21.0, "pressure": 1007.3, "humidity": 72, "windSpeed": 0.0, "windDirection": "NNE", "condition": "Clear", "timestamp": "22:42:17 CEST", "status": "NORMAL", "hasAnomaly": 0, "severity": "NONE"}}, {"type": "Feature", "geometry": {"type": "Point", "coordinates": [4.511, 52.072]}, "properties": {"id": "ATHER-BNL-0901", "name": "Zoetermeer", "town": "Zoetermeer, Netherlands, Europe", "country": "Europe", "temperature": 22.0, "pressure": 1008.1, "humidity": 65, "windSpeed": 0.0, "windDirection": "SE", "condition": "Partly Cloudy", "timestamp": "22:42:17 CEST", "status": "NORMAL", "hasAnomaly": 0, "severity": "NONE"}}, {"type": "Feature", "geometry": {"type": "Point", "coordinates": [4.17405, 52.0009]}, "properties": {"id": "ATHER-ZEU-0902", "name": "s-Gravenzande", "town": "s-Gravenzande, Netherlands, Europe", "country": "Europe", "temperature": 21.0, "pressure": 1008.4, "humidity": 66, "windSpeed": 1.8, "windDirection": "NNE", "condition": "Partly Cloudy", "timestamp": "22:39:17 CEST", "status": "NORMAL", "hasAnomaly": 0, "severity": "NONE"}}, {"type": "Feature", "geometry": {"type": "Point", "coordinates": [18.883, 68.659]}, "properties": {"id": "ATHER-ZEU-0903", "name": "Bardu", "town": "Bardu, Norway, Europe", "country": "Europe", "temperature": 7.0, "pressure": 1000.1, "humidity": 98, "windSpeed": 1.4, "windDirection": "SW", "condition": "Partly Cloudy", "timestamp": "22:39:36 CEST", "status": "NORMAL", "hasAnomaly": 0, "severity": "NONE"}}, {"type": "Feature", "geometry": {"type": "Point", "coordinates": [5.198, 60.01]}, "properties": {"id": "ATHER-ZEU-0904", "name": "Bekkjarvik", "town": "Bekkjarvik, Norway, Europe", "country": "Europe", "temperature": null, "pressure": null, "humidity": null, "windSpeed": null, "windDirection": null, "condition": "Offline", "timestamp": "Offline", "status": "OFFLINE", "hasAnomaly": 0, "severity": "NONE"}}, {"type": "Feature", "geometry": {"type": "Point", "coordinates": [5.0, 60.0]}, "properties": {"id": "ATHER-ZEU-0905", "name": "Bergen", "town": "Bergen, Norway, Europe", "country": "Europe", "temperature": null, "pressure": null, "humidity": null, "windSpeed": null, "windDirection": null, "condition": "Offline", "timestamp": "Offline", "status": "OFFLINE", "hasAnomaly": 0, "severity": "NONE"}}, {"type": "Feature", "geometry": {"type": "Point", "coordinates": [11.5496, 59.8822]}, "properties": {"id": "ATHER-ZEU-0906", "name": "Bj\u00c3\u00b8rkelangen", "town": "Bj\u00c3\u00b8rkelangen, Norway, Europe", "country": "Europe", "temperature": 9.0, "pressure": 1010.2, "humidity": 81, "windSpeed": 0.0, "windDirection": "N", "condition": "Partly Cloudy", "timestamp": "22:40:35 CEST", "status": "NORMAL", "hasAnomaly": 0, "severity": "NONE"}}, {"type": "Feature", "geometry": {"type": "Point", "coordinates": [14.4378, 68.6465]}, "properties": {"id": "ATHER-ZEU-0907", "name": "B\u00c3\u00b8 i Vester\u00c3\u00a5len", "town": "B\u00c3\u00b8 i Vester\u00c3\u00a5len, Norway, Europe", "country": "Europe", "temperature": 10.0, "pressure": 1001.3, "humidity": 77, "windSpeed": 13.0, "windDirection": "NNW", "condition": "Partly Cloudy", "timestamp": "22:40:34 CEST", "status": "NORMAL", "hasAnomaly": 0, "severity": "NONE"}}, {"type": "Feature", "geometry": {"type": "Point", "coordinates": [10.06, 60.8422]}, "properties": {"id": "ATHER-ZEU-0908", "name": "Dokka", "town": "Dokka, Norway, Europe", "country": "Europe", "temperature": 10.0, "pressure": 987.0, "humidity": 72, "windSpeed": 0.0, "windDirection": "WNW", "condition": "Clear", "timestamp": "22:40:19 CEST", "status": "NORMAL", "hasAnomaly": 0, "severity": "NONE"}}, {"type": "Feature", "geometry": {"type": "Point", "coordinates": [10.1651, 59.7157]}, "properties": {"id": "ATHER-ZEU-0909", "name": "Drammen", "town": "Drammen, Konnerud, Norway, Europe", "country": "Europe", "temperature": 10.0, "pressure": 1010.6, "humidity": 83, "windSpeed": 0.4, "windDirection": "S", "condition": "Clear", "timestamp": "22:40:40 CEST", "status": "NORMAL", "hasAnomaly": 0, "severity": "NONE"}}, {"type": "Feature", "geometry": {"type": "Point", "coordinates": [11.95, 61.7833]}, "properties": {"id": "ATHER-ZEU-0910", "name": "Engerdal", "town": "Engerdal, \u00c3\u0098stfjell, Norway, Europe", "country": "Europe", "temperature": null, "pressure": null, "humidity": null, "windSpeed": null, "windDirection": null, "condition": "Offline", "timestamp": "Offline", "status": "OFFLINE", "hasAnomaly": 0, "severity": "NONE"}}, {"type": "Feature", "geometry": {"type": "Point", "coordinates": [15.4111, 67.2614]}, "properties": {"id": "ATHER-ZEU-0911", "name": "Fauske", "town": "Fauske, Norway, Europe", "country": "Europe", "temperature": null, "pressure": null, "humidity": null, "windSpeed": null, "windDirection": null, "condition": "Offline", "timestamp": "Offline", "status": "OFFLINE", "hasAnomaly": 0, "severity": "NONE"}}, {"type": "Feature", "geometry": {"type": "Point", "coordinates": [8.01554, 58.0864]}, "properties": {"id": "ATHER-ZEU-0912", "name": "Flekker\u00c3\u00b8y", "town": "Flekker\u00c3\u00b8y, Norway, Europe", "country": "Europe", "temperature": 14.0, "pressure": 1009.7, "humidity": 78, "windSpeed": 4.0, "windDirection": "SW", "condition": "Clear", "timestamp": "22:40:41 CEST", "status": "NORMAL", "hasAnomaly": 0, "severity": "NONE"}}, {"type": "Feature", "geometry": {"type": "Point", "coordinates": [11.0887, 59.2346]}, "properties": {"id": "ATHER-ZEU-0913", "name": "Fredrikstad", "town": "Fredrikstad, Norway, Europe", "country": "Europe", "temperature": 20.0, "pressure": 1006.4, "humidity": 68, "windSpeed": 0.0, "windDirection": "N", "condition": "Clear", "timestamp": "22:40:35 CEST", "status": "NORMAL", "hasAnomaly": 0, "severity": "NONE"}}, {"type": "Feature", "geometry": {"type": "Point", "coordinates": [12.33, 64.4506]}, "properties": {"id": "ATHER-ZEU-0914", "name": "Grong", "town": "Grong, Norway, Europe", "country": "Europe", "temperature": 11.0, "pressure": 1006.8, "humidity": 88, "windSpeed": 3.6, "windDirection": "SSW", "condition": "Light Rain", "timestamp": "22:40:24 CEST", "status": "NORMAL", "hasAnomaly": 0, "severity": "NONE"}}, {"type": "Feature", "geometry": {"type": "Point", "coordinates": [10.7215, 60.2168]}, "properties": {"id": "ATHER-ZEU-0915", "name": "Harestua", "town": "Harestua, Norway, Europe", "country": "Europe", "temperature": null, "pressure": null, "humidity": null, "windSpeed": null, "windDirection": null, "condition": "Offline", "timestamp": "Offline", "status": "OFFLINE", "hasAnomaly": 0, "severity": "NONE"}}, {"type": "Feature", "geometry": {"type": "Point", "coordinates": [25.97, 70.9784]}, "properties": {"id": "ATHER-ZEU-0916", "name": "Honningsv\u00c3\u00a5g", "town": "Honningsv\u00c3\u00a5g, Norway, Europe", "country": "Europe", "temperature": 9.0, "pressure": 1002.0, "humidity": 89, "windSpeed": 14.4, "windDirection": "WNW", "condition": "Clear", "timestamp": "22:40:42 CEST", "status": "NORMAL", "hasAnomaly": 0, "severity": "NONE"}}, {"type": "Feature", "geometry": {"type": "Point", "coordinates": [5.327, 59.386]}, "properties": {"id": "ATHER-ZEU-0917", "name": "Karmsund", "town": "Karmsund, Norway, Europe", "country": "Europe", "temperature": 13.0, "pressure": 1010.1, "humidity": 84, "windSpeed": 7.9, "windDirection": "N", "condition": "Partly Cloudy", "timestamp": "22:40:27 CEST", "status": "NORMAL", "hasAnomaly": 0, "severity": "NONE"}}, {"type": "Feature", "geometry": {"type": "Point", "coordinates": [10.4809, 63.3042]}, "properties": {"id": "ATHER-ZEU-0918", "name": "Kl\u00c3\u00a6bu", "town": "Kl\u00c3\u00a6bu, Norway, Europe", "country": "Europe", "temperature": 11.0, "pressure": 1008.1, "humidity": 82, "windSpeed": 2.2, "windDirection": "S", "condition": "Clear", "timestamp": "22:39:43 CEST", "status": "NORMAL", "hasAnomaly": 0, "severity": "NONE"}}, {"type": "Feature", "geometry": {"type": "Point", "coordinates": [9.648, 59.655]}, "properties": {"id": "ATHER-ZEU-0919", "name": "Kongsberg", "town": "Kongsberg, Norway, Europe", "country": "Europe", "temperature": 11.0, "pressure": 1009.8, "humidity": 83, "windSpeed": 0.0, "windDirection": "SSE", "condition": "Cloudy", "timestamp": "22:40:44 CEST", "status": "NORMAL", "hasAnomaly": 0, "severity": "NONE"}}, {"type": "Feature", "geometry": {"type": "Point", "coordinates": [10.4512, 61.1384]}, "properties": {"id": "ATHER-ZEU-0920", "name": "Lillehammer", "town": "Lillehammer, Norway, Europe", "country": "Europe", "temperature": null, "pressure": null, "humidity": null, "windSpeed": null, "windDirection": null, "condition": "Offline", "timestamp": "Offline", "status": "OFFLINE", "hasAnomaly": 0, "severity": "NONE"}}, {"type": "Feature", "geometry": {"type": "Point", "coordinates": [5.1586, 60.7463]}, "properties": {"id": "ATHER-ZEU-0921", "name": "Lind\u00c3\u00a5s", "town": "Lind\u00c3\u00a5s, Norway, Europe", "country": "Europe", "temperature": 12.0, "pressure": 1010.1, "humidity": 80, "windSpeed": 5.4, "windDirection": "N", "condition": "Clear", "timestamp": "22:40:42 CEST", "status": "NORMAL", "hasAnomaly": 0, "severity": "NONE"}}, {"type": "Feature", "geometry": {"type": "Point", "coordinates": [10.3142, 63.2863]}, "properties": {"id": "ATHER-ZEU-0922", "name": "Melhus", "town": "Melhus, Norway, Europe", "country": "Europe", "temperature": null, "pressure": 0.0, "humidity": 0, "windSpeed": null, "windDirection": "CALM", "condition": "Partly Cloudy", "timestamp": "22:40:45 CEST", "status": "ANOMALY", "hasAnomaly": 1, "severity": "HIGH"}}, {"type": "Feature", "geometry": {"type": "Point", "coordinates": [13.9525, 66.305]}, "properties": {"id": "ATHER-ZEU-0923", "name": "Mo i Rana", "town": "Mo i Rana, Norway, Europe", "country": "Europe", "temperature": 10.0, "pressure": 1004.9, "humidity": 91, "windSpeed": 4.7, "windDirection": "W", "condition": "Light Rain", "timestamp": "22:40:43 CEST", "status": "NORMAL", "hasAnomaly": 0, "severity": "NONE"}}, {"type": "Feature", "geometry": {"type": "Point", "coordinates": [10.621, 59.4429]}, "properties": {"id": "ATHER-ZEU-0924", "name": "Moss", "town": "Moss, Refsnesbakken, Norway, Europe", "country": "Europe", "temperature": 15.0, "pressure": 1010.9, "humidity": 72, "windSpeed": 4.0, "windDirection": "W", "condition": "Clear", "timestamp": "22:40:40 CEST", "status": "NORMAL", "hasAnomaly": 0, "severity": "NONE"}}, {"type": "Feature", "geometry": {"type": "Point", "coordinates": [5.837, 59.361]}, "properties": {"id": "ATHER-ZEU-0925", "name": "Nedstrand", "town": "Nedstrand, Norway, Europe", "country": "Europe", "temperature": 11.0, "pressure": 1006.0, "humidity": 85, "windSpeed": 0.0, "windDirection": "WNW", "condition": "Clear", "timestamp": "22:40:34 CEST", "status": "NORMAL", "hasAnomaly": 0, "severity": "NONE"}}, {"type": "Feature", "geometry": {"type": "Point", "coordinates": [10.0634, 60.4749]}, "properties": {"id": "ATHER-ZEU-0926", "name": "Nesbru", "town": "Nesbru, Norway, Europe", "country": "Europe", "temperature": 12.0, "pressure": 991.0, "humidity": 85, "windSpeed": 0.0, "windDirection": "0", "condition": "Clear", "timestamp": "22:06:04 CEST", "status": "NORMAL", "hasAnomaly": 0, "severity": "NONE"}}, {"type": "Feature", "geometry": {"type": "Point", "coordinates": [5.3798, 60.3007]}, "properties": {"id": "ATHER-ZEU-0927", "name": "Nesttun", "town": "Nesttun, Sm\u00c3\u00b8r\u00c3\u00a5s, Norway, Europe", "country": "Europe", "temperature": 12.0, "pressure": 1010.8, "humidity": 86, "windSpeed": 0.0, "windDirection": "WNW", "condition": "Clear", "timestamp": "22:40:42 CEST", "status": "NORMAL", "hasAnomaly": 0, "severity": "NONE"}}, {"type": "Feature", "geometry": {"type": "Point", "coordinates": [5.6379, 58.6655]}, "properties": {"id": "ATHER-ZEU-0928", "name": "N\u00c3\u00a6rb\u00c3\u00b8", "town": "N\u00c3\u00a6rb\u00c3\u00b8, Norway, Europe", "country": "Europe", "temperature": 12.0, "pressure": 1008.8, "humidity": 86, "windSpeed": 1.8, "windDirection": "NNE", "condition": "Clear", "timestamp": "22:40:37 CEST", "status": "NORMAL", "hasAnomaly": 0, "severity": "NONE"}}, {"type": "Feature", "geometry": {"type": "Point", "coordinates": [11.6599, 60.2831]}, "properties": {"id": "ATHER-ZEU-0929", "name": "Oppstad", "town": "Oppstad, S\u00c3\u00b8r-Odal, Norway, Europe", "country": "Europe", "temperature": null, "pressure": null, "humidity": null, "windSpeed": null, "windDirection": null, "condition": "Offline", "timestamp": "Offline", "status": "OFFLINE", "hasAnomaly": 0, "severity": "NONE"}}, {"type": "Feature", "geometry": {"type": "Point", "coordinates": [10.7897, 59.8567]}, "properties": {"id": "ATHER-ZEU-0930", "name": "Oslo", "town": "Oslo, Nordstrand, Norway, Europe", "country": "Europe", "temperature": 13.0, "pressure": 1013.0, "humidity": 61, "windSpeed": 7.9, "windDirection": "NE", "condition": "Clear", "timestamp": "22:40:12 CEST", "status": "NORMAL", "hasAnomaly": 0, "severity": "NONE"}}, {"type": "Feature", "geometry": {"type": "Point", "coordinates": [8.6317, 59.8796]}, "properties": {"id": "ATHER-ZEU-0931", "name": "Rjukan", "town": "Rjukan, Norway, Europe", "country": "Europe", "temperature": 11.0, "pressure": 1012.0, "humidity": 37, "windSpeed": 0.0, "windDirection": "WSW", "condition": "Clear", "timestamp": "22:35:45 CEST", "status": "NORMAL", "hasAnomaly": 0, "severity": "NONE"}}, {"type": "Feature", "geometry": {"type": "Point", "coordinates": [5.6375, 58.9933]}, "properties": {"id": "ATHER-ZEU-0932", "name": "Ryggleet", "town": "Ryggleet, Norway, Europe", "country": "Europe", "temperature": 14.0, "pressure": 1009.6, "humidity": 82, "windSpeed": 5.8, "windDirection": "NNW", "condition": "Clear", "timestamp": "22:40:41 CEST", "status": "NORMAL", "hasAnomaly": 0, "severity": "NONE"}}, {"type": "Feature", "geometry": {"type": "Point", "coordinates": [10.748, 59.333]}, "properties": {"id": "ATHER-ZEU-0933", "name": "R\u00c3\u00a5de", "town": "R\u00c3\u00a5de, Tasken, Norway, Europe", "country": "Europe", "temperature": 13.0, "pressure": 1004.0, "humidity": 60, "windSpeed": 0.0, "windDirection": "ESE", "condition": "Clear", "timestamp": "22:40:39 CEST", "status": "NORMAL", "hasAnomaly": 0, "severity": "NONE"}}, {"type": "Feature", "geometry": {"type": "Point", "coordinates": [11.3928, 62.5712]}, "properties": {"id": "ATHER-ZEU-0934", "name": "R\u00c3\u00b8ros", "town": "R\u00c3\u00b8ros, Norway, Europe", "country": "Europe", "temperature": 9.0, "pressure": 977.0, "humidity": 65, "windSpeed": 0.0, "windDirection": "0", "condition": "Clear", "timestamp": "22:38:28 CEST", "status": "NORMAL", "hasAnomaly": 0, "severity": "NONE"}}, {"type": "Feature", "geometry": {"type": "Point", "coordinates": [5.477, 62.254]}, "properties": {"id": "ATHER-ZEU-0935", "name": "Sands\u00c3\u00b8ya", "town": "Sands\u00c3\u00b8ya, Norway, Europe", "country": "Europe", "temperature": 12.0, "pressure": 1011.7, "humidity": 80, "windSpeed": 4.3, "windDirection": "N", "condition": "Partly Cloudy", "timestamp": "22:40:22 CEST", "status": "NORMAL", "hasAnomaly": 0, "severity": "NONE"}}, {"type": "Feature", "geometry": {"type": "Point", "coordinates": [5.501, 58.502]}, "properties": {"id": "ATHER-ZEU-0936", "name": "Sirev\u00c3\u00a5g", "town": "Sirev\u00c3\u00a5g, Norway, Europe", "country": "Europe", "temperature": 12.0, "pressure": 1009.5, "humidity": 79, "windSpeed": 3.2, "windDirection": "WNW", "condition": "Clear", "timestamp": "22:40:46 CEST", "status": "NORMAL", "hasAnomaly": 0, "severity": "NONE"}}, {"type": "Feature", "geometry": {"type": "Point", "coordinates": [5.74403, 58.9972]}, "properties": {"id": "ATHER-ZEU-0937", "name": "Stavanger", "town": "Stavanger, Hundv\u00c3\u00a5g, Norway, Europe", "country": "Europe", "temperature": null, "pressure": null, "humidity": null, "windSpeed": null, "windDirection": null, "condition": "Offline", "timestamp": "Offline", "status": "OFFLINE", "hasAnomaly": 0, "severity": "NONE"}}, {"type": "Feature", "geometry": {"type": "Point", "coordinates": [15.6656, 78.2181]}, "properties": {"id": "ATHER-ZEU-0938", "name": "Svalbard", "town": "Svalbard, Longyearbyen, Norway, Europe", "country": "Europe", "temperature": 8.0, "pressure": 1001.7, "humidity": 79, "windSpeed": 8.3, "windDirection": "N", "condition": "Clear", "timestamp": "22:39:33 CEST", "status": "NORMAL", "hasAnomaly": 0, "severity": "NONE"}}, {"type": "Feature", "geometry": {"type": "Point", "coordinates": [5.592, 58.939]}, "properties": {"id": "ATHER-ZEU-0939", "name": "Tananger", "town": "Tananger, Norway, Europe", "country": "Europe", "temperature": null, "pressure": null, "humidity": null, "windSpeed": null, "windDirection": null, "condition": "Offline", "timestamp": "Offline", "status": "OFFLINE", "hasAnomaly": 0, "severity": "NONE"}}, {"type": "Feature", "geometry": {"type": "Point", "coordinates": [18.98, 69.6333]}, "properties": {"id": "ATHER-ZEU-0940", "name": "Troms\u00c3\u00b8", "town": "Troms\u00c3\u00b8, Hungeren, Norway, Europe", "country": "Europe", "temperature": 10.0, "pressure": 1001.3, "humidity": 99, "windSpeed": 0.0, "windDirection": "ENE", "condition": "Fog", "timestamp": "22:39:59 CEST", "status": "NORMAL", "hasAnomaly": 0, "severity": "NONE"}}, {"type": "Feature", "geometry": {"type": "Point", "coordinates": [5.86077, 62.3474]}, "properties": {"id": "ATHER-ZEU-0941", "name": "Ulsteinvik", "town": "Ulsteinvik, Norway, Europe", "country": "Europe", "temperature": null, "pressure": null, "humidity": null, "windSpeed": null, "windDirection": null, "condition": "Offline", "timestamp": "Offline", "status": "OFFLINE", "hasAnomaly": 0, "severity": "NONE"}}, {"type": "Feature", "geometry": {"type": "Point", "coordinates": [10.09, 61.6242]}, "properties": {"id": "ATHER-ZEU-0942", "name": "Venabygdsfjell", "town": "Venabygdsfjell, Norway, Europe", "country": "Europe", "temperature": 4.0, "pressure": 1014.1, "humidity": 87, "windSpeed": 1.4, "windDirection": "N", "condition": "Partly Cloudy", "timestamp": "22:40:17 CEST", "status": "NORMAL", "hasAnomaly": 0, "severity": "NONE"}}, {"type": "Feature", "geometry": {"type": "Point", "coordinates": [5.846, 58.773]}, "properties": {"id": "ATHER-ZEU-0943", "name": "\u00c3\u0083\u00e2\u0080\u00a6lg\u00c3\u0083\u00c2\u00a5rd", "town": "\u00c3\u0083\u00e2\u0080\u00a6lg\u00c3\u0083\u00c2\u00a5rd, sentrum, Norway, Europe", "country": "Europe", "temperature": 12.0, "pressure": 1009.3, "humidity": 79, "windSpeed": 0.0, "windDirection": "W", "condition": "Clear", "timestamp": "22:40:43 CEST", "status": "NORMAL", "hasAnomaly": 0, "severity": "NONE"}}, {"type": "Feature", "geometry": {"type": "Point", "coordinates": [6.1138, 62.4638]}, "properties": {"id": "ATHER-ZEU-0944", "name": "\u00c3\u0085lesund", "town": "\u00c3\u0085lesund, Skarb\u00c3\u00b8vik, Norway, Europe", "country": "Europe", "temperature": 11.0, "pressure": 1012.6, "humidity": 88, "windSpeed": 1.8, "windDirection": "N", "condition": "Partly Cloudy", "timestamp": "22:40:33 CEST", "status": "NORMAL", "hasAnomaly": 0, "severity": "NONE"}}, {"type": "Feature", "geometry": {"type": "Point", "coordinates": [5.8685, 58.7736]}, "properties": {"id": "ATHER-ZEU-0945", "name": "\u00c3\u0085lg\u00c3\u00a5rd", "town": "\u00c3\u0085lg\u00c3\u00a5rd, Norway, Europe", "country": "Europe", "temperature": null, "pressure": null, "humidity": null, "windSpeed": null, "windDirection": null, "condition": "Offline", "timestamp": "Offline", "status": "OFFLINE", "hasAnomaly": 0, "severity": "NONE"}}, {"type": "Feature", "geometry": {"type": "Point", "coordinates": [16.849411, 52.286452]}, "properties": {"id": "ATHER-PLW-0946", "name": "Puszczykowo", "town": "Puszczykowo, Greater Poland, Poland, Europe", "country": "Europe", "temperature": 18.0, "pressure": 1007.4, "humidity": 59, "windSpeed": 0.0, "windDirection": "NW", "condition": "Clear", "timestamp": "22:39:47 CEST", "status": "NORMAL", "hasAnomaly": 0, "severity": "NONE"}}, {"type": "Feature", "geometry": {"type": "Point", "coordinates": [16.4639, 50.8933]}, "properties": {"id": "ATHER-ZEU-0947", "name": "Jaworzyna", "town": "Jaworzyna, Poland, Europe", "country": "Europe", "temperature": 16.0, "pressure": 1012.6, "humidity": 71, "windSpeed": 0.0, "windDirection": "S", "condition": "Partly Cloudy", "timestamp": "22:40:37 CEST", "status": "NORMAL", "hasAnomaly": 0, "severity": "NONE"}}, {"type": "Feature", "geometry": {"type": "Point", "coordinates": [19.981, 50.079]}, "properties": {"id": "ATHER-PLW-0948", "name": "Cracow", "town": "Cracow, Lesser Poland, Poland, Europe", "country": "Europe", "temperature": 20.0, "pressure": 1015.9, "humidity": 73, "windSpeed": 0.0, "windDirection": "N", "condition": "Clear", "timestamp": "22:39:49 CEST", "status": "NORMAL", "hasAnomaly": 0, "severity": "NONE"}}, {"type": "Feature", "geometry": {"type": "Point", "coordinates": [19.557487964630127, 49.86345361931846]}, "properties": {"id": "ATHER-PLW-0949", "name": "Klecza G\u00f3rna", "town": "Klecza G\u00f3rna, Lesser Poland, Poland, Europe", "country": "Europe", "temperature": 15.0, "pressure": 1016.4, "humidity": 27, "windSpeed": 0.0, "windDirection": "SW", "condition": "Clear", "timestamp": "22:35:27 CEST", "status": "NORMAL", "hasAnomaly": 0, "severity": "NONE"}}, {"type": "Feature", "geometry": {"type": "Point", "coordinates": [15.61694444, 50.82111111]}, "properties": {"id": "ATHER-PLW-0950", "name": "Jelenia G\u00f3ra", "town": "Jelenia G\u00f3ra, Lower Silesian, Poland, Europe", "country": "Europe", "temperature": null, "pressure": null, "humidity": null, "windSpeed": null, "windDirection": null, "condition": "Offline", "timestamp": "Offline", "status": "OFFLINE", "hasAnomaly": 0, "severity": "NONE"}}, {"type": "Feature", "geometry": {"type": "Point", "coordinates": [16.90625572, 51.08699799]}, "properties": {"id": "ATHER-PLW-0951", "name": "Smolec", "town": "Smolec, Lower Silesian, Poland, Europe", "country": "Europe", "temperature": 21.0, "pressure": 1006.1, "humidity": 50, "windSpeed": 1.0, "windDirection": "S", "condition": "Sunny", "timestamp": "22:37:37 CEST", "status": "NORMAL", "hasAnomaly": 0, "severity": "NONE"}}, {"type": "Feature", "geometry": {"type": "Point", "coordinates": [21.05494, 52.27954]}, "properties": {"id": "ATHER-PLW-0952", "name": "Warsaw", "town": "Warsaw, Masovian, Poland, Europe", "country": "Europe", "temperature": 19.0, "pressure": 0.0, "humidity": 0, "windSpeed": 0.0, "windDirection": "CALM", "condition": "Clear", "timestamp": "22:35:08 CEST", "status": "ANOMALY", "hasAnomaly": 1, "severity": "HIGH"}}, {"type": "Feature", "geometry": {"type": "Point", "coordinates": [20.3816, 53.5898]}, "properties": {"id": "ATHER-ZEU-0953", "name": "Olsztynek - Perkoz", "town": "Olsztynek - Perkoz, Poland, Europe", "country": "Europe", "temperature": 14.0, "pressure": 1014.2, "humidity": 89, "windSpeed": 0.0, "windDirection": "WNW", "condition": "Partly Cloudy", "timestamp": "22:40:00 CEST", "status": "NORMAL", "hasAnomaly": 0, "severity": "NONE"}}, {"type": "Feature", "geometry": {"type": "Point", "coordinates": [17.9335, 50.6658]}, "properties": {"id": "ATHER-ZEU-0954", "name": "Opole", "town": "Opole, Poland, Europe", "country": "Europe", "temperature": 20.0, "pressure": 1013.1, "humidity": 59, "windSpeed": 0.0, "windDirection": "E", "condition": "Partly Cloudy", "timestamp": "22:30:03 CEST", "status": "NORMAL", "hasAnomaly": 0, "severity": "NONE"}}, {"type": "Feature", "geometry": {"type": "Point", "coordinates": [17.788056, 50.048611]}, "properties": {"id": "ATHER-PLW-0955", "name": "Branice", "town": "Branice, Opole, Poland, Europe", "country": "Europe", "temperature": null, "pressure": null, "humidity": null, "windSpeed": null, "windDirection": null, "condition": "Offline", "timestamp": "Offline", "status": "OFFLINE", "hasAnomaly": 0, "severity": "NONE"}}, {"type": "Feature", "geometry": {"type": "Point", "coordinates": [19.3605, 51.6353]}, "properties": {"id": "ATHER-ZEU-0956", "name": "Pabianice", "town": "Pabianice, Poland, Europe", "country": "Europe", "temperature": 16.0, "pressure": 1016.0, "humidity": 83, "windSpeed": 0.4, "windDirection": "E", "condition": "Partly Cloudy", "timestamp": "22:40:13 CEST", "status": "NORMAL", "hasAnomaly": 0, "severity": "NONE"}}, {"type": "Feature", "geometry": {"type": "Point", "coordinates": [23.18016, 54.01133]}, "properties": {"id": "ATHER-PLW-0957", "name": "Lipowe", "town": "Lipowe, Podlaskie, Poland, Europe", "country": "Europe", "temperature": null, "pressure": null, "humidity": null, "windSpeed": null, "windDirection": null, "condition": "Offline", "timestamp": "Offline", "status": "OFFLINE", "hasAnomaly": 0, "severity": "NONE"}}, {"type": "Feature", "geometry": {"type": "Point", "coordinates": [17.0, 54.2064]}, "properties": {"id": "ATHER-PLW-0958", "name": "Niesiolowice", "town": "Niesiolowice, Pomeranian, Poland, Europe", "country": "Europe", "temperature": 16.0, "pressure": 1016.2, "humidity": 74, "windSpeed": 0.0, "windDirection": "N", "condition": "Clear", "timestamp": "22:39:20 CEST", "status": "NORMAL", "hasAnomaly": 0, "severity": "NONE"}}, {"type": "Feature", "geometry": {"type": "Point", "coordinates": [16.853, 52.279]}, "properties": {"id": "ATHER-ZEU-0959", "name": "Puszczykowo", "town": "Puszczykowo, Poland, Europe", "country": "Europe", "temperature": 15.0, "pressure": 0.0, "humidity": 0, "windSpeed": 0.0, "windDirection": "0", "condition": "Partly Cloudy", "timestamp": "22:39:49 CEST", "status": "ANOMALY", "hasAnomaly": 1, "severity": "HIGH"}}, {"type": "Feature", "geometry": {"type": "Point", "coordinates": [18.4932, 50.0453]}, "properties": {"id": "ATHER-ZEU-0960", "name": "Radlin", "town": "Radlin, Poland, Europe", "country": "Europe", "temperature": 20.0, "pressure": 1013.7, "humidity": 75, "windSpeed": 7.9, "windDirection": "E", "condition": "Partly Cloudy", "timestamp": "22:40:31 CEST", "status": "NORMAL", "hasAnomaly": 0, "severity": "NONE"}}, {"type": "Feature", "geometry": {"type": "Point", "coordinates": [18.5211, 50.107]}, "properties": {"id": "ATHER-ZEU-0961", "name": "Rybnik", "town": "Rybnik, Poland, Europe", "country": "Europe", "temperature": null, "pressure": null, "humidity": null, "windSpeed": null, "windDirection": null, "condition": "Offline", "timestamp": "Offline", "status": "OFFLINE", "hasAnomaly": 0, "severity": "NONE"}}, {"type": "Feature", "geometry": {"type": "Point", "coordinates": [18.473, 50.11]}, "properties": {"id": "ATHER-PLW-0962", "name": "Jejkowice", "town": "Jejkowice, Silesian, Poland, Europe", "country": "Europe", "temperature": null, "pressure": null, "humidity": null, "windSpeed": null, "windDirection": null, "condition": "Offline", "timestamp": "Offline", "status": "OFFLINE", "hasAnomaly": 0, "severity": "NONE"}}, {"type": "Feature", "geometry": {"type": "Point", "coordinates": [19.3567, 49.5547]}, "properties": {"id": "ATHER-PLW-0963", "name": "Korbiel\u00f3w", "town": "Korbiel\u00f3w, Silesian, Poland, Europe", "country": "Europe", "temperature": null, "pressure": null, "humidity": null, "windSpeed": null, "windDirection": null, "condition": "Offline", "timestamp": "Offline", "status": "OFFLINE", "hasAnomaly": 0, "severity": "NONE"}}, {"type": "Feature", "geometry": {"type": "Point", "coordinates": [18.493184, 50.045565]}, "properties": {"id": "ATHER-PLW-0964", "name": "Radlin", "town": "Radlin, Silesian, Poland, Europe", "country": "Europe", "temperature": 20.0, "pressure": 1013.7, "humidity": 75, "windSpeed": 8.0, "windDirection": "E", "condition": "Clear", "timestamp": "22:39:37 CEST", "status": "NORMAL", "hasAnomaly": 0, "severity": "NONE"}}, {"type": "Feature", "geometry": {"type": "Point", "coordinates": [18.84309539, 50.27045217]}, "properties": {"id": "ATHER-PLW-0965", "name": "Ruda Slaska", "town": "Ruda Slaska, Silesian, Poland, Europe", "country": "Europe", "temperature": 19.0, "pressure": 956.2, "humidity": 80, "windSpeed": 5.0, "windDirection": "SSE", "condition": "Clear", "timestamp": "22:39:51 CEST", "status": "ANOMALY", "hasAnomaly": 1, "severity": "WARNING"}}, {"type": "Feature", "geometry": {"type": "Point", "coordinates": [18.59706, 50.14503]}, "properties": {"id": "ATHER-PLW-0966", "name": "Rybnik-Kamie\u00f1", "town": "Rybnik-Kamie\u00f1, Silesian, Poland, Europe", "country": "Europe", "temperature": null, "pressure": null, "humidity": null, "windSpeed": null, "windDirection": null, "condition": "Offline", "timestamp": "Offline", "status": "OFFLINE", "hasAnomaly": 0, "severity": "NONE"}}, {"type": "Feature", "geometry": {"type": "Point", "coordinates": [18.807543, 50.375877]}, "properties": {"id": "ATHER-PLW-0967", "name": "Zabrze", "town": "Zabrze, Silesian, Poland, Europe", "country": "Europe", "temperature": null, "pressure": null, "humidity": null, "windSpeed": null, "windDirection": null, "condition": "Offline", "timestamp": "Offline", "status": "OFFLINE", "hasAnomaly": 0, "severity": "NONE"}}, {"type": "Feature", "geometry": {"type": "Point", "coordinates": [16.9062, 51.087]}, "properties": {"id": "ATHER-ZEU-0968", "name": "Smolec", "town": "Smolec, Poland, Europe", "country": "Europe", "temperature": 21.0, "pressure": 1006.1, "humidity": 50, "windSpeed": 1.1, "windDirection": "S", "condition": "Partly Cloudy", "timestamp": "22:37:37 CEST", "status": "NORMAL", "hasAnomaly": 0, "severity": "NONE"}}, {"type": "Feature", "geometry": {"type": "Point", "coordinates": [22.1332, 50.0319]}, "properties": {"id": "ATHER-PLW-0969", "name": "Lancut", "town": "Lancut, Subcarpathian, Poland, Europe", "country": "Europe", "temperature": 7.0, "pressure": 1003.6, "humidity": 10, "windSpeed": 240.0, "windDirection": "SSE", "condition": "Clear", "timestamp": "22:39:43 CEST", "status": "WARNING", "hasAnomaly": 1, "severity": "WARNING"}}, {"type": "Feature", "geometry": {"type": "Point", "coordinates": [20.30450058, 50.64416885]}, "properties": {"id": "ATHER-PLW-0970", "name": "Jedrzejow", "town": "Jedrzejow, Swietokrzyskie, Poland, Europe", "country": "Europe", "temperature": null, "pressure": null, "humidity": null, "windSpeed": null, "windDirection": null, "condition": "Offline", "timestamp": "Offline", "status": "OFFLINE", "hasAnomaly": 0, "severity": "NONE"}}, {"type": "Feature", "geometry": {"type": "Point", "coordinates": [20.9306, 50.0114]}, "properties": {"id": "ATHER-ZEU-0971", "name": "Tarn\u00c3\u00b3w", "town": "Tarn\u00c3\u00b3w, Poland, Europe", "country": "Europe", "temperature": 19.0, "pressure": 1015.8, "humidity": 84, "windSpeed": 0.0, "windDirection": "SE", "condition": "Partly Cloudy", "timestamp": "22:40:09 CEST", "status": "NORMAL", "hasAnomaly": 0, "severity": "NONE"}}, {"type": "Feature", "geometry": {"type": "Point", "coordinates": [20.38166, 53.58998]}, "properties": {"id": "ATHER-PLW-0972", "name": "Waszeta", "town": "Waszeta, Warmi\u00f1sko-mazurskie, Poland, Europe", "country": "Europe", "temperature": null, "pressure": null, "humidity": null, "windSpeed": null, "windDirection": null, "condition": "Offline", "timestamp": "Offline", "status": "OFFLINE", "hasAnomaly": 0, "severity": "NONE"}}, {"type": "Feature", "geometry": {"type": "Point", "coordinates": [15.417827, 53.169248]}, "properties": {"id": "ATHER-PLW-0973", "name": "Choszczno", "town": "Choszczno, West Pomeranian, Poland, Europe", "country": "Europe", "temperature": null, "pressure": null, "humidity": null, "windSpeed": null, "windDirection": null, "condition": "Offline", "timestamp": "Offline", "status": "OFFLINE", "hasAnomaly": 0, "severity": "NONE"}}, {"type": "Feature", "geometry": {"type": "Point", "coordinates": [17.351, 52.005]}, "properties": {"id": "ATHER-ZEU-0974", "name": "Wilkowyja", "town": "Wilkowyja, Poland, Europe", "country": "Europe", "temperature": 16.0, "pressure": 1009.6, "humidity": 68, "windSpeed": 0.0, "windDirection": "SSW", "condition": "Partly Cloudy", "timestamp": "22:40:11 CEST", "status": "NORMAL", "hasAnomaly": 0, "severity": "NONE"}}, {"type": "Feature", "geometry": {"type": "Point", "coordinates": [-8.200317, 39.46209]}, "properties": {"id": "ATHER-IPW-0975", "name": "Abrantes", "town": "Abrantes, Portugal, Europe", "country": "Europe", "temperature": null, "pressure": null, "humidity": null, "windSpeed": null, "windDirection": null, "condition": "Offline", "timestamp": "Offline", "status": "OFFLINE", "hasAnomaly": 0, "severity": "NONE"}}, {"type": "Feature", "geometry": {"type": "Point", "coordinates": [0.0, 0.0]}, "properties": {"id": "ATHER-ZEU-0976", "name": "Estreito da Calheta", "town": "Estreito da Calheta, Madeira, Portugal, Europe", "country": "Europe", "temperature": null, "pressure": null, "humidity": null, "windSpeed": null, "windDirection": null, "condition": "Offline", "timestamp": "Offline", "status": "OFFLINE", "hasAnomaly": 0, "severity": "NONE"}}, {"type": "Feature", "geometry": {"type": "Point", "coordinates": [-16.945, 32.6782]}, "properties": {"id": "ATHER-ZEU-0977", "name": "Funchal", "town": "Funchal, Portugal, Europe", "country": "Europe", "temperature": null, "pressure": null, "humidity": null, "windSpeed": null, "windDirection": null, "condition": "Offline", "timestamp": "Offline", "status": "OFFLINE", "hasAnomaly": 0, "severity": "NONE"}}, {"type": "Feature", "geometry": {"type": "Point", "coordinates": [-8.29777, 41.4436]}, "properties": {"id": "ATHER-IPW-0978", "name": "Guimar\u00e3es", "town": "Guimar\u00e3es, Portugal, Portugal, Europe", "country": "Europe", "temperature": null, "pressure": null, "humidity": null, "windSpeed": null, "windDirection": null, "condition": "Offline", "timestamp": "Offline", "status": "OFFLINE", "hasAnomaly": 0, "severity": "NONE"}}, {"type": "Feature", "geometry": {"type": "Point", "coordinates": [-16.7701, 32.7226]}, "properties": {"id": "ATHER-ZEU-0979", "name": "Machico", "town": "Machico, Portugal, Europe", "country": "Europe", "temperature": 23.0, "pressure": 1019.2, "humidity": 72, "windSpeed": 5.0, "windDirection": "NW", "condition": "Partly Cloudy", "timestamp": "22:40:17 CEST", "status": "NORMAL", "hasAnomaly": 0, "severity": "NONE"}}, {"type": "Feature", "geometry": {"type": "Point", "coordinates": [26.148, 44.409]}, "properties": {"id": "ATHER-ZEU-0980", "name": "Bucharest-2(032082)", "town": "Bucharest-2(032082), Romania, Europe", "country": "Europe", "temperature": 23.0, "pressure": 0.0, "humidity": 28, "windSpeed": 0.0, "windDirection": "0", "condition": "Partly Cloudy", "timestamp": "22:38:31 CEST", "status": "ANOMALY", "hasAnomaly": 1, "severity": "HIGH"}}, {"type": "Feature", "geometry": {"type": "Point", "coordinates": [28.6592, 44.1735]}, "properties": {"id": "ATHER-ZEU-0981", "name": "Constanta", "town": "Constanta, Romania, Europe", "country": "Europe", "temperature": null, "pressure": null, "humidity": null, "windSpeed": null, "windDirection": null, "condition": "Offline", "timestamp": "Offline", "status": "OFFLINE", "hasAnomaly": 0, "severity": "NONE"}}, {"type": "Feature", "geometry": {"type": "Point", "coordinates": [27.5733, 47.1744]}, "properties": {"id": "ATHER-ZEU-0982", "name": "Iasi", "town": "Iasi, Romania, Europe", "country": "Europe", "temperature": null, "pressure": null, "humidity": null, "windSpeed": null, "windDirection": null, "condition": "Offline", "timestamp": "Offline", "status": "OFFLINE", "hasAnomaly": 0, "severity": "NONE"}}, {"type": "Feature", "geometry": {"type": "Point", "coordinates": [21.56, 47.02]}, "properties": {"id": "ATHER-ZEU-0983", "name": "Oradea", "town": "Oradea, Romania, Europe", "country": "Europe", "temperature": null, "pressure": null, "humidity": null, "windSpeed": null, "windDirection": null, "condition": "Offline", "timestamp": "Offline", "status": "OFFLINE", "hasAnomaly": 0, "severity": "NONE"}}, {"type": "Feature", "geometry": {"type": "Point", "coordinates": [-3.035482, 57.0595089]}, "properties": {"id": "ATHER-SCW-0984", "name": "Ballater", "town": "Ballater, Aberdeenshire, United Kingdom, Europe", "country": "Europe", "temperature": 12.0, "pressure": 1007.9, "humidity": 40, "windSpeed": 0.0, "windDirection": "NE", "condition": "Overcast", "timestamp": "21:38:07 BST", "status": "NORMAL", "hasAnomaly": 0, "severity": "NONE"}}, {"type": "Feature", "geometry": {"type": "Point", "coordinates": [-2.214174, 56.896368]}, "properties": {"id": "ATHER-SCW-0985", "name": "Catterline", "town": "Catterline, Aberdeenshire, Scotland, Europe", "country": "Europe", "temperature": 13.0, "pressure": 1008.3, "humidity": 93, "windSpeed": 11.3, "windDirection": "NNE", "condition": "Overcast", "timestamp": "21:37:58 BST", "status": "NORMAL", "hasAnomaly": 0, "severity": "NONE"}}, {"type": "Feature", "geometry": {"type": "Point", "coordinates": [-2.18445, 57.471666]}, "properties": {"id": "ATHER-SCW-0986", "name": "Knaven", "town": "Knaven, Aberdeenshire, Scotland, Europe", "country": "Europe", "temperature": null, "pressure": null, "humidity": null, "windSpeed": null, "windDirection": null, "condition": "Offline", "timestamp": "Offline", "status": "OFFLINE", "hasAnomaly": 0, "severity": "NONE"}}, {"type": "Feature", "geometry": {"type": "Point", "coordinates": [-2.55, 57.1584]}, "properties": {"id": "ATHER-SCW-0987", "name": "Midmar", "town": "Midmar, Inverurie, Aberdeenshire, United Kingdom, Europe", "country": "Europe", "temperature": 12.0, "pressure": 1007.8, "humidity": 97, "windSpeed": 0.0, "windDirection": "NE", "condition": "Overcast", "timestamp": "21:38:03 BST", "status": "NORMAL", "hasAnomaly": 0, "severity": "NONE"}}, {"type": "Feature", "geometry": {"type": "Point", "coordinates": [-2.184029, 57.340182]}, "properties": {"id": "ATHER-SCW-0988", "name": "Pitmedden", "town": "Pitmedden, Aberdeenshire, Scotland, Europe", "country": "Europe", "temperature": 14.0, "pressure": 1002.7, "humidity": 71, "windSpeed": 25.7, "windDirection": "WNW", "condition": "Overcast", "timestamp": "21:37:48 BST", "status": "NORMAL", "hasAnomaly": 0, "severity": "NONE"}}, {"type": "Feature", "geometry": {"type": "Point", "coordinates": [-2.4593, 57.551]}, "properties": {"id": "ATHER-SCW-0989", "name": "Turriff", "town": "Turriff, Aberdeenshire, United Kingdom, Europe", "country": "Europe", "temperature": 14.0, "pressure": 1011.2, "humidity": 85, "windSpeed": 6.4, "windDirection": "SE", "condition": "Overcast", "timestamp": "21:37:47 BST", "status": "NORMAL", "hasAnomaly": 0, "severity": "NONE"}}, {"type": "Feature", "geometry": {"type": "Point", "coordinates": [-3.0667, 56.53]}, "properties": {"id": "ATHER-SCW-0990", "name": "Auchterhouse", "town": "Auchterhouse, Angus, Scotland, Europe", "country": "Europe", "temperature": null, "pressure": null, "humidity": null, "windSpeed": null, "windDirection": null, "condition": "Offline", "timestamp": "Offline", "status": "OFFLINE", "hasAnomaly": 0, "severity": "NONE"}}, {"type": "Feature", "geometry": {"type": "Point", "coordinates": [-2.70471, 56.50889]}, "properties": {"id": "ATHER-SCW-0991", "name": "Carnoustie", "town": "Carnoustie, Angus, Scotland, Europe", "country": "Europe", "temperature": null, "pressure": null, "humidity": null, "windSpeed": null, "windDirection": null, "condition": "Offline", "timestamp": "Offline", "status": "OFFLINE", "hasAnomaly": 0, "severity": "NONE"}}, {"type": "Feature", "geometry": {"type": "Point", "coordinates": [-4.470553, 55.384911]}, "properties": {"id": "ATHER-SCW-0992", "name": "Saltcoats", "town": "Saltcoats, Ayrshire, Scotland, Europe", "country": "Europe", "temperature": null, "pressure": null, "humidity": null, "windSpeed": null, "windDirection": null, "condition": "Offline", "timestamp": "Offline", "status": "OFFLINE", "hasAnomaly": 0, "severity": "NONE"}}, {"type": "Feature", "geometry": {"type": "Point", "coordinates": [-2.163, 55.876]}, "properties": {"id": "ATHER-SCW-0993", "name": "Coldingham", "town": "Coldingham, Berwickshire, Scotland, Europe", "country": "Europe", "temperature": 25.0, "pressure": 1004.1, "humidity": 93, "windSpeed": 4.8, "windDirection": "NNE", "condition": "Reported", "timestamp": "21:38:11 BST", "status": "NORMAL", "hasAnomaly": 0, "severity": "NONE"}}, {"type": "Feature", "geometry": {"type": "Point", "coordinates": [-2.463568, 55.706261]}, "properties": {"id": "ATHER-SCW-0994", "name": "Greenlaw", "town": "Greenlaw, Borders, Scotland, Europe", "country": "Europe", "temperature": 15.0, "pressure": 1005.6, "humidity": 94, "windSpeed": 0.0, "windDirection": "NNE", "condition": "Showers", "timestamp": "21:38:13 BST", "status": "NORMAL", "hasAnomaly": 0, "severity": "NONE"}}, {"type": "Feature", "geometry": {"type": "Point", "coordinates": [-3.171, 55.641]}, "properties": {"id": "ATHER-SCW-0995", "name": "Peebles", "town": "Peebles, Borders, Scotland, Europe", "country": "Europe", "temperature": 16.0, "pressure": 1002.5, "humidity": 71, "windSpeed": 3.2, "windDirection": "NE", "condition": "Reported", "timestamp": "21:38:13 BST", "status": "NORMAL", "hasAnomaly": 0, "severity": "NONE"}}, {"type": "Feature", "geometry": {"type": "Point", "coordinates": [-3.4906, 58.5095]}, "properties": {"id": "ATHER-SCW-0996", "name": "Halkirk", "town": "Halkirk, Caithness, Scotland, Europe", "country": "Europe", "temperature": null, "pressure": null, "humidity": null, "windSpeed": null, "windDirection": null, "condition": "Offline", "timestamp": "Offline", "status": "OFFLINE", "hasAnomaly": 0, "severity": "NONE"}}, {"type": "Feature", "geometry": {"type": "Point", "coordinates": [-3.7661, 58.5608]}, "properties": {"id": "ATHER-SCW-0997", "name": "Reay", "town": "Reay, Caithness, Scotland, Europe", "country": "Europe", "temperature": 12.0, "pressure": 1009.0, "humidity": 89, "windSpeed": 4.8, "windDirection": "ENE", "condition": "light Drizzle", "timestamp": "21:38:07 BST", "status": "NORMAL", "hasAnomaly": 0, "severity": "NONE"}}, {"type": "Feature", "geometry": {"type": "Point", "coordinates": [-3.85483, 56.148322]}, "properties": {"id": "ATHER-SCW-0998", "name": "Menstrie", "town": "Menstrie, Clackmannanshire, Scotland, Europe", "country": "Europe", "temperature": 15.0, "pressure": 1006.6, "humidity": 76, "windSpeed": 17.7, "windDirection": "ESE", "condition": "Overcast", "timestamp": "21:38:17 BST", "status": "NORMAL", "hasAnomaly": 0, "severity": "NONE"}}, {"type": "Feature", "geometry": {"type": "Point", "coordinates": [-4.17, 57.66]}, "properties": {"id": "ATHER-SCW-0999", "name": "Balblair", "town": "Balblair, Cromarty-shire, Scotland, Europe", "country": "Europe", "temperature": 19.0, "pressure": 1023.8, "humidity": 53, "windSpeed": 6.4, "windDirection": "NE", "condition": "light Rain", "timestamp": "21:38:14 BST", "status": "NORMAL", "hasAnomaly": 0, "severity": "NONE"}}, {"type": "Feature", "geometry": {"type": "Point", "coordinates": [-3.342432, 56.033369]}, "properties": {"id": "ATHER-SCW-1000", "name": "Dalgety Bay", "town": "Dalgety Bay, Fife, Scotland, Europe", "country": "Europe", "temperature": 9.0, "pressure": 1010.2, "humidity": 68, "windSpeed": 6.4, "windDirection": "NW", "condition": "Sunny", "timestamp": "21:35:07 BST", "status": "NORMAL", "hasAnomaly": 0, "severity": "NONE"}}, {"type": "Feature", "geometry": {"type": "Point", "coordinates": [-3.4846, 56.066]}, "properties": {"id": "ATHER-SCW-1001", "name": "Dunfermline", "town": "Dunfermline, Fife, Scotland, Europe", "country": "Europe", "temperature": null, "pressure": null, "humidity": null, "windSpeed": null, "windDirection": null, "condition": "Offline", "timestamp": "Offline", "status": "OFFLINE", "hasAnomaly": 0, "severity": "NONE"}}, {"type": "Feature", "geometry": {"type": "Point", "coordinates": [-3.317222, 56.13]}, "properties": {"id": "ATHER-SCW-1002", "name": "Lochgelly", "town": "Lochgelly, Fife, United Kingdom, Europe", "country": "Europe", "temperature": 13.0, "pressure": 1006.9, "humidity": 97, "windSpeed": 11.3, "windDirection": "ENE", "condition": "Overcast", "timestamp": "21:38:19 BST", "status": "NORMAL", "hasAnomaly": 0, "severity": "NONE"}}, {"type": "Feature", "geometry": {"type": "Point", "coordinates": [-5.223, 56.715]}, "properties": {"id": "ATHER-SCW-1003", "name": "Corran Ferry", "town": "Corran Ferry, Highland, United Kingdom, Europe", "country": "Europe", "temperature": 15.0, "pressure": 1007.2, "humidity": 81, "windSpeed": 0.0, "windDirection": "ENE", "condition": "Reported", "timestamp": "21:38:16 BST", "status": "NORMAL", "hasAnomaly": 0, "severity": "NONE"}}, {"type": "Feature", "geometry": {"type": "Point", "coordinates": [-4.5178, 57.2758]}, "properties": {"id": "ATHER-SCW-1004", "name": "Drumnadrochit", "town": "Drumnadrochit, Inverness-shire, United Kingdom, Europe", "country": "Europe", "temperature": null, "pressure": null, "humidity": null, "windSpeed": null, "windDirection": null, "condition": "Offline", "timestamp": "Offline", "status": "OFFLINE", "hasAnomaly": 0, "severity": "NONE"}}, {"type": "Feature", "geometry": {"type": "Point", "coordinates": [-3.64, 57.266]}, "properties": {"id": "ATHER-SCW-1005", "name": "Nethy Bridge", "town": "Nethy Bridge, Inverness-shire, Scotland, Europe", "country": "Europe", "temperature": 12.0, "pressure": 1009.2, "humidity": 83, "windSpeed": 1.6, "windDirection": "WNW", "condition": "light Rain", "timestamp": "21:38:12 BST", "status": "NORMAL", "hasAnomaly": 0, "severity": "NONE"}}, {"type": "Feature", "geometry": {"type": "Point", "coordinates": [-6.5359, 57.4141]}, "properties": {"id": "ATHER-SCW-1006", "name": "Dunvegan", "town": "Dunvegan, Isle of Skye, Scotland, Europe", "country": "Europe", "temperature": 14.0, "pressure": 1006.7, "humidity": 95, "windSpeed": 0.0, "windDirection": "ESE", "condition": "Stopped Raining", "timestamp": "21:38:16 BST", "status": "NORMAL", "hasAnomaly": 0, "severity": "NONE"}}, {"type": "Feature", "geometry": {"type": "Point", "coordinates": [-6.0907, 57.1546]}, "properties": {"id": "ATHER-SCW-1007", "name": "Elgol", "town": "Elgol, Isle of Skye, United Kingdom, Europe", "country": "Europe", "temperature": 14.0, "pressure": 1005.8, "humidity": 91, "windSpeed": 9.7, "windDirection": "NE", "condition": "Showers2", "timestamp": "21:35:37 BST", "status": "NORMAL", "hasAnomaly": 0, "severity": "NONE"}}, {"type": "Feature", "geometry": {"type": "Point", "coordinates": [-6.3836, 57.321]}, "properties": {"id": "ATHER-SCW-1008", "name": "Fernilea", "town": "Fernilea, Isle of Skye, Scotland, Europe", "country": "Europe", "temperature": 14.0, "pressure": 1007.3, "humidity": 95, "windSpeed": 0.0, "windDirection": "SW", "condition": "Stopped Raining", "timestamp": "21:08:18 BST", "status": "NORMAL", "hasAnomaly": 0, "severity": "NONE"}}, {"type": "Feature", "geometry": {"type": "Point", "coordinates": [-2.4065, 56.9414]}, "properties": {"id": "ATHER-SCW-1009", "name": "Glenbervie", "town": "Glenbervie, Kincardineshire, Scotland, Europe", "country": "Europe", "temperature": 14.0, "pressure": 1008.1, "humidity": 94, "windSpeed": 8.0, "windDirection": "NE", "condition": "Rain", "timestamp": "21:38:19 BST", "status": "NORMAL", "hasAnomaly": 0, "severity": "NONE"}}, {"type": "Feature", "geometry": {"type": "Point", "coordinates": [-3.9457, 55.0668]}, "properties": {"id": "ATHER-SCW-1010", "name": "Corsock", "town": "Corsock, Kirkcudbrightshire, United Kingdom, Europe", "country": "Europe", "temperature": 16.0, "pressure": 1006.0, "humidity": 100, "windSpeed": 0.0, "windDirection": "N", "condition": "Heavy Rain", "timestamp": "21:30:01 BST", "status": "NORMAL", "hasAnomaly": 0, "severity": "NONE"}}, {"type": "Feature", "geometry": {"type": "Point", "coordinates": [-4.21033859, 55.7356159]}, "properties": {"id": "ATHER-SCW-1011", "name": "East Kilbride", "town": "East Kilbride, Lanarkshire, Scotland, Europe", "country": "Europe", "temperature": null, "pressure": null, "humidity": null, "windSpeed": null, "windDirection": null, "condition": "Offline", "timestamp": "Offline", "status": "OFFLINE", "hasAnomaly": 0, "severity": "NONE"}}, {"type": "Feature", "geometry": {"type": "Point", "coordinates": [-3.205556, 55.832778]}, "properties": {"id": "ATHER-SCW-1012", "name": "Penicuik", "town": "Penicuik, Midlothian, Scotland, Europe", "country": "Europe", "temperature": 14.0, "pressure": 1007.9, "humidity": 99, "windSpeed": 6.4, "windDirection": "NNE", "condition": "Reported", "timestamp": "21:35:41 BST", "status": "NORMAL", "hasAnomaly": 0, "severity": "NONE"}}, {"type": "Feature", "geometry": {"type": "Point", "coordinates": [-3.213, 55.906]}, "properties": {"id": "ATHER-SCW-1013", "name": "Swanston", "town": "Swanston, Midlothian, Scotland, Europe", "country": "Europe", "temperature": 13.0, "pressure": 1006.9, "humidity": 99, "windSpeed": 9.7, "windDirection": "ESE", "condition": "Reported", "timestamp": "21:33:25 BST", "status": "NORMAL", "hasAnomaly": 0, "severity": "NONE"}}, {"type": "Feature", "geometry": {"type": "Point", "coordinates": [-4.0359, 55.9345]}, "properties": {"id": "ATHER-SCW-1014", "name": "Cumbernauld", "town": "Cumbernauld, North Lanarkshire, Scotland, Europe", "country": "Europe", "temperature": null, "pressure": null, "humidity": null, "windSpeed": null, "windDirection": null, "condition": "Offline", "timestamp": "Offline", "status": "OFFLINE", "hasAnomaly": 0, "severity": "NONE"}}, {"type": "Feature", "geometry": {"type": "Point", "coordinates": [-2.817763, 58.9716]}, "properties": {"id": "ATHER-SCW-1015", "name": "Tankerness", "town": "Tankerness, Orkney, United Kingdom, Europe", "country": "Europe", "temperature": 13.0, "pressure": 1010.9, "humidity": 89, "windSpeed": 19.3, "windDirection": "E", "condition": "Clear", "timestamp": "21:33:21 BST", "status": "NORMAL", "hasAnomaly": 0, "severity": "NONE"}}, {"type": "Feature", "geometry": {"type": "Point", "coordinates": [-4.425, 55.7852]}, "properties": {"id": "ATHER-SCW-1016", "name": "Neilston", "town": "Neilston, Renfrewshire, Scotland, Europe", "country": "Europe", "temperature": 14.0, "pressure": 1007.0, "humidity": 97, "windSpeed": 3.2, "windDirection": "NE", "condition": "light Rain", "timestamp": "21:38:16 BST", "status": "NORMAL", "hasAnomaly": 0, "severity": "NONE"}}, {"type": "Feature", "geometry": {"type": "Point", "coordinates": [-5.317628, 57.862136]}, "properties": {"id": "ATHER-SCW-1017", "name": "Badbea", "town": "Badbea, Ross-Shire, Scotland, Europe", "country": "Europe", "temperature": 13.0, "pressure": 1002.1, "humidity": 88, "windSpeed": 0.0, "windDirection": "ENE", "condition": "Rain2", "timestamp": "21:37:57 BST", "status": "NORMAL", "hasAnomaly": 0, "severity": "NONE"}}, {"type": "Feature", "geometry": {"type": "Point", "coordinates": [-4.426074, 57.594396]}, "properties": {"id": "ATHER-SCW-1018", "name": "Dingwall", "town": "Dingwall, Ross-Shire, Scotland, Europe", "country": "Europe", "temperature": 13.0, "pressure": 1010.3, "humidity": 92, "windSpeed": 4.8, "windDirection": "ENE", "condition": "Rain2", "timestamp": "21:38:18 BST", "status": "NORMAL", "hasAnomaly": 0, "severity": "NONE"}}, {"type": "Feature", "geometry": {"type": "Point", "coordinates": [-4.176, 57.838]}, "properties": {"id": "ATHER-SCW-1019", "name": "Edderton", "town": "Edderton, Ross-Shire, Scotland, Europe", "country": "Europe", "temperature": 14.0, "pressure": 1009.1, "humidity": 95, "windSpeed": 3.2, "windDirection": "NNE", "condition": "Reported", "timestamp": "21:38:13 BST", "status": "NORMAL", "hasAnomaly": 0, "severity": "NONE"}}, {"type": "Feature", "geometry": {"type": "Point", "coordinates": [-5.699, 57.731]}, "properties": {"id": "ATHER-SCW-1020", "name": "Gairloch", "town": "Gairloch, Ross-Shire, Scotland, Europe", "country": "Europe", "temperature": 14.0, "pressure": 1007.9, "humidity": 87, "windSpeed": 8.0, "windDirection": "SSE", "condition": "Overcast", "timestamp": "21:35:33 BST", "status": "NORMAL", "hasAnomaly": 0, "severity": "NONE"}}, {"type": "Feature", "geometry": {"type": "Point", "coordinates": [-4.44295, 57.57495]}, "properties": {"id": "ATHER-SCW-1021", "name": "Maryburgh", "town": "Maryburgh, Ross-Shire, Scotland, Europe", "country": "Europe", "temperature": 13.0, "pressure": 1013.0, "humidity": 98, "windSpeed": 4.8, "windDirection": "E", "condition": "Stopped Raining", "timestamp": "21:38:13 BST", "status": "NORMAL", "hasAnomaly": 0, "severity": "NONE"}}, {"type": "Feature", "geometry": {"type": "Point", "coordinates": [-4.4694, 57.5226]}, "properties": {"id": "ATHER-SCW-1022", "name": "Muir of Ord", "town": "Muir of Ord, Ross-Shire, Scotland, Europe", "country": "Europe", "temperature": 13.0, "pressure": 1009.2, "humidity": 96, "windSpeed": 0.0, "windDirection": "ESE", "condition": "light Rain", "timestamp": "21:37:25 BST", "status": "NORMAL", "hasAnomaly": 0, "severity": "NONE"}}, {"type": "Feature", "geometry": {"type": "Point", "coordinates": [-4.261, 57.549]}, "properties": {"id": "ATHER-SCW-1023", "name": "Munlochy", "town": "Munlochy, Ross-Shire, Scotland, Europe", "country": "Europe", "temperature": 14.0, "pressure": 1009.3, "humidity": 96, "windSpeed": 9.7, "windDirection": "NE", "condition": "light Rain", "timestamp": "21:37:58 BST", "status": "NORMAL", "hasAnomaly": 0, "severity": "NONE"}}, {"type": "Feature", "geometry": {"type": "Point", "coordinates": [-1.12, 60.07]}, "properties": {"id": "ATHER-SCW-1024", "name": "Gulberwick", "town": "Gulberwick, Shetland, Scotland, Europe", "country": "Europe", "temperature": 11.0, "pressure": 1012.5, "humidity": 86, "windSpeed": 3.2, "windDirection": "NE", "condition": "Overcast", "timestamp": "21:38:20 BST", "status": "NORMAL", "hasAnomaly": 0, "severity": "NONE"}}, {"type": "Feature", "geometry": {"type": "Point", "coordinates": [-3.95, 56.2]}, "properties": {"id": "ATHER-SCW-1025", "name": "Dunblane", "town": "Dunblane, Stirlingshire, United Kingdom, Europe", "country": "Europe", "temperature": 13.0, "pressure": 1015.0, "humidity": 87, "windSpeed": 1.6, "windDirection": "NE", "condition": "light Rain", "timestamp": "21:37:52 BST", "status": "NORMAL", "hasAnomaly": 0, "severity": "NONE"}}, {"type": "Feature", "geometry": {"type": "Point", "coordinates": [-3.71848, 55.98685]}, "properties": {"id": "ATHER-SCW-1026", "name": "Polmont", "town": "Polmont, Stirlingshire, Scotland, Europe", "country": "Europe", "temperature": 14.0, "pressure": 1005.4, "humidity": 97, "windSpeed": 6.4, "windDirection": "N", "condition": "Stopped Raining", "timestamp": "21:38:17 BST", "status": "NORMAL", "hasAnomaly": 0, "severity": "NONE"}}, {"type": "Feature", "geometry": {"type": "Point", "coordinates": [-3.955, 56.117]}, "properties": {"id": "ATHER-SCW-1027", "name": "Stirling", "town": "Stirling, Stirlingshire, Scotland, Europe", "country": "Europe", "temperature": 14.0, "pressure": 1007.8, "humidity": 90, "windSpeed": 3.2, "windDirection": "SE", "condition": "Reported", "timestamp": "21:38:16 BST", "status": "NORMAL", "hasAnomaly": 0, "severity": "NONE"}}, {"type": "Feature", "geometry": {"type": "Point", "coordinates": [-3.89, 58.028]}, "properties": {"id": "ATHER-SCW-1028", "name": "Brora", "town": "Brora, Sutherland, Scotland, Europe", "country": "Europe", "temperature": 12.0, "pressure": 1008.8, "humidity": 96, "windSpeed": 16.1, "windDirection": "ENE", "condition": "Stopped Raining", "timestamp": "21:38:18 BST", "status": "NORMAL", "hasAnomaly": 0, "severity": "NONE"}}, {"type": "Feature", "geometry": {"type": "Point", "coordinates": [-3.6535, 58.1172]}, "properties": {"id": "ATHER-SCW-1029", "name": "Helmsdale", "town": "Helmsdale, Sutherland, Scotland, Europe", "country": "Europe", "temperature": null, "pressure": null, "humidity": null, "windSpeed": null, "windDirection": null, "condition": "Offline", "timestamp": "Offline", "status": "OFFLINE", "hasAnomaly": 0, "severity": "NONE"}}, {"type": "Feature", "geometry": {"type": "Point", "coordinates": [-5.049966, 58.455716]}, "properties": {"id": "ATHER-SCW-1030", "name": "Kinlochbervie", "town": "Kinlochbervie, Sutherland, Scotland, Europe", "country": "Europe", "temperature": 14.0, "pressure": 1007.7, "humidity": 76, "windSpeed": 16.1, "windDirection": "E", "condition": "Overcast", "timestamp": "21:34:08 BST", "status": "NORMAL", "hasAnomaly": 0, "severity": "NONE"}}, {"type": "Feature", "geometry": {"type": "Point", "coordinates": [-3.26783, 56.38892]}, "properties": {"id": "ATHER-SCW-1031", "name": "Carse of Gowrie", "town": "Carse of Gowrie, Tayside, United Kingdom, Europe", "country": "Europe", "temperature": null, "pressure": null, "humidity": null, "windSpeed": null, "windDirection": null, "condition": "Offline", "timestamp": "Offline", "status": "OFFLINE", "hasAnomaly": 0, "severity": "NONE"}}, {"type": "Feature", "geometry": {"type": "Point", "coordinates": [-3.6418, 55.9024]}, "properties": {"id": "ATHER-SCW-1032", "name": "Bathgate", "town": "Bathgate, West Lothian, Scotland, Europe", "country": "Europe", "temperature": null, "pressure": null, "humidity": null, "windSpeed": null, "windDirection": null, "condition": "Offline", "timestamp": "Offline", "status": "OFFLINE", "hasAnomaly": 0, "severity": "NONE"}}, {"type": "Feature", "geometry": {"type": "Point", "coordinates": [22.18, 43.12]}, "properties": {"id": "ATHER-ZEU-1033", "name": "Babin Zub Mountain peak", "town": "Babin Zub Mountain peak, Serbia, Europe", "country": "Europe", "temperature": null, "pressure": null, "humidity": null, "windSpeed": null, "windDirection": null, "condition": "Offline", "timestamp": "Offline", "status": "OFFLINE", "hasAnomaly": 0, "severity": "NONE"}}, {"type": "Feature", "geometry": {"type": "Point", "coordinates": [20.525, 44.809]}, "properties": {"id": "ATHER-ZEU-1034", "name": "Beograd", "town": "Beograd, Serbia, Europe", "country": "Europe", "temperature": 22.0, "pressure": 1016.7, "humidity": 64, "windSpeed": 0.0, "windDirection": "S", "condition": "Partly Cloudy", "timestamp": "22:40:34 CEST", "status": "NORMAL", "hasAnomaly": 0, "severity": "NONE"}}, {"type": "Feature", "geometry": {"type": "Point", "coordinates": [20.0739, 45.0661]}, "properties": {"id": "ATHER-ZEU-1035", "name": "Indjija", "town": "Indjija, Serbia, Europe", "country": "Europe", "temperature": null, "pressure": null, "humidity": null, "windSpeed": null, "windDirection": null, "condition": "Offline", "timestamp": "Offline", "status": "OFFLINE", "hasAnomaly": 0, "severity": "NONE"}}, {"type": "Feature", "geometry": {"type": "Point", "coordinates": [22.24, 43.57]}, "properties": {"id": "ATHER-ZEU-1036", "name": "Knjazevac", "town": "Knjazevac, Serbia, Serbia, Europe", "country": "Europe", "temperature": 19.0, "pressure": 1016.2, "humidity": 80, "windSpeed": 0.0, "windDirection": "SW", "condition": "Partly Cloudy", "timestamp": "22:40:27 CEST", "status": "NORMAL", "hasAnomaly": 0, "severity": "NONE"}}, {"type": "Feature", "geometry": {"type": "Point", "coordinates": [20.668, 44.869]}, "properties": {"id": "ATHER-ZEU-1037", "name": "Pan?evo", "town": "Pan?evo, Serbia, Europe", "country": "Europe", "temperature": 22.0, "pressure": 1015.5, "humidity": 59, "windSpeed": 0.0, "windDirection": "NW", "condition": "Partly Cloudy", "timestamp": "22:40:38 CEST", "status": "NORMAL", "hasAnomaly": 0, "severity": "NONE"}}, {"type": "Feature", "geometry": {"type": "Point", "coordinates": [21.405, 43.867]}, "properties": {"id": "ATHER-ZEU-1038", "name": "Para?in", "town": "Para?in, Serbia, Europe", "country": "Europe", "temperature": 22.0, "pressure": 1017.0, "humidity": 68, "windSpeed": 2.5, "windDirection": "SSE", "condition": "Clear", "timestamp": "22:40:45 CEST", "status": "NORMAL", "hasAnomaly": 0, "severity": "NONE"}}, {"type": "Feature", "geometry": {"type": "Point", "coordinates": [19.647, 46.132]}, "properties": {"id": "ATHER-ZEU-1039", "name": "Subotica", "town": "Subotica, Serbia, Europe", "country": "Europe", "temperature": 20.0, "pressure": 1004.7, "humidity": 74, "windSpeed": 0.0, "windDirection": "NNW", "condition": "Clear", "timestamp": "22:39:59 CEST", "status": "NORMAL", "hasAnomaly": 0, "severity": "NONE"}}, {"type": "Feature", "geometry": {"type": "Point", "coordinates": [21.31, 45.123]}, "properties": {"id": "ATHER-ZEU-1040", "name": "Vr?ac", "town": "Vr?ac, Serbia, Europe", "country": "Europe", "temperature": 27.0, "pressure": 1016.1, "humidity": 47, "windSpeed": 0.0, "windDirection": "NE", "condition": "Partly Cloudy", "timestamp": "22:40:40 CEST", "status": "NORMAL", "hasAnomaly": 0, "severity": "NONE"}}, {"type": "Feature", "geometry": {"type": "Point", "coordinates": [18.89303459, 48.4586529]}, "properties": {"id": "ATHER-SVK-1041", "name": "Bansk\u00e1 \u008atiavnica", "town": "Bansk\u00e1 \u008atiavnica, Banskobystrzycki, Slovakia, Europe", "country": "Europe", "temperature": 16.0, "pressure": 1015.1, "humidity": 58, "windSpeed": 0.0, "windDirection": "S", "condition": "Clear", "timestamp": "22:39:58 CEST", "status": "NORMAL", "hasAnomaly": 0, "severity": "NONE"}}, {"type": "Feature", "geometry": {"type": "Point", "coordinates": [19.637839, 48.802132]}, "properties": {"id": "ATHER-SVK-1042", "name": "Brezno", "town": "Brezno, Banskobystrzycki, Slovakia, Europe", "country": "Europe", "temperature": 17.0, "pressure": 1024.0, "humidity": 53, "windSpeed": 0.7, "windDirection": "W", "condition": "Clear", "timestamp": "22:41:46 CEST", "status": "NORMAL", "hasAnomaly": 0, "severity": "NONE"}}, {"type": "Feature", "geometry": {"type": "Point", "coordinates": [17.03514099, 48.20202637]}, "properties": {"id": "ATHER-SVK-1043", "name": "Bratislava - D\u00fabravka", "town": "Bratislava - D\u00fabravka, Bratyslawski, Slovakia, Europe", "country": "Europe", "temperature": 21.0, "pressure": 1015.5, "humidity": 100, "windSpeed": 0.0, "windDirection": "N", "condition": "Clear", "timestamp": "22:42:19 CEST", "status": "NORMAL", "hasAnomaly": 0, "severity": "NONE"}}, {"type": "Feature", "geometry": {"type": "Point", "coordinates": [17.27081108, 48.14100647]}, "properties": {"id": "ATHER-SVK-1044", "name": "Most pri Bratislave", "town": "Most pri Bratislave, Bratyslawski, Slovakia, Europe", "country": "Europe", "temperature": null, "pressure": null, "humidity": null, "windSpeed": null, "windDirection": null, "condition": "Offline", "timestamp": "Offline", "status": "OFFLINE", "hasAnomaly": 0, "severity": "NONE"}}, {"type": "Feature", "geometry": {"type": "Point", "coordinates": [17.01810455, 48.27412415]}, "properties": {"id": "ATHER-SVK-1045", "name": "Stupava", "town": "Stupava, Bratyslawski, Slovakia, Europe", "country": "Europe", "temperature": 22.0, "pressure": 1016.0, "humidity": 0, "windSpeed": 7.6, "windDirection": "SE", "condition": "Clear", "timestamp": "22:42:15 CEST", "status": "NORMAL", "hasAnomaly": 0, "severity": "NONE"}}, {"type": "Feature", "geometry": {"type": "Point", "coordinates": [20.487837, 48.659995]}, "properties": {"id": "ATHER-SVK-1046", "name": "Rudn\u00e1", "town": "Rudn\u00e1, Koszycki, Slovakia, Europe", "country": "Europe", "temperature": null, "pressure": null, "humidity": null, "windSpeed": null, "windDirection": null, "condition": "Offline", "timestamp": "Offline", "status": "OFFLINE", "hasAnomaly": 0, "severity": "NONE"}}, {"type": "Feature", "geometry": {"type": "Point", "coordinates": [17.0155, 48.4322]}, "properties": {"id": "ATHER-ZEU-1047", "name": "Malacky", "town": "Malacky, Slovakia, Europe", "country": "Europe", "temperature": null, "pressure": null, "humidity": null, "windSpeed": null, "windDirection": null, "condition": "Offline", "timestamp": "Offline", "status": "OFFLINE", "hasAnomaly": 0, "severity": "NONE"}}, {"type": "Feature", "geometry": {"type": "Point", "coordinates": [18.278563, 48.34216]}, "properties": {"id": "ATHER-SVK-1048", "name": "Beladice", "town": "Beladice, Nitriansky, Slovakia, Europe", "country": "Europe", "temperature": null, "pressure": null, "humidity": null, "windSpeed": null, "windDirection": null, "condition": "Offline", "timestamp": "Offline", "status": "OFFLINE", "hasAnomaly": 0, "severity": "NONE"}}, {"type": "Feature", "geometry": {"type": "Point", "coordinates": [20.588875, 49.0260192]}, "properties": {"id": "ATHER-SVK-1049", "name": "Levo\u00e8a", "town": "Levo\u00e8a, Preszowski, Slovakia, Europe", "country": "Europe", "temperature": 15.0, "pressure": 1013.0, "humidity": 85, "windSpeed": 7.9, "windDirection": "NE", "condition": "Clear", "timestamp": "22:42:09 CEST", "status": "NORMAL", "hasAnomaly": 0, "severity": "NONE"}}, {"type": "Feature", "geometry": {"type": "Point", "coordinates": [20.30143279, 49.055188]}, "properties": {"id": "ATHER-SVK-1050", "name": "Poprad", "town": "Poprad, Preszowski, Slovakia, Europe", "country": "Europe", "temperature": 15.0, "pressure": 1017.9, "humidity": 78, "windSpeed": 4.7, "windDirection": "SW", "condition": "Clear", "timestamp": "22:38:01 CEST", "status": "NORMAL", "hasAnomaly": 0, "severity": "NONE"}}, {"type": "Feature", "geometry": {"type": "Point", "coordinates": [18.27888107, 49.28958893]}, "properties": {"id": "ATHER-SVK-1051", "name": "Horn\u00e1 Mar\u00edkov\u00e1 - R\u00e1ztoka", "town": "Horn\u00e1 Mar\u00edkov\u00e1 - R\u00e1ztoka, Trenczynski, Slovakia, Europe", "country": "Europe", "temperature": null, "pressure": null, "humidity": null, "windSpeed": null, "windDirection": null, "condition": "Offline", "timestamp": "Offline", "status": "OFFLINE", "hasAnomaly": 0, "severity": "NONE"}}, {"type": "Feature", "geometry": {"type": "Point", "coordinates": [18.43090057, 48.9500351]}, "properties": {"id": "ATHER-SVK-1052", "name": "Zliechov", "town": "Zliechov, Trenczynski, Slovakia, Europe", "country": "Europe", "temperature": null, "pressure": null, "humidity": null, "windSpeed": null, "windDirection": null, "condition": "Offline", "timestamp": "Offline", "status": "OFFLINE", "hasAnomaly": 0, "severity": "NONE"}}, {"type": "Feature", "geometry": {"type": "Point", "coordinates": [17.58781939, 48.3804163]}, "properties": {"id": "ATHER-SVK-1053", "name": "Trnava", "town": "Trnava, Trnawski, Slovakia, Europe", "country": "Europe", "temperature": 23.0, "pressure": 1016.0, "humidity": 59, "windSpeed": 0.0, "windDirection": "N", "condition": "Clear", "timestamp": "22:42:07 CEST", "status": "NORMAL", "hasAnomaly": 0, "severity": "NONE"}}, {"type": "Feature", "geometry": {"type": "Point", "coordinates": [18.56638908, 49.21944427]}, "properties": {"id": "ATHER-SVK-1054", "name": "Byt\u00e8a", "town": "Byt\u00e8a, Zylinski, Slovakia, Europe", "country": "Europe", "temperature": 16.0, "pressure": 1016.3, "humidity": 0, "windSpeed": 0.0, "windDirection": "N", "condition": "Clear", "timestamp": "22:42:30 CEST", "status": "NORMAL", "hasAnomaly": 0, "severity": "NONE"}}, {"type": "Feature", "geometry": {"type": "Point", "coordinates": [18.7667, 49.1833]}, "properties": {"id": "ATHER-SVK-1055", "name": "Rosina", "town": "Rosina, Zylinski, Slovakia, Europe", "country": "Europe", "temperature": 16.0, "pressure": 1015.1, "humidity": 81, "windSpeed": 0.0, "windDirection": "SSE", "condition": "Partly Cloudy", "timestamp": "22:40:01 CEST", "status": "NORMAL", "hasAnomaly": 0, "severity": "NONE"}}, {"type": "Feature", "geometry": {"type": "Point", "coordinates": [15.6948, 46.4424]}, "properties": {"id": "ATHER-ZEU-1056", "name": "Brezula by Race", "town": "Brezula by Race, Slovenia, Europe", "country": "Europe", "temperature": null, "pressure": null, "humidity": null, "windSpeed": null, "windDirection": null, "condition": "Offline", "timestamp": "Offline", "status": "OFFLINE", "hasAnomaly": 0, "severity": "NONE"}}, {"type": "Feature", "geometry": {"type": "Point", "coordinates": [14.561186, 46.15243]}, "properties": {"id": "ATHER-SIW-1057", "name": "Loka pri Meng\u00b9u", "town": "Loka pri Meng\u00b9u, Central Slovenia, Slovenia, Europe", "country": "Europe", "temperature": null, "pressure": null, "humidity": null, "windSpeed": null, "windDirection": null, "condition": "Offline", "timestamp": "Offline", "status": "OFFLINE", "hasAnomaly": 0, "severity": "NONE"}}, {"type": "Feature", "geometry": {"type": "Point", "coordinates": [14.439394, 45.884004]}, "properties": {"id": "ATHER-SIW-1058", "name": "Rakitna", "town": "Rakitna, Central Slovenia, Slovenia, Europe", "country": "Europe", "temperature": 17.0, "pressure": 1014.4, "humidity": 90, "windSpeed": 0.0, "windDirection": "SE", "condition": "Clear", "timestamp": "22:35:50 CEST", "status": "NORMAL", "hasAnomaly": 0, "severity": "NONE"}}, {"type": "Feature", "geometry": {"type": "Point", "coordinates": [14.923751, 45.979467]}, "properties": {"id": "ATHER-SIW-1059", "name": "Sevno", "town": "Sevno, Primskovo, Central Slovenia, Slovenia, Europe", "country": "Europe", "temperature": null, "pressure": null, "humidity": null, "windSpeed": null, "windDirection": null, "condition": "Offline", "timestamp": "Offline", "status": "OFFLINE", "hasAnomaly": 0, "severity": "NONE"}}, {"type": "Feature", "geometry": {"type": "Point", "coordinates": [14.593, 46.154532]}, "properties": {"id": "ATHER-SIW-1060", "name": "Srednje Jar\u00b9e", "town": "Srednje Jar\u00b9e, Central Slovenia, Slovenia, Europe", "country": "Europe", "temperature": null, "pressure": null, "humidity": null, "windSpeed": null, "windDirection": null, "condition": "Offline", "timestamp": "Offline", "status": "OFFLINE", "hasAnomaly": 0, "severity": "NONE"}}, {"type": "Feature", "geometry": {"type": "Point", "coordinates": [15.877, 46.601]}, "properties": {"id": "ATHER-SIW-1061", "name": "Benedikt", "town": "Benedikt, Drava, Slovenia, Europe", "country": "Europe", "temperature": null, "pressure": null, "humidity": null, "windSpeed": null, "windDirection": null, "condition": "Offline", "timestamp": "Offline", "status": "OFFLINE", "hasAnomaly": 0, "severity": "NONE"}}, {"type": "Feature", "geometry": {"type": "Point", "coordinates": [15.695238, 46.442388]}, "properties": {"id": "ATHER-SIW-1062", "name": "Brezula", "town": "Brezula, Drava, Slovenia, Europe", "country": "Europe", "temperature": null, "pressure": null, "humidity": null, "windSpeed": null, "windDirection": null, "condition": "Offline", "timestamp": "Offline", "status": "OFFLINE", "hasAnomaly": 0, "severity": "NONE"}}, {"type": "Feature", "geometry": {"type": "Point", "coordinates": [15.976667, 46.376667]}, "properties": {"id": "ATHER-SIW-1063", "name": "Slatina", "town": "Slatina, Cirkulane, Drava, Slovenia, Europe", "country": "Europe", "temperature": 23.0, "pressure": 1017.2, "humidity": 65, "windSpeed": 4.0, "windDirection": "S", "condition": "Clear", "timestamp": "22:39:46 CEST", "status": "NORMAL", "hasAnomaly": 0, "severity": "NONE"}}, {"type": "Feature", "geometry": {"type": "Point", "coordinates": [13.6103, 46.0525]}, "properties": {"id": "ATHER-SIW-1064", "name": "Deskle", "town": "Deskle, Gorizia, Slovenia, Europe", "country": "Europe", "temperature": 20.0, "pressure": 1016.0, "humidity": 71, "windSpeed": 3.0, "windDirection": "E", "condition": "Clear", "timestamp": "22:17:19 CEST", "status": "NORMAL", "hasAnomaly": 0, "severity": "NONE"}}, {"type": "Feature", "geometry": {"type": "Point", "coordinates": [13.73444366, 46.07249832]}, "properties": {"id": "ATHER-SIW-1065", "name": "Kal nad Kanalom", "town": "Kal nad Kanalom, Gorizia, Slovenia, Europe", "country": "Europe", "temperature": 21.0, "pressure": 1014.1, "humidity": 64, "windSpeed": 2.0, "windDirection": "N", "condition": "Clear", "timestamp": "22:40:02 CEST", "status": "NORMAL", "hasAnomaly": 0, "severity": "NONE"}}, {"type": "Feature", "geometry": {"type": "Point", "coordinates": [13.634103, 46.075894]}, "properties": {"id": "ATHER-SIW-1066", "name": "Morsko", "town": "Morsko, Gorizia, Slovenia, Europe", "country": "Europe", "temperature": 22.0, "pressure": 1016.9, "humidity": 77, "windSpeed": 0.0, "windDirection": "E", "condition": "Clear", "timestamp": "22:39:33 CEST", "status": "NORMAL", "hasAnomaly": 0, "severity": "NONE"}}, {"type": "Feature", "geometry": {"type": "Point", "coordinates": [13.73515, 46.185747]}, "properties": {"id": "ATHER-SIW-1067", "name": "Tolmin", "town": "Tolmin, Gorizia, Slovenia, Europe", "country": "Europe", "temperature": 20.0, "pressure": 1014.9, "humidity": 80, "windSpeed": 0.0, "windDirection": "NNW", "condition": "Clear", "timestamp": "22:39:59 CEST", "status": "NORMAL", "hasAnomaly": 0, "severity": "NONE"}}, {"type": "Feature", "geometry": {"type": "Point", "coordinates": [13.961453, 45.848565]}, "properties": {"id": "ATHER-SIW-1068", "name": "Vipava - Pod Gradom", "town": "Vipava - Pod Gradom, Gorizia, Slovenia, Europe", "country": "Europe", "temperature": 22.0, "pressure": 1015.8, "humidity": 76, "windSpeed": 0.0, "windDirection": "WNW", "condition": "Clear", "timestamp": "22:38:45 CEST", "status": "NORMAL", "hasAnomaly": 0, "severity": "NONE"}}, {"type": "Feature", "geometry": {"type": "Point", "coordinates": [15.470279, 46.02197]}, "properties": {"id": "ATHER-SIW-1069", "name": "Senovo", "town": "Senovo, Lower Sava, Slovenia, Europe", "country": "Europe", "temperature": 19.0, "pressure": 1016.0, "humidity": 80, "windSpeed": 0.0, "windDirection": "NNE", "condition": "Clear", "timestamp": "22:40:00 CEST", "status": "NORMAL", "hasAnomaly": 0, "severity": "NONE"}}, {"type": "Feature", "geometry": {"type": "Point", "coordinates": [15.432963, 46.357781]}, "properties": {"id": "ATHER-SIW-1070", "name": "Bezina pri Konjicah", "town": "Bezina pri Konjicah, Savinja, Slovenia, Europe", "country": "Europe", "temperature": 18.0, "pressure": 1014.6, "humidity": 89, "windSpeed": 2.0, "windDirection": "N", "condition": "Clear", "timestamp": "22:39:40 CEST", "status": "NORMAL", "hasAnomaly": 0, "severity": "NONE"}}, {"type": "Feature", "geometry": {"type": "Point", "coordinates": [15.4112252, 46.35144065]}, "properties": {"id": "ATHER-SIW-1071", "name": "Dobrava", "town": "Dobrava, Savinja, Slovenia, Europe", "country": "Europe", "temperature": 19.0, "pressure": 1014.7, "humidity": 83, "windSpeed": 0.0, "windDirection": "SSE", "condition": "Clear", "timestamp": "22:39:47 CEST", "status": "NORMAL", "hasAnomaly": 0, "severity": "NONE"}}, {"type": "Feature", "geometry": {"type": "Point", "coordinates": [14.088032, 46.16561]}, "properties": {"id": "ATHER-SIW-1072", "name": "\u00aeiri", "town": "\u00aeiri, Upper Carniola, Slovenia, Europe", "country": "Europe", "temperature": null, "pressure": null, "humidity": null, "windSpeed": null, "windDirection": null, "condition": "Offline", "timestamp": "Offline", "status": "OFFLINE", "hasAnomaly": 0, "severity": "NONE"}}, {"type": "Feature", "geometry": {"type": "Point", "coordinates": [-8.1722, 43.1336]}, "properties": {"id": "ATHER-IPW-1073", "name": "Abegondo", "town": "Abegondo, La Coru\u00f1a, Spain, Europe", "country": "Europe", "temperature": null, "pressure": null, "humidity": null, "windSpeed": null, "windDirection": null, "condition": "Offline", "timestamp": "Offline", "status": "OFFLINE", "hasAnomaly": 0, "severity": "NONE"}}, {"type": "Feature", "geometry": {"type": "Point", "coordinates": [-3.64134836, 40.54668427]}, "properties": {"id": "ATHER-IPW-1074", "name": "Alcobendas", "town": "Alcobendas, Espa\u00f1a, Spain, Europe", "country": "Europe", "temperature": null, "pressure": null, "humidity": null, "windSpeed": null, "windDirection": null, "condition": "Offline", "timestamp": "Offline", "status": "OFFLINE", "hasAnomaly": 0, "severity": "NONE"}}, {"type": "Feature", "geometry": {"type": "Point", "coordinates": [0.6952, 41.649]}, "properties": {"id": "ATHER-IPW-1075", "name": "Alcoletge", "town": "Alcoletge, Espa\u00f1a, Spain, Europe", "country": "Europe", "temperature": 19.0, "pressure": 1009.0, "humidity": 77, "windSpeed": 2.0, "windDirection": "NE", "condition": "Clear", "timestamp": "22:39:51 CEST", "status": "NORMAL", "hasAnomaly": 0, "severity": "NONE"}}, {"type": "Feature", "geometry": {"type": "Point", "coordinates": [1.10863, 41.191]}, "properties": {"id": "ATHER-ZEU-1076", "name": "Almoster", "town": "Almoster, Spain, Europe", "country": "Europe", "temperature": 24.0, "pressure": 1013.8, "humidity": 68, "windSpeed": 6.8, "windDirection": "NE", "condition": "Partly Cloudy", "timestamp": "22:40:22 CEST", "status": "NORMAL", "hasAnomaly": 0, "severity": "NONE"}}, {"type": "Feature", "geometry": {"type": "Point", "coordinates": [-0.4494, 42.2638]}, "properties": {"id": "ATHER-IPW-1077", "name": "Arascu\u00e9s", "town": "Arascu\u00e9s, Huesca, Spain, Europe", "country": "Europe", "temperature": 20.0, "pressure": 1014.2, "humidity": 75, "windSpeed": 6.0, "windDirection": "NE", "condition": "light Rain", "timestamp": "22:39:57 CEST", "status": "NORMAL", "hasAnomaly": 0, "severity": "NONE"}}, {"type": "Feature", "geometry": {"type": "Point", "coordinates": [-1.307, 38.116]}, "properties": {"id": "ATHER-ZEU-1078", "name": "Archena", "town": "Archena, Murcia, Spain, Europe", "country": "Europe", "temperature": null, "pressure": null, "humidity": null, "windSpeed": null, "windDirection": null, "condition": "Offline", "timestamp": "Offline", "status": "OFFLINE", "hasAnomaly": 0, "severity": "NONE"}}, {"type": "Feature", "geometry": {"type": "Point", "coordinates": [2.24333, 41.445]}, "properties": {"id": "ATHER-IPW-1079", "name": "Badalona Progres", "town": "Badalona Progres, Catalunya, Spain, Europe", "country": "Europe", "temperature": 28.0, "pressure": 1014.1, "humidity": 52, "windSpeed": 2.0, "windDirection": "NW", "condition": "Few Clouds", "timestamp": "22:39:58 CEST", "status": "NORMAL", "hasAnomaly": 0, "severity": "NONE"}}, {"type": "Feature", "geometry": {"type": "Point", "coordinates": [-2.8864, 36.7314]}, "properties": {"id": "ATHER-IPW-1080", "name": "Balerma", "town": "Balerma, Espa\u00f1a, Spain, Europe", "country": "Europe", "temperature": 27.0, "pressure": 1017.0, "humidity": 77, "windSpeed": 5.0, "windDirection": "W", "condition": "Clear", "timestamp": "22:40:05 CEST", "status": "NORMAL", "hasAnomaly": 0, "severity": "NONE"}}, {"type": "Feature", "geometry": {"type": "Point", "coordinates": [-4.531334638595581, 36.60129786334803]}, "properties": {"id": "ATHER-IPW-1081", "name": "Benalmadena", "town": "Benalmadena, Espa\u00f1a, Spain, Europe", "country": "Europe", "temperature": 25.0, "pressure": 1013.9, "humidity": 89, "windSpeed": 14.0, "windDirection": "WSW", "condition": "Few Clouds", "timestamp": "22:39:58 CEST", "status": "NORMAL", "hasAnomaly": 0, "severity": "NONE"}}, {"type": "Feature", "geometry": {"type": "Point", "coordinates": [-0.04666, 38.713888]}, "properties": {"id": "ATHER-IPW-1082", "name": "Benissa", "town": "Benissa, Espa\u00f1a, Spain, Europe", "country": "Europe", "temperature": null, "pressure": null, "humidity": null, "windSpeed": null, "windDirection": null, "condition": "Offline", "timestamp": "Offline", "status": "OFFLINE", "hasAnomaly": 0, "severity": "NONE"}}, {"type": "Feature", "geometry": {"type": "Point", "coordinates": [3.077777778, 41.85972222]}, "properties": {"id": "ATHER-IPW-1083", "name": "Calonge", "town": "Calonge, Catalunya, Spain, Europe", "country": "Europe", "temperature": 27.0, "pressure": 1013.0, "humidity": 69, "windSpeed": 8.0, "windDirection": "S", "condition": "Partly Cloudy", "timestamp": "22:39:49 CEST", "status": "NORMAL", "hasAnomaly": 0, "severity": "NONE"}}, {"type": "Feature", "geometry": {"type": "Point", "coordinates": [0.044167, 38.645]}, "properties": {"id": "ATHER-ZEU-1084", "name": "Calp", "town": "Calp, Colina del Sol, Spain, Europe", "country": "Europe", "temperature": 26.0, "pressure": 1012.3, "humidity": 85, "windSpeed": 7.6, "windDirection": "SSE", "condition": "Partly Cloudy", "timestamp": "22:40:49 CEST", "status": "NORMAL", "hasAnomaly": 0, "severity": "NONE"}}, {"type": "Feature", "geometry": {"type": "Point", "coordinates": [-8.791666, 42.257777]}, "properties": {"id": "ATHER-IPW-1085", "name": "Cangas", "town": "Cangas, Espa\u00f1a, Spain, Europe", "country": "Europe", "temperature": 18.0, "pressure": 1016.9, "humidity": 99, "windSpeed": 0.0, "windDirection": "W", "condition": "Mostly Cloudy", "timestamp": "22:30:40 CEST", "status": "NORMAL", "hasAnomaly": 0, "severity": "NONE"}}, {"type": "Feature", "geometry": {"type": "Point", "coordinates": [-0.866667, 39.383333]}, "properties": {"id": "ATHER-IPW-1086", "name": "Carlet", "town": "Carlet, Espa\u00f1a, Spain, Europe", "country": "Europe", "temperature": 26.0, "pressure": 1013.7, "humidity": 88, "windSpeed": 13.0, "windDirection": "NE", "condition": "Few Clouds", "timestamp": "22:40:01 CEST", "status": "NORMAL", "hasAnomaly": 0, "severity": "NONE"}}, {"type": "Feature", "geometry": {"type": "Point", "coordinates": [1.85507, 41.6366]}, "properties": {"id": "ATHER-ZEU-1087", "name": "Castellbell i el Vilar", "town": "Castellbell i el Vilar, Spain, Europe", "country": "Europe", "temperature": 25.0, "pressure": 1015.3, "humidity": 62, "windSpeed": 0.0, "windDirection": "NNW", "condition": "Partly Cloudy", "timestamp": "22:40:14 CEST", "status": "NORMAL", "hasAnomaly": 0, "severity": "NONE"}}, {"type": "Feature", "geometry": {"type": "Point", "coordinates": [-1.88148, 37.1737]}, "properties": {"id": "ATHER-IPW-1088", "name": "Cuevas del Almanzora", "town": "Cuevas del Almanzora, Almeria, Spain, Europe", "country": "Europe", "temperature": 27.0, "pressure": 1014.5, "humidity": 83, "windSpeed": 3.0, "windDirection": "SSE", "condition": "Clear", "timestamp": "22:38:28 CEST", "status": "NORMAL", "hasAnomaly": 0, "severity": "NONE"}}, {"type": "Feature", "geometry": {"type": "Point", "coordinates": [-3.5475, 40.5475]}, "properties": {"id": "ATHER-IPW-1089", "name": "Daganzo de Arriba", "town": "Daganzo de Arriba,Espa\u00f1a, Spain, Europe", "country": "Europe", "temperature": 27.0, "pressure": 1014.0, "humidity": 34, "windSpeed": 7.0, "windDirection": "NW", "condition": "Clear", "timestamp": "22:40:07 CEST", "status": "NORMAL", "hasAnomaly": 0, "severity": "NONE"}}, {"type": "Feature", "geometry": {"type": "Point", "coordinates": [-0.767, 38.158]}, "properties": {"id": "ATHER-ZEU-1090", "name": "Dolores", "town": "Dolores, Spain, Europe", "country": "Europe", "temperature": 27.0, "pressure": 1013.8, "humidity": 79, "windSpeed": 2.5, "windDirection": "SE", "condition": "Partly Cloudy", "timestamp": "22:40:45 CEST", "status": "NORMAL", "hasAnomaly": 0, "severity": "NONE"}}, {"type": "Feature", "geometry": {"type": "Point", "coordinates": [-2.816, 36.783]}, "properties": {"id": "ATHER-IPW-1091", "name": "El Ejido", "town": "El Ejido, Espa\u00f1a, Spain, Europe", "country": "Europe", "temperature": 26.0, "pressure": 1015.2, "humidity": 81, "windSpeed": 7.0, "windDirection": "WSW", "condition": "Partly Cloudy", "timestamp": "22:40:08 CEST", "status": "NORMAL", "hasAnomaly": 0, "severity": "NONE"}}, {"type": "Feature", "geometry": {"type": "Point", "coordinates": [-0.715, 38.229444]}, "properties": {"id": "ATHER-IPW-1092", "name": "Elche", "town": "Elche, Espa\u00f1a, Spain, Europe", "country": "Europe", "temperature": 27.0, "pressure": 1015.7, "humidity": 72, "windSpeed": 4.0, "windDirection": "NE", "condition": "Few Clouds", "timestamp": "22:39:09 CEST", "status": "NORMAL", "hasAnomaly": 0, "severity": "NONE"}}, {"type": "Feature", "geometry": {"type": "Point", "coordinates": [-0.4715, 38.2822]}, "properties": {"id": "ATHER-IPW-1093", "name": "Elda", "town": "Elda, Alicante, Spain, Europe", "country": "Europe", "temperature": null, "pressure": null, "humidity": null, "windSpeed": null, "windDirection": null, "condition": "Offline", "timestamp": "Offline", "status": "OFFLINE", "hasAnomaly": 0, "severity": "NONE"}}, {"type": "Feature", "geometry": {"type": "Point", "coordinates": [-6.15, 37.516667]}, "properties": {"id": "ATHER-IPW-1094", "name": "Gerena", "town": "Gerena, Espa\u00f1a, Spain, Europe", "country": "Europe", "temperature": null, "pressure": null, "humidity": null, "windSpeed": null, "windDirection": null, "condition": "Offline", "timestamp": "Offline", "status": "OFFLINE", "hasAnomaly": 0, "severity": "NONE"}}, {"type": "Feature", "geometry": {"type": "Point", "coordinates": [-3.733, 40.316]}, "properties": {"id": "ATHER-ZEU-1095", "name": "Getafe", "town": "Getafe, Spain, Europe", "country": "Europe", "temperature": 30.0, "pressure": 1010.3, "humidity": 23, "windSpeed": 4.7, "windDirection": "SSW", "condition": "Partly Cloudy", "timestamp": "22:40:38 CEST", "status": "NORMAL", "hasAnomaly": 0, "severity": "NONE"}}, {"type": "Feature", "geometry": {"type": "Point", "coordinates": [-6.080833, 37.39]}, "properties": {"id": "ATHER-IPW-1096", "name": "Gines", "town": "Gines, Sevilla, Spain, Europe", "country": "Europe", "temperature": 28.0, "pressure": 1014.0, "humidity": 58, "windSpeed": 1.0, "windDirection": "W", "condition": "Clear", "timestamp": "22:40:05 CEST", "status": "NORMAL", "hasAnomaly": 0, "severity": "NONE"}}, {"type": "Feature", "geometry": {"type": "Point", "coordinates": [-3.604167, 37.149722]}, "properties": {"id": "ATHER-IPW-1097", "name": "Granada", "town": "Granada, Espa\u00f1a, Spain, Europe", "country": "Europe", "temperature": null, "pressure": null, "humidity": null, "windSpeed": null, "windDirection": null, "condition": "Offline", "timestamp": "Offline", "status": "OFFLINE", "hasAnomaly": 0, "severity": "NONE"}}, {"type": "Feature", "geometry": {"type": "Point", "coordinates": [1.413, 38.907]}, "properties": {"id": "ATHER-ZEU-1098", "name": "Ibiza", "town": "Ibiza, Spain, Europe", "country": "Europe", "temperature": null, "pressure": null, "humidity": null, "windSpeed": null, "windDirection": null, "condition": "Offline", "timestamp": "Offline", "status": "OFFLINE", "hasAnomaly": 0, "severity": "NONE"}}, {"type": "Feature", "geometry": {"type": "Point", "coordinates": [-6.13846, 36.6858]}, "properties": {"id": "ATHER-ZEU-1099", "name": "Jerez de la Frontera", "town": "Jerez de la Frontera, Spain, Europe", "country": "Europe", "temperature": 27.0, "pressure": 1014.5, "humidity": 61, "windSpeed": 7.2, "windDirection": "SSW", "condition": "Partly Cloudy", "timestamp": "22:40:25 CEST", "status": "NORMAL", "hasAnomaly": 0, "severity": "NONE"}}, {"type": "Feature", "geometry": {"type": "Point", "coordinates": [3.126984, 42.119453]}, "properties": {"id": "ATHER-IPW-1100", "name": "L'Escala", "town": "L'Escala, Girona, Spain, Europe", "country": "Europe", "temperature": 26.0, "pressure": 1014.3, "humidity": 63, "windSpeed": 4.0, "windDirection": "NNE", "condition": "Partly Cloudy", "timestamp": "22:36:41 CEST", "status": "NORMAL", "hasAnomaly": 0, "severity": "NONE"}}, {"type": "Feature", "geometry": {"type": "Point", "coordinates": [-8.433408, 43.372315]}, "properties": {"id": "ATHER-IPW-1101", "name": "La Coru\u00f1a", "town": "La Coru\u00f1a, Espa\u00f1a, Spain, Europe", "country": "Europe", "temperature": 18.0, "pressure": 1016.7, "humidity": 86, "windSpeed": 0.0, "windDirection": "N", "condition": "Partly Cloudy", "timestamp": "22:37:23 CEST", "status": "NORMAL", "hasAnomaly": 0, "severity": "NONE"}}, {"type": "Feature", "geometry": {"type": "Point", "coordinates": [-16.5236397, 28.3859653]}, "properties": {"id": "ATHER-IPW-1102", "name": "La Orotava", "town": "La Orotava, Tenerife, Espa\u00f1a, Spain, Europe", "country": "Europe", "temperature": null, "pressure": null, "humidity": null, "windSpeed": null, "windDirection": null, "condition": "Offline", "timestamp": "Offline", "status": "OFFLINE", "hasAnomaly": 0, "severity": "NONE"}}, {"type": "Feature", "geometry": {"type": "Point", "coordinates": [-3.94882, 38.9658]}, "properties": {"id": "ATHER-ZEU-1103", "name": "La Poblachuela", "town": "La Poblachuela, Spain, Europe", "country": "Europe", "temperature": 29.0, "pressure": 1009.9, "humidity": 34, "windSpeed": 0.0, "windDirection": "WSW", "condition": "Partly Cloudy", "timestamp": "22:40:34 CEST", "status": "NORMAL", "hasAnomaly": 0, "severity": "NONE"}}, {"type": "Feature", "geometry": {"type": "Point", "coordinates": [-3.948158, 38.963917]}, "properties": {"id": "ATHER-IPW-1104", "name": "La Poblachuela", "town": "La Poblachuela, Ciudad Real,, Spain, Europe", "country": "Europe", "temperature": null, "pressure": null, "humidity": null, "windSpeed": null, "windDirection": null, "condition": "Offline", "timestamp": "Offline", "status": "OFFLINE", "hasAnomaly": 0, "severity": "NONE"}}, {"type": "Feature", "geometry": {"type": "Point", "coordinates": [-3.2844, 40.1849]}, "properties": {"id": "ATHER-ZEU-1105", "name": "La Poveda-Arganda del Rey", "town": "La Poveda-Arganda del Rey, Spain, Europe", "country": "Europe", "temperature": 31.0, "pressure": 1012.2, "humidity": 30, "windSpeed": 0.0, "windDirection": "E", "condition": "Partly Cloudy", "timestamp": "22:36:11 CEST", "status": "NORMAL", "hasAnomaly": 0, "severity": "NONE"}}, {"type": "Feature", "geometry": {"type": "Point", "coordinates": [-3.2415, 38.9372]}, "properties": {"id": "ATHER-IPW-1106", "name": "La Solana", "town": "La Solana, Espa\u00f1a, Spain, Europe", "country": "Europe", "temperature": null, "pressure": null, "humidity": null, "windSpeed": null, "windDirection": null, "condition": "Offline", "timestamp": "Offline", "status": "OFFLINE", "hasAnomaly": 0, "severity": "NONE"}}, {"type": "Feature", "geometry": {"type": "Point", "coordinates": [-4.146, 36.865]}, "properties": {"id": "ATHER-IPW-1107", "name": "La Vi\u00f1uela", "town": "La Vi\u00f1uela, M\u00e1laga, Spain, Europe", "country": "Europe", "temperature": null, "pressure": null, "humidity": null, "windSpeed": null, "windDirection": null, "condition": "Offline", "timestamp": "Offline", "status": "OFFLINE", "hasAnomaly": 0, "severity": "NONE"}}, {"type": "Feature", "geometry": {"type": "Point", "coordinates": [-3.469, 36.919]}, "properties": {"id": "ATHER-ZEU-1108", "name": "Lanjaron", "town": "Lanjaron, Spain, Europe", "country": "Europe", "temperature": 23.0, "pressure": 1010.6, "humidity": 58, "windSpeed": 0.0, "windDirection": "SSW", "condition": "Partly Cloudy", "timestamp": "22:40:01 CEST", "status": "NORMAL", "hasAnomaly": 0, "severity": "NONE"}}, {"type": "Feature", "geometry": {"type": "Point", "coordinates": [-0.595937, 39.64672]}, "properties": {"id": "ATHER-IPW-1109", "name": "Lliria", "town": "Lliria,Valencia, Espa\u00f1a, Spain, Europe", "country": "Europe", "temperature": null, "pressure": null, "humidity": null, "windSpeed": null, "windDirection": null, "condition": "Offline", "timestamp": "Offline", "status": "OFFLINE", "hasAnomaly": 0, "severity": "NONE"}}, {"type": "Feature", "geometry": {"type": "Point", "coordinates": [-8.09152, 41.8952]}, "properties": {"id": "ATHER-ZEU-1110", "name": "Lobios - Ourense", "town": "Lobios - Ourense, Spain, Europe", "country": "Europe", "temperature": 19.0, "pressure": 1016.4, "humidity": 86, "windSpeed": 5.0, "windDirection": "SW", "condition": "Partly Cloudy", "timestamp": "22:40:46 CEST", "status": "NORMAL", "hasAnomaly": 0, "severity": "NONE"}}, {"type": "Feature", "geometry": {"type": "Point", "coordinates": [-8.091795, 41.895226]}, "properties": {"id": "ATHER-IPW-1111", "name": "Lobios", "town": "Lobios, Espa\u00f1a, Spain, Europe", "country": "Europe", "temperature": null, "pressure": null, "humidity": null, "windSpeed": null, "windDirection": null, "condition": "Offline", "timestamp": "Offline", "status": "OFFLINE", "hasAnomaly": 0, "severity": "NONE"}}, {"type": "Feature", "geometry": {"type": "Point", "coordinates": [-2.44896, 42.46437]}, "properties": {"id": "ATHER-IPW-1112", "name": "Logro\u00f1o-2", "town": "Logro\u00f1o-2, Espa\u00f1a, Spain, Europe", "country": "Europe", "temperature": 24.0, "pressure": 1010.5, "humidity": 57, "windSpeed": 0.0, "windDirection": "N", "condition": "Few Clouds", "timestamp": "22:35:36 CEST", "status": "NORMAL", "hasAnomaly": 0, "severity": "NONE"}}, {"type": "Feature", "geometry": {"type": "Point", "coordinates": [-1.044898, 41.0803439]}, "properties": {"id": "ATHER-IPW-1113", "name": "Loscos", "town": "Loscos,Espa\u00f1a, Spain, Europe", "country": "Europe", "temperature": 21.0, "pressure": 1009.8, "humidity": 57, "windSpeed": 31.0, "windDirection": "SSE", "condition": "Partly Cloudy", "timestamp": "22:38:17 CEST", "status": "NORMAL", "hasAnomaly": 0, "severity": "NONE"}}, {"type": "Feature", "geometry": {"type": "Point", "coordinates": [-7.553401, 43.003021]}, "properties": {"id": "ATHER-IPW-1114", "name": "Lugo", "town": "Lugo, Lugo, Spain, Europe", "country": "Europe", "temperature": 16.0, "pressure": 1016.3, "humidity": 95, "windSpeed": 2.0, "windDirection": "N", "condition": "Mostly Cloudy", "timestamp": "22:40:11 CEST", "status": "NORMAL", "hasAnomaly": 0, "severity": "NONE"}}, {"type": "Feature", "geometry": {"type": "Point", "coordinates": [-15.575, 27.77]}, "properties": {"id": "ATHER-IPW-1115", "name": "Maspalomas", "town": "Maspalomas, Gran Canaria, Spain, Europe", "country": "Europe", "temperature": null, "pressure": null, "humidity": null, "windSpeed": null, "windDirection": null, "condition": "Offline", "timestamp": "Offline", "status": "OFFLINE", "hasAnomaly": 0, "severity": "NONE"}}, {"type": "Feature", "geometry": {"type": "Point", "coordinates": [0.101667, 41.051389]}, "properties": {"id": "ATHER-IPW-1116", "name": "Massali\u00f3", "town": "Massali\u00f3, Espa\u00f1a, Spain, Europe", "country": "Europe", "temperature": 21.0, "pressure": 1015.7, "humidity": 70, "windSpeed": 18.0, "windDirection": "WNW", "condition": "Clear", "timestamp": "22:40:13 CEST", "status": "NORMAL", "hasAnomaly": 0, "severity": "NONE"}}, {"type": "Feature", "geometry": {"type": "Point", "coordinates": [2.20647, 41.5409]}, "properties": {"id": "ATHER-ZEU-1117", "name": "Mollet del Valles", "town": "Mollet del Valles, Spain, Europe", "country": "Europe", "temperature": null, "pressure": null, "humidity": null, "windSpeed": null, "windDirection": null, "condition": "Offline", "timestamp": "Offline", "status": "OFFLINE", "hasAnomaly": 0, "severity": "NONE"}}, {"type": "Feature", "geometry": {"type": "Point", "coordinates": [2.216, 41.534]}, "properties": {"id": "ATHER-IPW-1118", "name": "Mollet del Valles-2", "town": "Mollet del Valles-2, Espa\u00f1a, Spain, Europe", "country": "Europe", "temperature": 27.0, "pressure": 1015.3, "humidity": 50, "windSpeed": 6.0, "windDirection": "NW", "condition": "Few Clouds", "timestamp": "22:34:00 CEST", "status": "NORMAL", "hasAnomaly": 0, "severity": "NONE"}}, {"type": "Feature", "geometry": {"type": "Point", "coordinates": [2.216, 41.534]}, "properties": {"id": "ATHER-ZEU-1119", "name": "Mollet del Vall\u00c3\u00a8s", "town": "Mollet del Vall\u00c3\u00a8s, Spain, Europe", "country": "Europe", "temperature": null, "pressure": null, "humidity": null, "windSpeed": null, "windDirection": null, "condition": "Offline", "timestamp": "Offline", "status": "OFFLINE", "hasAnomaly": 0, "severity": "NONE"}}, {"type": "Feature", "geometry": {"type": "Point", "coordinates": [-3.88417, 43.4442]}, "properties": {"id": "ATHER-ZEU-1120", "name": "Ojaiz-P.Castillo (Cantabria)", "town": "Ojaiz-P.Castillo (Cantabria), Spain, Europe", "country": "Europe", "temperature": null, "pressure": 0.0, "humidity": 0, "windSpeed": null, "windDirection": "CALM", "condition": "Partly Cloudy", "timestamp": "22:40:37 CEST", "status": "ANOMALY", "hasAnomaly": 1, "severity": "HIGH"}}, {"type": "Feature", "geometry": {"type": "Point", "coordinates": [-3.884166, 43.444166]}, "properties": {"id": "ATHER-IPW-1121", "name": "Oj\u00e1iz-Pe\u00f1acastillo", "town": "Oj\u00e1iz-Pe\u00f1acastillo, Cantabria, Spain, Europe", "country": "Europe", "temperature": 23.0, "pressure": 1015.6, "humidity": 76, "windSpeed": 0.0, "windDirection": "W", "condition": "Mostly Cloudy", "timestamp": "22:35:26 CEST", "status": "NORMAL", "hasAnomaly": 0, "severity": "NONE"}}, {"type": "Feature", "geometry": {"type": "Point", "coordinates": [1.89444, 41.545]}, "properties": {"id": "ATHER-IPW-1122", "name": "Olesa de Montserrat", "town": "Olesa de Montserrat, Espa\u00f1a, Spain, Europe", "country": "Europe", "temperature": 27.0, "pressure": 1013.7, "humidity": 49, "windSpeed": 7.0, "windDirection": "NW", "condition": "Clear", "timestamp": "22:40:08 CEST", "status": "NORMAL", "hasAnomaly": 0, "severity": "NONE"}}, {"type": "Feature", "geometry": {"type": "Point", "coordinates": [2.488333, 42.187778]}, "properties": {"id": "ATHER-IPW-1123", "name": "Olot", "town": "Olot, Espa\u00f1a, Spain, Europe", "country": "Europe", "temperature": null, "pressure": null, "humidity": null, "windSpeed": null, "windDirection": null, "condition": "Offline", "timestamp": "Offline", "status": "OFFLINE", "hasAnomaly": 0, "severity": "NONE"}}, {"type": "Feature", "geometry": {"type": "Point", "coordinates": [-0.3927, 38.3657]}, "properties": {"id": "ATHER-IPW-1124", "name": "Onil", "town": "Onil, Alicante, Spain, Europe", "country": "Europe", "temperature": 23.0, "pressure": 1013.2, "humidity": 75, "windSpeed": 0.0, "windDirection": "NE", "condition": "Overcast", "timestamp": "22:40:15 CEST", "status": "NORMAL", "hasAnomaly": 0, "severity": "NONE"}}, {"type": "Feature", "geometry": {"type": "Point", "coordinates": [-0.756481, 41.936]}, "properties": {"id": "ATHER-ZEU-1125", "name": "Ontinar de Salz", "town": "Ontinar de Salz, Spain, Europe", "country": "Europe", "temperature": 20.0, "pressure": 1012.9, "humidity": 79, "windSpeed": 11.2, "windDirection": "E", "condition": "Partly Cloudy", "timestamp": "22:40:52 CEST", "status": "NORMAL", "hasAnomaly": 0, "severity": "NONE"}}, {"type": "Feature", "geometry": {"type": "Point", "coordinates": [-0.7333, 41.95]}, "properties": {"id": "ATHER-IPW-1126", "name": "Ontinar de Salz", "town": "Ontinar de Salz,Espa\u00f1a, Spain, Europe", "country": "Europe", "temperature": null, "pressure": null, "humidity": null, "windSpeed": null, "windDirection": null, "condition": "Offline", "timestamp": "Offline", "status": "OFFLINE", "hasAnomaly": 0, "severity": "NONE"}}, {"type": "Feature", "geometry": {"type": "Point", "coordinates": [-5.863333, 43.359444]}, "properties": {"id": "ATHER-IPW-1127", "name": "Oviedo-1", "town": "Oviedo-1, Espa\u00f1a, Spain, Europe", "country": "Europe", "temperature": 19.0, "pressure": 1015.0, "humidity": 97, "windSpeed": 11.0, "windDirection": "NNW", "condition": "Overcast", "timestamp": "22:40:22 CEST", "status": "NORMAL", "hasAnomaly": 0, "severity": "NONE"}}, {"type": "Feature", "geometry": {"type": "Point", "coordinates": [-5.5, 43.22]}, "properties": {"id": "ATHER-IPW-1128", "name": "Oviedo-2", "town": "Oviedo-2, Asturias, Spain, Europe", "country": "Europe", "temperature": null, "pressure": null, "humidity": null, "windSpeed": null, "windDirection": null, "condition": "Offline", "timestamp": "Offline", "status": "OFFLINE", "hasAnomaly": 0, "severity": "NONE"}}, {"type": "Feature", "geometry": {"type": "Point", "coordinates": [1.06969, 42.3089]}, "properties": {"id": "ATHER-IPW-1129", "name": "Peramea", "town": "Peramea, Catalonia, Spain, Spain, Europe", "country": "Europe", "temperature": null, "pressure": null, "humidity": null, "windSpeed": null, "windDirection": null, "condition": "Offline", "timestamp": "Offline", "status": "OFFLINE", "hasAnomaly": 0, "severity": "NONE"}}, {"type": "Feature", "geometry": {"type": "Point", "coordinates": [-6.32777, 40.3033]}, "properties": {"id": "ATHER-IPW-1130", "name": "Pinofranqueado", "town": "Pinofranqueado, Caceres, Spain, Europe", "country": "Europe", "temperature": 26.0, "pressure": 1011.7, "humidity": 48, "windSpeed": 15.0, "windDirection": "WNW", "condition": "Clear", "timestamp": "22:40:12 CEST", "status": "NORMAL", "hasAnomaly": 0, "severity": "NONE"}}, {"type": "Feature", "geometry": {"type": "Point", "coordinates": [-6.06, 40.02]}, "properties": {"id": "ATHER-IPW-1131", "name": "Plasencia", "town": "Plasencia, Espa\u00f1a, Spain, Europe", "country": "Europe", "temperature": null, "pressure": null, "humidity": null, "windSpeed": null, "windDirection": null, "condition": "Offline", "timestamp": "Offline", "status": "OFFLINE", "hasAnomaly": 0, "severity": "NONE"}}, {"type": "Feature", "geometry": {"type": "Point", "coordinates": [2.779745, 42.104078]}, "properties": {"id": "ATHER-IPW-1132", "name": "Porqueres", "town": "Porqueres, Espa\u00f1a, Spain, Europe", "country": "Europe", "temperature": null, "pressure": null, "humidity": null, "windSpeed": null, "windDirection": null, "condition": "Offline", "timestamp": "Offline", "status": "OFFLINE", "hasAnomaly": 0, "severity": "NONE"}}, {"type": "Feature", "geometry": {"type": "Point", "coordinates": [3.24731, 39.4161]}, "properties": {"id": "ATHER-ZEU-1133", "name": "Portocolom", "town": "Portocolom, Spain, Europe", "country": "Europe", "temperature": 26.0, "pressure": 1014.6, "humidity": 80, "windSpeed": 2.9, "windDirection": "S", "condition": "Partly Cloudy", "timestamp": "22:40:48 CEST", "status": "NORMAL", "hasAnomaly": 0, "severity": "NONE"}}, {"type": "Feature", "geometry": {"type": "Point", "coordinates": [3.14, 39.24]}, "properties": {"id": "ATHER-IPW-1134", "name": "Portocolom", "town": "Portocolom, Illes Balears, Spain, Europe", "country": "Europe", "temperature": 26.0, "pressure": 1015.0, "humidity": 81, "windSpeed": 2.0, "windDirection": "NNW", "condition": "Clear", "timestamp": "22:40:24 CEST", "status": "NORMAL", "hasAnomaly": 0, "severity": "NONE"}}, {"type": "Feature", "geometry": {"type": "Point", "coordinates": [-1.102, 37.996]}, "properties": {"id": "ATHER-IPW-1135", "name": "Puente Tocinos", "town": "Puente Tocinos, Murcia, Spain, Europe", "country": "Europe", "temperature": 27.0, "pressure": 1012.4, "humidity": 78, "windSpeed": 8.0, "windDirection": "E", "condition": "Reported", "timestamp": "22:40:26 CEST", "status": "NORMAL", "hasAnomaly": 0, "severity": "NONE"}}, {"type": "Feature", "geometry": {"type": "Point", "coordinates": [-4.94889, 36.48806]}, "properties": {"id": "ATHER-IPW-1136", "name": "Puerto Banus", "town": "Puerto Banus, Espa\u00f1a, Spain, Europe", "country": "Europe", "temperature": 25.0, "pressure": 1013.0, "humidity": 89, "windSpeed": 6.0, "windDirection": "S", "condition": "Few Clouds", "timestamp": "22:39:52 CEST", "status": "NORMAL", "hasAnomaly": 0, "severity": "NONE"}}, {"type": "Feature", "geometry": {"type": "Point", "coordinates": [1.044071, 42.545681]}, "properties": {"id": "ATHER-IPW-1137", "name": "Refugi J.M.Blanc", "town": "Refugi J.M.Blanc, Catalunya, Spain, Europe", "country": "Europe", "temperature": null, "pressure": null, "humidity": null, "windSpeed": null, "windDirection": null, "condition": "Offline", "timestamp": "Offline", "status": "OFFLINE", "hasAnomaly": 0, "severity": "NONE"}}, {"type": "Feature", "geometry": {"type": "Point", "coordinates": [0.87739, 42.605266]}, "properties": {"id": "ATHER-IPW-1138", "name": "Refugi Ventosa i Calvell", "town": "Refugi Ventosa i Calvell, Catalunya, Spain, Europe", "country": "Europe", "temperature": null, "pressure": null, "humidity": null, "windSpeed": null, "windDirection": null, "condition": "Offline", "timestamp": "Offline", "status": "OFFLINE", "hasAnomaly": 0, "severity": "NONE"}}, {"type": "Feature", "geometry": {"type": "Point", "coordinates": [0.984553, 42.596775]}, "properties": {"id": "ATHER-IPW-1139", "name": "Refugi d'Amitges", "town": "Refugi d'Amitges, Catalunya, Spain, Europe", "country": "Europe", "temperature": null, "pressure": null, "humidity": null, "windSpeed": null, "windDirection": null, "condition": "Offline", "timestamp": "Offline", "status": "OFFLINE", "hasAnomaly": 0, "severity": "NONE"}}, {"type": "Feature", "geometry": {"type": "Point", "coordinates": [-3.87193513, 43.39028931]}, "properties": {"id": "ATHER-IPW-1140", "name": "Revilla de Camargo", "town": "Revilla de Camargo, Cantabria, Spain, Europe", "country": "Europe", "temperature": null, "pressure": null, "humidity": null, "windSpeed": null, "windDirection": null, "condition": "Offline", "timestamp": "Offline", "status": "OFFLINE", "hasAnomaly": 0, "severity": "NONE"}}, {"type": "Feature", "geometry": {"type": "Point", "coordinates": [-6.030556, 37.360833]}, "properties": {"id": "ATHER-IPW-1141", "name": "San Juan de Aznalfarache", "town": "San Juan de Aznalfarache, Espa\u00f1a, Spain, Europe", "country": "Europe", "temperature": 29.0, "pressure": 1011.9, "humidity": 56, "windSpeed": 0.0, "windDirection": "SW", "condition": "Clear", "timestamp": "22:40:03 CEST", "status": "NORMAL", "hasAnomaly": 0, "severity": "NONE"}}, {"type": "Feature", "geometry": {"type": "Point", "coordinates": [-2.01467, 43.3116]}, "properties": {"id": "ATHER-ZEU-1142", "name": "San Sebastian", "town": "San Sebastian, Spain, Europe", "country": "Europe", "temperature": 22.0, "pressure": 1015.1, "humidity": 84, "windSpeed": 0.0, "windDirection": "SW", "condition": "Partly Cloudy", "timestamp": "22:38:53 CEST", "status": "NORMAL", "hasAnomaly": 0, "severity": "NONE"}}, {"type": "Feature", "geometry": {"type": "Point", "coordinates": [-2.01466, 43.31157]}, "properties": {"id": "ATHER-IPW-1143", "name": "San Sebastian", "town": "San Sebastian, Espa\u00f1a, Spain, Europe", "country": "Europe", "temperature": 22.0, "pressure": 1014.7, "humidity": 85, "windSpeed": 3.0, "windDirection": "SW", "condition": "Few Clouds", "timestamp": "22:40:00 CEST", "status": "NORMAL", "hasAnomaly": 0, "severity": "NONE"}}, {"type": "Feature", "geometry": {"type": "Point", "coordinates": [1.3, 38.985]}, "properties": {"id": "ATHER-ZEU-1144", "name": "Sant Antoni de Portmany", "town": "Sant Antoni de Portmany, Spain, Europe", "country": "Europe", "temperature": 27.0, "pressure": 1013.6, "humidity": 80, "windSpeed": 2.2, "windDirection": "E", "condition": "Partly Cloudy", "timestamp": "22:40:14 CEST", "status": "NORMAL", "hasAnomaly": 0, "severity": "NONE"}}, {"type": "Feature", "geometry": {"type": "Point", "coordinates": [2.0457, 41.3359]}, "properties": {"id": "ATHER-IPW-1145", "name": "Sant Boi de Llobregat", "town": "Sant Boi de Llobregat ,Barcelona ,Espa\u00f1a, Spain, Europe", "country": "Europe", "temperature": 27.0, "pressure": 1013.6, "humidity": 51, "windSpeed": 0.0, "windDirection": "NW", "condition": "Few Clouds", "timestamp": "22:40:00 CEST", "status": "NORMAL", "hasAnomaly": 0, "severity": "NONE"}}, {"type": "Feature", "geometry": {"type": "Point", "coordinates": [2.506389, 42.078611]}, "properties": {"id": "ATHER-IPW-1146", "name": "Sant Feliu de Pallerols", "town": "Sant Feliu de Pallerols, Espa\u00f1a, Spain, Europe", "country": "Europe", "temperature": null, "pressure": null, "humidity": null, "windSpeed": null, "windDirection": null, "condition": "Offline", "timestamp": "Offline", "status": "OFFLINE", "hasAnomaly": 0, "severity": "NONE"}}, {"type": "Feature", "geometry": {"type": "Point", "coordinates": [0.990278, 42.225]}, "properties": {"id": "ATHER-ZEU-1147", "name": "Sant Mart\u00c3\u00ad De Canals", "town": "Sant Mart\u00c3\u00ad De Canals, Catalu\u00c3\u00b1a, Spain, Europe", "country": "Europe", "temperature": null, "pressure": null, "humidity": null, "windSpeed": null, "windDirection": null, "condition": "Offline", "timestamp": "Offline", "status": "OFFLINE", "hasAnomaly": 0, "severity": "NONE"}}, {"type": "Feature", "geometry": {"type": "Point", "coordinates": [1.24641, 41.1299]}, "properties": {"id": "ATHER-ZEU-1148", "name": "Sant Pere i Sant Pau", "town": "Sant Pere i Sant Pau, Tarragona, Spain, Europe", "country": "Europe", "temperature": 26.0, "pressure": 1012.3, "humidity": 59, "windSpeed": 1.4, "windDirection": "E", "condition": "Partly Cloudy", "timestamp": "22:40:50 CEST", "status": "NORMAL", "hasAnomaly": 0, "severity": "NONE"}}, {"type": "Feature", "geometry": {"type": "Point", "coordinates": [1.8704, 41.49598]}, "properties": {"id": "ATHER-IPW-1149", "name": "Sant-Esteve-Sesrovires", "town": "Sant-Esteve-Sesrovires,Espa\u00f1a, Spain, Europe", "country": "Europe", "temperature": 25.0, "pressure": 1014.0, "humidity": 52, "windSpeed": 0.0, "windDirection": "S", "condition": "Few Clouds", "timestamp": "22:40:30 CEST", "status": "NORMAL", "hasAnomaly": 0, "severity": "NONE"}}, {"type": "Feature", "geometry": {"type": "Point", "coordinates": [1.602473, 41.579033]}, "properties": {"id": "ATHER-IPW-1150", "name": "Santa Margarida de Montbui", "town": "Santa Margarida de Montbui,Espa\u00f1a, Spain, Europe", "country": "Europe", "temperature": 22.0, "pressure": 1013.3, "humidity": 69, "windSpeed": 4.0, "windDirection": "WSW", "condition": "Few Clouds", "timestamp": "22:41:24 CEST", "status": "NORMAL", "hasAnomaly": 0, "severity": "NONE"}}, {"type": "Feature", "geometry": {"type": "Point", "coordinates": [-3.88417, 43.4442]}, "properties": {"id": "ATHER-ZEU-1151", "name": "Santander", "town": "Santander, Spain, Europe", "country": "Europe", "temperature": 23.0, "pressure": 1015.7, "humidity": 76, "windSpeed": 0.0, "windDirection": "W", "condition": "Partly Cloudy", "timestamp": "22:40:18 CEST", "status": "NORMAL", "hasAnomaly": 0, "severity": "NONE"}}, {"type": "Feature", "geometry": {"type": "Point", "coordinates": [-6.01091, 37.3804]}, "properties": {"id": "ATHER-ZEU-1152", "name": "Sevilla", "town": "Sevilla, Spain, Europe", "country": "Europe", "temperature": 29.0, "pressure": 1012.7, "humidity": 57, "windSpeed": 5.8, "windDirection": "SSW", "condition": "Partly Cloudy", "timestamp": "22:40:50 CEST", "status": "NORMAL", "hasAnomaly": 0, "severity": "NONE"}}, {"type": "Feature", "geometry": {"type": "Point", "coordinates": [-5.985787, 37.383633]}, "properties": {"id": "ATHER-IPW-1153", "name": "Sevilla", "town": "Sevilla, Andaluc\u00eda, Spain, Europe", "country": "Europe", "temperature": null, "pressure": null, "humidity": null, "windSpeed": null, "windDirection": null, "condition": "Offline", "timestamp": "Offline", "status": "OFFLINE", "hasAnomaly": 0, "severity": "NONE"}}, {"type": "Feature", "geometry": {"type": "Point", "coordinates": [-2.5463, 42.35572]}, "properties": {"id": "ATHER-IPW-1154", "name": "Sojuela", "town": "Sojuela, Espa\u00f1a, Spain, Europe", "country": "Europe", "temperature": 20.0, "pressure": 1012.7, "humidity": 73, "windSpeed": 5.0, "windDirection": "WNW", "condition": "Few Clouds", "timestamp": "22:35:13 CEST", "status": "NORMAL", "hasAnomaly": 0, "severity": "NONE"}}, {"type": "Feature", "geometry": {"type": "Point", "coordinates": [-5.623889, 43.538055]}, "properties": {"id": "ATHER-IPW-1155", "name": "Somi\u00f3", "town": "Somi\u00f3, Gij\u00f3n, Spain, Europe", "country": "Europe", "temperature": 20.0, "pressure": 1016.3, "humidity": 94, "windSpeed": 6.0, "windDirection": "W", "condition": "Mostly Cloudy", "timestamp": "22:40:27 CEST", "status": "NORMAL", "hasAnomaly": 0, "severity": "NONE"}}, {"type": "Feature", "geometry": {"type": "Point", "coordinates": [-0.313056, 39.213611]}, "properties": {"id": "ATHER-IPW-1156", "name": "Sueca", "town": "Sueca, Espanya, Spain, Europe", "country": "Europe", "temperature": 28.0, "pressure": 1012.5, "humidity": 82, "windSpeed": 9.0, "windDirection": "ESE", "condition": "Few Clouds", "timestamp": "22:40:23 CEST", "status": "NORMAL", "hasAnomaly": 0, "severity": "NONE"}}, {"type": "Feature", "geometry": {"type": "Point", "coordinates": [-2.222222, 41.846667]}, "properties": {"id": "ATHER-IPW-1157", "name": "Tona", "town": "Tona, Espa\u00f1a, Spain, Europe", "country": "Europe", "temperature": 21.0, "pressure": 1014.6, "humidity": 71, "windSpeed": 0.0, "windDirection": "WNW", "condition": "Few Clouds", "timestamp": "22:33:32 CEST", "status": "NORMAL", "hasAnomaly": 0, "severity": "NONE"}}, {"type": "Feature", "geometry": {"type": "Point", "coordinates": [-4.054247, 43.347881]}, "properties": {"id": "ATHER-IPW-1158", "name": "Torrelavega", "town": "Torrelavega, Cantabria, Spain, Europe", "country": "Europe", "temperature": 22.0, "pressure": 1016.0, "humidity": 82, "windSpeed": 0.0, "windDirection": "NW", "condition": "Mostly Cloudy", "timestamp": "22:40:31 CEST", "status": "NORMAL", "hasAnomaly": 0, "severity": "NONE"}}, {"type": "Feature", "geometry": {"type": "Point", "coordinates": [-0.7247, 37.9523]}, "properties": {"id": "ATHER-ZEU-1159", "name": "Torrevieja", "town": "Torrevieja, Spain, Europe", "country": "Europe", "temperature": null, "pressure": null, "humidity": null, "windSpeed": null, "windDirection": null, "condition": "Offline", "timestamp": "Offline", "status": "OFFLINE", "hasAnomaly": 0, "severity": "NONE"}}, {"type": "Feature", "geometry": {"type": "Point", "coordinates": [-6.010914, 37.3804]}, "properties": {"id": "ATHER-IPW-1160", "name": "Triana", "town": "Triana, Espa\u00f1a, Spain, Europe", "country": "Europe", "temperature": 29.0, "pressure": 1012.5, "humidity": 57, "windSpeed": 6.0, "windDirection": "W", "condition": "Clear", "timestamp": "22:29:32 CEST", "status": "NORMAL", "hasAnomaly": 0, "severity": "NONE"}}, {"type": "Feature", "geometry": {"type": "Point", "coordinates": [-0.401, 39.4714]}, "properties": {"id": "ATHER-ZEU-1161", "name": "Valencia", "town": "Valencia, Spain, Europe", "country": "Europe", "temperature": 27.0, "pressure": 1014.7, "humidity": 83, "windSpeed": 6.1, "windDirection": "NNE", "condition": "Partly Cloudy", "timestamp": "22:39:40 CEST", "status": "NORMAL", "hasAnomaly": 0, "severity": "NONE"}}, {"type": "Feature", "geometry": {"type": "Point", "coordinates": [-1.931, 40.43]}, "properties": {"id": "ATHER-ZEU-1162", "name": "Vega del Codorno", "town": "Vega del Codorno, Spain, Europe", "country": "Europe", "temperature": null, "pressure": null, "humidity": null, "windSpeed": null, "windDirection": null, "condition": "Offline", "timestamp": "Offline", "status": "OFFLINE", "hasAnomaly": 0, "severity": "NONE"}}, {"type": "Feature", "geometry": {"type": "Point", "coordinates": [-3.70139, 43.4078]}, "properties": {"id": "ATHER-ZEU-1163", "name": "Villaverde de Pontones", "town": "Villaverde de Pontones, Spain, Europe", "country": "Europe", "temperature": null, "pressure": null, "humidity": null, "windSpeed": null, "windDirection": null, "condition": "Offline", "timestamp": "Offline", "status": "OFFLINE", "hasAnomaly": 0, "severity": "NONE"}}, {"type": "Feature", "geometry": {"type": "Point", "coordinates": [-3.70167, 43.41333]}, "properties": {"id": "ATHER-IPW-1164", "name": "Villaverde de Pontones", "town": "Villaverde de Pontones, Cantabria, Spain, Europe", "country": "Europe", "temperature": 18.0, "pressure": 1017.1, "humidity": 82, "windSpeed": 0.0, "windDirection": "N", "condition": "Partly Cloudy", "timestamp": "22:40:27 CEST", "status": "NORMAL", "hasAnomaly": 0, "severity": "NONE"}}, {"type": "Feature", "geometry": {"type": "Point", "coordinates": [-2.888056, 42.151667]}, "properties": {"id": "ATHER-IPW-1165", "name": "Viniegra de Abajo", "town": "Viniegra de Abajo, Espa\u00f1a, Spain, Europe", "country": "Europe", "temperature": 21.0, "pressure": 1015.7, "humidity": 60, "windSpeed": 0.0, "windDirection": "ENE", "condition": "Partly Cloudy", "timestamp": "22:39:02 CEST", "status": "NORMAL", "hasAnomaly": 0, "severity": "NONE"}}, {"type": "Feature", "geometry": {"type": "Point", "coordinates": [-0.513722, 38.991595]}, "properties": {"id": "ATHER-IPW-1166", "name": "Xativa1", "town": "Xativa1, Espa\u00f1a, Spain, Europe", "country": "Europe", "temperature": null, "pressure": null, "humidity": null, "windSpeed": null, "windDirection": null, "condition": "Offline", "timestamp": "Offline", "status": "OFFLINE", "hasAnomaly": 0, "severity": "NONE"}}, {"type": "Feature", "geometry": {"type": "Point", "coordinates": [-0.525277, 38.988055]}, "properties": {"id": "ATHER-IPW-1167", "name": "Xativa2", "town": "Xativa2, Valencia, Spain, Europe", "country": "Europe", "temperature": null, "pressure": null, "humidity": null, "windSpeed": null, "windDirection": null, "condition": "Offline", "timestamp": "Offline", "status": "OFFLINE", "hasAnomaly": 0, "severity": "NONE"}}, {"type": "Feature", "geometry": {"type": "Point", "coordinates": [0.159382, 40.52158]}, "properties": {"id": "ATHER-IPW-1168", "name": "Xert", "town": "Xert, Espa\u00f1a, Spain, Europe", "country": "Europe", "temperature": 22.0, "pressure": 1014.3, "humidity": 67, "windSpeed": 10.0, "windDirection": "W", "condition": "Few Clouds", "timestamp": "22:40:32 CEST", "status": "NORMAL", "hasAnomaly": 0, "severity": "NONE"}}, {"type": "Feature", "geometry": {"type": "Point", "coordinates": [0.159382, 40.5216]}, "properties": {"id": "ATHER-ZEU-1169", "name": "Xert", "town": "Xert, Pla de la Font, Spain, Europe", "country": "Europe", "temperature": 22.0, "pressure": 1014.4, "humidity": 68, "windSpeed": 6.8, "windDirection": "WNW", "condition": "Partly Cloudy", "timestamp": "22:39:57 CEST", "status": "NORMAL", "hasAnomaly": 0, "severity": "NONE"}}, {"type": "Feature", "geometry": {"type": "Point", "coordinates": [16.39, 61.3644]}, "properties": {"id": "ATHER-ZEU-1170", "name": "Bolln\u00c3\u00a4s", "town": "Bolln\u00c3\u00a4s, Sweden, Europe", "country": "Europe", "temperature": 14.0, "pressure": 980.3, "humidity": 20, "windSpeed": 1.1, "windDirection": "W", "condition": "Partly Cloudy", "timestamp": "22:24:48 CEST", "status": "NORMAL", "hasAnomaly": 0, "severity": "NONE"}}, {"type": "Feature", "geometry": {"type": "Point", "coordinates": [15.03, 64.83]}, "properties": {"id": "ATHER-ZEU-1171", "name": "Borgafj\u00c3\u00a4ll", "town": "Borgafj\u00c3\u00a4ll, Sweden, Europe", "country": "Europe", "temperature": null, "pressure": null, "humidity": null, "windSpeed": null, "windDirection": null, "condition": "Offline", "timestamp": "Offline", "status": "OFFLINE", "hasAnomaly": 0, "severity": "NONE"}}, {"type": "Feature", "geometry": {"type": "Point", "coordinates": [12.8929, 56.4337]}, "properties": {"id": "ATHER-ZEU-1172", "name": "B\u00c3\u00a5stad", "town": "B\u00c3\u00a5stad, Petersberg, Sweden, Europe", "country": "Europe", "temperature": 14.0, "pressure": 1011.0, "humidity": 98, "windSpeed": 0.0, "windDirection": "SW", "condition": "Rain", "timestamp": "22:39:47 CEST", "status": "NORMAL", "hasAnomaly": 0, "severity": "NONE"}}, {"type": "Feature", "geometry": {"type": "Point", "coordinates": [12.49, 56.9]}, "properties": {"id": "ATHER-ZEU-1173", "name": "Falkenberg", "town": "Falkenberg, Skrea Strand, Sweden, Europe", "country": "Europe", "temperature": 15.0, "pressure": 1012.0, "humidity": 84, "windSpeed": 0.0, "windDirection": "0", "condition": "Partly Cloudy", "timestamp": "22:14:48 CEST", "status": "NORMAL", "hasAnomaly": 0, "severity": "NONE"}}, {"type": "Feature", "geometry": {"type": "Point", "coordinates": [13.4447, 55.615]}, "properties": {"id": "ATHER-ZEU-1174", "name": "Genarp", "town": "Genarp, Dammen, Sweden, Europe", "country": "Europe", "temperature": 14.0, "pressure": 1001.0, "humidity": 92, "windSpeed": 0.7, "windDirection": "WSW", "condition": "Rain", "timestamp": "22:40:45 CEST", "status": "NORMAL", "hasAnomaly": 0, "severity": "NONE"}}, {"type": "Feature", "geometry": {"type": "Point", "coordinates": [14.88, 59.45]}, "properties": {"id": "ATHER-ZEU-1175", "name": "Gyttorp", "town": "Gyttorp, Skrikarhyttan, Sweden, Europe", "country": "Europe", "temperature": 11.0, "pressure": 1008.1, "humidity": 93, "windSpeed": 0.0, "windDirection": "NW", "condition": "Clear", "timestamp": "22:40:02 CEST", "status": "NORMAL", "hasAnomaly": 0, "severity": "NONE"}}, {"type": "Feature", "geometry": {"type": "Point", "coordinates": [11.7735, 57.6123]}, "properties": {"id": "ATHER-ZEU-1176", "name": "G\u00c3\u00b6teborg", "town": "G\u00c3\u00b6teborg, Styrs\u00c3\u00b6, Sweden, Europe", "country": "Europe", "temperature": 14.0, "pressure": 1011.0, "humidity": 38, "windSpeed": 4.3, "windDirection": "NNW", "condition": "Clear", "timestamp": "22:40:43 CEST", "status": "NORMAL", "hasAnomaly": 0, "severity": "NONE"}}, {"type": "Feature", "geometry": {"type": "Point", "coordinates": [12.7031, 56.0397]}, "properties": {"id": "ATHER-ZEU-1177", "name": "Helsingborg", "town": "Helsingborg ,S\u00c3\u00b6der, Sweden, Europe", "country": "Europe", "temperature": 13.0, "pressure": 1011.8, "humidity": 91, "windSpeed": 3.2, "windDirection": "ESE", "condition": "Heavy Rain", "timestamp": "22:40:37 CEST", "status": "NORMAL", "hasAnomaly": 0, "severity": "NONE"}}, {"type": "Feature", "geometry": {"type": "Point", "coordinates": [12.4836, 57.6985]}, "properties": {"id": "ATHER-ZEU-1178", "name": "Hind\u00c3\u00a5s", "town": "Hind\u00c3\u00a5s, Sweden, Europe", "country": "Europe", "temperature": 7.0, "pressure": 1010.4, "humidity": 91, "windSpeed": 0.0, "windDirection": "NNW", "condition": "Partly Cloudy", "timestamp": "22:40:59 CEST", "status": "NORMAL", "hasAnomaly": 0, "severity": "NONE"}}, {"type": "Feature", "geometry": {"type": "Point", "coordinates": [19.808, 66.5984]}, "properties": {"id": "ATHER-ZEU-1179", "name": "Jokkmokk", "town": "Jokkmokk, Tjalmejaur, Sweden, Europe", "country": "Europe", "temperature": null, "pressure": null, "humidity": null, "windSpeed": null, "windDirection": null, "condition": "Offline", "timestamp": "Offline", "status": "OFFLINE", "hasAnomaly": 0, "severity": "NONE"}}, {"type": "Feature", "geometry": {"type": "Point", "coordinates": [13.5925, 59.4069]}, "properties": {"id": "ATHER-ZEU-1180", "name": "Karlstad", "town": "Karlstad, Mj\u00c3\u00b6lnartorpet, Sweden, Europe", "country": "Europe", "temperature": null, "pressure": null, "humidity": null, "windSpeed": null, "windDirection": null, "condition": "Offline", "timestamp": "Offline", "status": "OFFLINE", "hasAnomaly": 0, "severity": "NONE"}}, {"type": "Feature", "geometry": {"type": "Point", "coordinates": [11.1531, 58.2236]}, "properties": {"id": "ATHER-ZEU-1181", "name": "Kungshamn", "town": "Kungshamn, Sweden, Europe", "country": "Europe", "temperature": 15.0, "pressure": 0.0, "humidity": 70, "windSpeed": 0.4, "windDirection": "0", "condition": "Clear", "timestamp": "22:44:10 CEST", "status": "ANOMALY", "hasAnomaly": 1, "severity": "HIGH"}}, {"type": "Feature", "geometry": {"type": "Point", "coordinates": [13.1002, 55.9613]}, "properties": {"id": "ATHER-ZEU-1182", "name": "K\u00c3\u00a5ger\u00c3\u00b6d", "town": "K\u00c3\u00a5ger\u00c3\u00b6d, Axelvold, Sweden, Europe", "country": "Europe", "temperature": 13.0, "pressure": 1010.7, "humidity": 95, "windSpeed": 0.0, "windDirection": "WSW", "condition": "Rain", "timestamp": "22:40:55 CEST", "status": "NORMAL", "hasAnomaly": 0, "severity": "NONE"}}, {"type": "Feature", "geometry": {"type": "Point", "coordinates": [12.2491, 57.7828]}, "properties": {"id": "ATHER-ZEU-1183", "name": "Lerum", "town": "Lerum, Sweden, Europe", "country": "Europe", "temperature": 10.0, "pressure": 1009.6, "humidity": 83, "windSpeed": 0.0, "windDirection": "NW", "condition": "Partly Cloudy", "timestamp": "22:40:59 CEST", "status": "NORMAL", "hasAnomaly": 0, "severity": "NONE"}}, {"type": "Feature", "geometry": {"type": "Point", "coordinates": [13.1041, 55.5451]}, "properties": {"id": "ATHER-ZEU-1184", "name": "Malm\u00c3\u00b6", "town": "Malm\u00c3\u00b6, Oxie, Sweden, Europe", "country": "Europe", "temperature": null, "pressure": null, "humidity": null, "windSpeed": null, "windDirection": null, "condition": "Offline", "timestamp": "Offline", "status": "OFFLINE", "hasAnomaly": 0, "severity": "NONE"}}, {"type": "Feature", "geometry": {"type": "Point", "coordinates": [20.3175, 63.7054]}, "properties": {"id": "ATHER-ZEU-1185", "name": "Obbola", "town": "Obbola, Nyvik, Sweden, Europe", "country": "Europe", "temperature": null, "pressure": null, "humidity": null, "windSpeed": null, "windDirection": null, "condition": "Offline", "timestamp": "Offline", "status": "OFFLINE", "hasAnomaly": 0, "severity": "NONE"}}, {"type": "Feature", "geometry": {"type": "Point", "coordinates": [12.988, 56.8008]}, "properties": {"id": "ATHER-ZEU-1186", "name": "Oskarstr\u00c3\u00b6m", "town": "Oskarstr\u00c3\u00b6m, Sweden, Europe", "country": "Europe", "temperature": 13.0, "pressure": 1016.5, "humidity": 86, "windSpeed": 0.0, "windDirection": "W", "condition": "Mostly Clear", "timestamp": "22:40:57 CEST", "status": "NORMAL", "hasAnomaly": 0, "severity": "NONE"}}, {"type": "Feature", "geometry": {"type": "Point", "coordinates": [12.74, 55.999]}, "properties": {"id": "ATHER-ZEU-1187", "name": "R\u00c3\u00a5\u00c3\u00a5", "town": "R\u00c3\u00a5\u00c3\u00a5, Sweden, Europe", "country": "Europe", "temperature": 13.0, "pressure": 1013.0, "humidity": 100, "windSpeed": 0.0, "windDirection": "WSW", "condition": "Clear", "timestamp": "22:40:15 CEST", "status": "NORMAL", "hasAnomaly": 0, "severity": "NONE"}}, {"type": "Feature", "geometry": {"type": "Point", "coordinates": [13.635, 55.6584]}, "properties": {"id": "ATHER-ZEU-1188", "name": "Sj\u00c3\u00b6bo", "town": "Sj\u00c3\u00b6bo, Bj\u00c3\u00b6rka, Sweden, Europe", "country": "Europe", "temperature": 13.0, "pressure": 1012.3, "humidity": 95, "windSpeed": 0.0, "windDirection": "W", "condition": "Rain", "timestamp": "22:40:30 CEST", "status": "NORMAL", "hasAnomaly": 0, "severity": "NONE"}}, {"type": "Feature", "geometry": {"type": "Point", "coordinates": [13.27, 58.4083]}, "properties": {"id": "ATHER-ZEU-1189", "name": "Skara", "town": "Skara, Hassl\u00c3\u00b6sa, Sweden, Europe", "country": "Europe", "temperature": 8.0, "pressure": 1005.2, "humidity": 85, "windSpeed": 2.2, "windDirection": "NE", "condition": "Cloudy", "timestamp": "22:40:55 CEST", "status": "NORMAL", "hasAnomaly": 0, "severity": "NONE"}}, {"type": "Feature", "geometry": {"type": "Point", "coordinates": [13.77, 58.4864]}, "properties": {"id": "ATHER-ZEU-1190", "name": "Sk\u00c3\u00b6vde", "town": "Sk\u00c3\u00b6vde, Berg, Sweden, Europe", "country": "Europe", "temperature": 9.0, "pressure": 1009.8, "humidity": 91, "windSpeed": 0.0, "windDirection": "W", "condition": "nt_mostlycloudy", "timestamp": "22:40:20 CEST", "status": "NORMAL", "hasAnomaly": 0, "severity": "NONE"}}, {"type": "Feature", "geometry": {"type": "Point", "coordinates": [12.65, 56.85]}, "properties": {"id": "ATHER-ZEU-1191", "name": "Sl\u00c3\u00b6inge", "town": "Sl\u00c3\u00b6inge, Eftra, Sweden, Europe", "country": "Europe", "temperature": null, "pressure": null, "humidity": null, "windSpeed": null, "windDirection": null, "condition": "Offline", "timestamp": "Offline", "status": "OFFLINE", "hasAnomaly": 0, "severity": "NONE"}}, {"type": "Feature", "geometry": {"type": "Point", "coordinates": [17.91, 59.4572]}, "properties": {"id": "ATHER-ZEU-1192", "name": "Sollentuna", "town": "Sollentuna, Viby, Sweden, Europe", "country": "Europe", "temperature": 12.0, "pressure": 1006.3, "humidity": 92, "windSpeed": 3.2, "windDirection": "WNW", "condition": "Clear", "timestamp": "22:40:44 CEST", "status": "NORMAL", "hasAnomaly": 0, "severity": "NONE"}}, {"type": "Feature", "geometry": {"type": "Point", "coordinates": [13.1072, 56.0563]}, "properties": {"id": "ATHER-ZEU-1193", "name": "Stenestad", "town": "Stenestad, Sweden, Europe", "country": "Europe", "temperature": 12.0, "pressure": 1011.6, "humidity": 96, "windSpeed": 0.0, "windDirection": "W", "condition": "Light Rain", "timestamp": "22:40:58 CEST", "status": "NORMAL", "hasAnomaly": 0, "severity": "NONE"}}, {"type": "Feature", "geometry": {"type": "Point", "coordinates": [17.1283, 65.0955]}, "properties": {"id": "ATHER-ZEU-1194", "name": "Storuman", "town": "Storuman, Norrbacka, Sweden, Europe", "country": "Europe", "temperature": 10.0, "pressure": 1002.2, "humidity": 83, "windSpeed": 4.7, "windDirection": "N", "condition": "Clear", "timestamp": "22:40:58 CEST", "status": "NORMAL", "hasAnomaly": 0, "severity": "NONE"}}, {"type": "Feature", "geometry": {"type": "Point", "coordinates": [15.9428, 63.8222]}, "properties": {"id": "ATHER-ZEU-1195", "name": "Str\u00c3\u00b6msund", "town": "Str\u00c3\u00b6msund, \u00c3\u0096ster\u00c3\u00a5sen, Sweden, Europe", "country": "Europe", "temperature": null, "pressure": null, "humidity": null, "windSpeed": null, "windDirection": null, "condition": "Offline", "timestamp": "Offline", "status": "OFFLINE", "hasAnomaly": 0, "severity": "NONE"}}, {"type": "Feature", "geometry": {"type": "Point", "coordinates": [17.26, 62.44]}, "properties": {"id": "ATHER-ZEU-1196", "name": "Sundsvall", "town": "Sundsvall, Gudmundsbyn, Sweden, Europe", "country": "Europe", "temperature": 13.0, "pressure": 1004.0, "humidity": 74, "windSpeed": 8.6, "windDirection": "0", "condition": "Clear", "timestamp": "22:40:48 CEST", "status": "NORMAL", "hasAnomaly": 0, "severity": "NONE"}}, {"type": "Feature", "geometry": {"type": "Point", "coordinates": [11.947, 57.5222]}, "properties": {"id": "ATHER-ZEU-1197", "name": "S\u00c3\u00a4r\u00c3\u00b6", "town": "S\u00c3\u00a4r\u00c3\u00b6, Budsk\u00c3\u00a4r, Sweden, Europe", "country": "Europe", "temperature": 11.0, "pressure": 1010.3, "humidity": 83, "windSpeed": 0.0, "windDirection": "NNW", "condition": "Clear", "timestamp": "22:41:00 CEST", "status": "NORMAL", "hasAnomaly": 0, "severity": "NONE"}}, {"type": "Feature", "geometry": {"type": "Point", "coordinates": [16.1, 57.5778]}, "properties": {"id": "ATHER-ZEU-1198", "name": "Tuna", "town": "Tuna, Furuvik, Sweden, Europe", "country": "Europe", "temperature": null, "pressure": 0.0, "humidity": 68, "windSpeed": null, "windDirection": "CALM", "condition": "Clear", "timestamp": "22:40:53 CEST", "status": "ANOMALY", "hasAnomaly": 1, "severity": "HIGH"}}, {"type": "Feature", "geometry": {"type": "Point", "coordinates": [14.8963, 58.4474]}, "properties": {"id": "ATHER-ZEU-1199", "name": "Vadstena", "town": "Vadstena, Sweden, Europe", "country": "Europe", "temperature": 14.0, "pressure": 1010.0, "humidity": 80, "windSpeed": 0.0, "windDirection": "0", "condition": "Clear", "timestamp": "22:40:59 CEST", "status": "NORMAL", "hasAnomaly": 0, "severity": "NONE"}}, {"type": "Feature", "geometry": {"type": "Point", "coordinates": [18.6555, 59.3722]}, "properties": {"id": "ATHER-ZEU-1200", "name": "V\u00c3\u00a4rmd\u00c3\u00b6", "town": "V\u00c3\u00a4rmd\u00c3\u00b6, Abborrkroken, Sweden, Europe", "country": "Europe", "temperature": 12.0, "pressure": 1005.5, "humidity": 89, "windSpeed": 2.2, "windDirection": "W", "condition": "Clear", "timestamp": "22:45:05 CEST", "status": "NORMAL", "hasAnomaly": 0, "severity": "NONE"}}, {"type": "Feature", "geometry": {"type": "Point", "coordinates": [15.09, 56.8997]}, "properties": {"id": "ATHER-ZEU-1201", "name": "V\u00c3\u00a4xj\u00c3\u00b6", "town": "V\u00c3\u00a4xj\u00c3\u00b6, Attsj\u00c3\u00b6, Sweden, Europe", "country": "Europe", "temperature": 13.0, "pressure": 1007.9, "humidity": 86, "windSpeed": 1.8, "windDirection": "0", "condition": "Clear", "timestamp": "22:33:33 CEST", "status": "NORMAL", "hasAnomaly": 0, "severity": "NONE"}}, {"type": "Feature", "geometry": {"type": "Point", "coordinates": [14.79, 56.8686]}, "properties": {"id": "ATHER-ZEU-1202", "name": "V\u00c3\u00a4xj\u00c3\u00b6", "town": "V\u00c3\u00a4xj\u00c3\u00b6, Biskopshagen, Sweden, Europe", "country": "Europe", "temperature": 20.0, "pressure": 1010.0, "humidity": 38, "windSpeed": 1.1, "windDirection": "N", "condition": "Clear", "timestamp": "22:39:22 CEST", "status": "NORMAL", "hasAnomaly": 0, "severity": "NONE"}}, {"type": "Feature", "geometry": {"type": "Point", "coordinates": [16.4638, 56.645]}, "properties": {"id": "ATHER-ZEU-1203", "name": "\u00c3\u0096land", "town": "\u00c3\u0096land, F\u00c3\u00a4rjestaden, Sweden, Europe", "country": "Europe", "temperature": 17.0, "pressure": 1009.8, "humidity": 76, "windSpeed": 0.0, "windDirection": "SSW", "condition": "Clear", "timestamp": "22:40:56 CEST", "status": "NORMAL", "hasAnomaly": 0, "severity": "NONE"}}, {"type": "Feature", "geometry": {"type": "Point", "coordinates": [18.7912, 63.2686]}, "properties": {"id": "ATHER-ZEU-1204", "name": "\u00c3\u0096rnsk\u00c3\u00b6ldsvik", "town": "\u00c3\u0096rnsk\u00c3\u00b6ldsvik, Bodum, Sweden, Europe", "country": "Europe", "temperature": 14.0, "pressure": 1001.7, "humidity": 70, "windSpeed": 2.5, "windDirection": "NW", "condition": "Cloudy", "timestamp": "22:40:43 CEST", "status": "NORMAL", "hasAnomaly": 0, "severity": "NONE"}}, {"type": "Feature", "geometry": {"type": "Point", "coordinates": [8.02907, 46.7546]}, "properties": {"id": "ATHER-ZEU-1205", "name": "Brienz", "town": "Brienz, Switzerland, Europe", "country": "Europe", "temperature": null, "pressure": null, "humidity": null, "windSpeed": null, "windDirection": null, "condition": "Offline", "timestamp": "Offline", "status": "OFFLINE", "hasAnomaly": 0, "severity": "NONE"}}, {"type": "Feature", "geometry": {"type": "Point", "coordinates": [7.01, 46.54]}, "properties": {"id": "ATHER-ZEU-1206", "name": "Domdidier", "town": "Domdidier, Switzerland, Europe", "country": "Europe", "temperature": null, "pressure": null, "humidity": null, "windSpeed": null, "windDirection": null, "condition": "Offline", "timestamp": "Offline", "status": "OFFLINE", "hasAnomaly": 0, "severity": "NONE"}}, {"type": "Feature", "geometry": {"type": "Point", "coordinates": [8.33351, 47.4432]}, "properties": {"id": "ATHER-ZEU-1207", "name": "Neuenhof", "town": "Neuenhof, Switzerland, Europe", "country": "Europe", "temperature": 20.0, "pressure": 1012.2, "humidity": 70, "windSpeed": 0.0, "windDirection": "NNW", "condition": "Partly Cloudy", "timestamp": "22:38:27 CEST", "status": "NORMAL", "hasAnomaly": 0, "severity": "NONE"}}, {"type": "Feature", "geometry": {"type": "Point", "coordinates": [8.87, 47.265]}, "properties": {"id": "ATHER-ZEU-1208", "name": "R\u00c3\u00bcti", "town": "R\u00c3\u00bcti, Switzerland, Europe", "country": "Europe", "temperature": 21.0, "pressure": 1013.6, "humidity": 57, "windSpeed": 6.8, "windDirection": "ENE", "condition": "Partly Cloudy", "timestamp": "22:40:55 CEST", "status": "NORMAL", "hasAnomaly": 0, "severity": "NONE"}}, {"type": "Feature", "geometry": {"type": "Point", "coordinates": [6.91434, 46.7464]}, "properties": {"id": "ATHER-ZEU-1209", "name": "Villarzel", "town": "Villarzel, Switzerland, Europe", "country": "Europe", "temperature": 22.0, "pressure": 1012.2, "humidity": 48, "windSpeed": 14.0, "windDirection": "SE", "condition": "Partly Cloudy", "timestamp": "22:41:01 CEST", "status": "NORMAL", "hasAnomaly": 0, "severity": "NONE"}}, {"type": "Feature", "geometry": {"type": "Point", "coordinates": [-5.93, 54.597]}, "properties": {"id": "ATHER-UKW-1210", "name": "Belfast", "town": "Belfast, Antrim, United Kingdom, Europe", "country": "Europe", "temperature": 16.0, "pressure": 1002.9, "humidity": 94, "windSpeed": 0.0, "windDirection": "WNW", "condition": "Mostly Cloudy", "timestamp": "21:42:15 BST", "status": "NORMAL", "hasAnomaly": 0, "severity": "NONE"}}, {"type": "Feature", "geometry": {"type": "Point", "coordinates": [-1.51302, 50.9098]}, "properties": {"id": "ATHER-ZEU-1211", "name": "Ashurst Bridge", "town": "Ashurst Bridge, United Kingdom, Europe", "country": "Europe", "temperature": null, "pressure": null, "humidity": null, "windSpeed": null, "windDirection": null, "condition": "Offline", "timestamp": "Offline", "status": "OFFLINE", "hasAnomaly": 0, "severity": "NONE"}}, {"type": "Feature", "geometry": {"type": "Point", "coordinates": [-2.5764, 51.5]}, "properties": {"id": "ATHER-UKW-1212", "name": "Filton", "town": "Filton, Avon, United Kingdom, Europe", "country": "Europe", "temperature": 17.0, "pressure": 1006.7, "humidity": 91, "windSpeed": 1.6, "windDirection": "SW", "condition": "Overcast", "timestamp": "21:42:33 BST", "status": "NORMAL", "hasAnomaly": 0, "severity": "NONE"}}, {"type": "Feature", "geometry": {"type": "Point", "coordinates": [-5.31764, 57.8621]}, "properties": {"id": "ATHER-ZEU-1213", "name": "Badbea", "town": "Badbea, United Kingdom, Europe", "country": "Europe", "temperature": 13.0, "pressure": 1002.1, "humidity": 89, "windSpeed": 0.0, "windDirection": "NNE", "condition": "Rain", "timestamp": "22:40:57 CEST", "status": "NORMAL", "hasAnomaly": 0, "severity": "NONE"}}, {"type": "Feature", "geometry": {"type": "Point", "coordinates": [-0.8512319, 51.4271282]}, "properties": {"id": "ATHER-UKW-1214", "name": "Wokingham", "town": "Wokingham, Berkshire, United Kingdom, Europe", "country": "Europe", "temperature": 16.0, "pressure": 1007.0, "humidity": 92, "windSpeed": 3.2, "windDirection": "S", "condition": "Mostly Cloudy", "timestamp": "21:41:50 BST", "status": "NORMAL", "hasAnomaly": 0, "severity": "NONE"}}, {"type": "Feature", "geometry": {"type": "Point", "coordinates": [-0.835, 50.795]}, "properties": {"id": "ATHER-ZEU-1215", "name": "Birdham", "town": "Birdham, United Kingdom, Europe", "country": "Europe", "temperature": null, "pressure": null, "humidity": null, "windSpeed": null, "windDirection": null, "condition": "Offline", "timestamp": "Offline", "status": "OFFLINE", "hasAnomaly": 0, "severity": "NONE"}}, {"type": "Feature", "geometry": {"type": "Point", "coordinates": [-2.59663, 51.3321]}, "properties": {"id": "ATHER-ZEU-1216", "name": "Bishop Sutton", "town": "Bishop Sutton, United Kingdom, Europe", "country": "Europe", "temperature": null, "pressure": null, "humidity": null, "windSpeed": null, "windDirection": null, "condition": "Offline", "timestamp": "Offline", "status": "OFFLINE", "hasAnomaly": 0, "severity": "NONE"}}, {"type": "Feature", "geometry": {"type": "Point", "coordinates": [0.057, 52.456]}, "properties": {"id": "ATHER-UKW-1217", "name": "Chatteris", "town": "Chatteris, Cambridgeshire, United Kingdom, Europe", "country": "Europe", "temperature": 18.0, "pressure": 1005.8, "humidity": 82, "windSpeed": 6.4, "windDirection": "SSW", "condition": "Reported", "timestamp": "21:40:42 BST", "status": "NORMAL", "hasAnomaly": 0, "severity": "NONE"}}, {"type": "Feature", "geometry": {"type": "Point", "coordinates": [-5.19848, 50.1642]}, "properties": {"id": "ATHER-ZEU-1218", "name": "Carnkie", "town": "Carnkie, United Kingdom, Europe", "country": "Europe", "temperature": 15.0, "pressure": 1007.5, "humidity": 98, "windSpeed": 5.8, "windDirection": "S", "condition": "Partly Cloudy", "timestamp": "22:40:13 CEST", "status": "NORMAL", "hasAnomaly": 0, "severity": "NONE"}}, {"type": "Feature", "geometry": {"type": "Point", "coordinates": [0.05771, 52.4562]}, "properties": {"id": "ATHER-ZEU-1219", "name": "Chatteris", "town": "Chatteris, Cambridgeshire, United Kingdom, Europe", "country": "Europe", "temperature": 18.0, "pressure": 1005.8, "humidity": 82, "windSpeed": 3.2, "windDirection": "SSW", "condition": "nt_mostlycloudy", "timestamp": "22:40:52 CEST", "status": "NORMAL", "hasAnomaly": 0, "severity": "NONE"}}, {"type": "Feature", "geometry": {"type": "Point", "coordinates": [0.4999, 51.7354]}, "properties": {"id": "ATHER-ZEU-1220", "name": "Chelmsford", "town": "Chelmsford, United Kingdom, Europe", "country": "Europe", "temperature": 17.0, "pressure": 1007.1, "humidity": 78, "windSpeed": 3.6, "windDirection": "SSW", "condition": "Partly Cloudy", "timestamp": "22:40:57 CEST", "status": "NORMAL", "hasAnomaly": 0, "severity": "NONE"}}, {"type": "Feature", "geometry": {"type": "Point", "coordinates": [-1.292843, 54.588912]}, "properties": {"id": "ATHER-UKW-1221", "name": "Billingham", "town": "Billingham, Cleveland, United Kingdom, Europe", "country": "Europe", "temperature": 19.0, "pressure": 1004.8, "humidity": 86, "windSpeed": 0.0, "windDirection": "SE", "condition": "Clear", "timestamp": "21:37:38 BST", "status": "NORMAL", "hasAnomaly": 0, "severity": "NONE"}}, {"type": "Feature", "geometry": {"type": "Point", "coordinates": [-5.671, 54.634]}, "properties": {"id": "ATHER-UKW-1222", "name": "Conlig", "town": "Conlig, Co. Down, United Kingdom, Europe", "country": "Europe", "temperature": 15.0, "pressure": 1004.9, "humidity": 94, "windSpeed": 3.2, "windDirection": "NNW", "condition": "Mostly Cloudy", "timestamp": "21:42:33 BST", "status": "NORMAL", "hasAnomaly": 0, "severity": "NONE"}}, {"type": "Feature", "geometry": {"type": "Point", "coordinates": [-3.727627, 53.293182]}, "properties": {"id": "ATHER-UKW-1223", "name": "Colwyn Bay", "town": "Colwyn Bay, Conwy, United Kingdom, Europe", "country": "Europe", "temperature": 16.0, "pressure": 1004.7, "humidity": 96, "windSpeed": 8.0, "windDirection": "WNW", "condition": "Clear", "timestamp": "21:42:35 BST", "status": "NORMAL", "hasAnomaly": 0, "severity": "NONE"}}, {"type": "Feature", "geometry": {"type": "Point", "coordinates": [-2.023, 50.773]}, "properties": {"id": "ATHER-ZEU-1224", "name": "Corfe Mullen", "town": "Corfe Mullen, United Kingdom, Europe", "country": "Europe", "temperature": 16.0, "pressure": 1007.5, "humidity": 98, "windSpeed": 0.0, "windDirection": "0", "condition": "Partly Cloudy", "timestamp": "22:40:53 CEST", "status": "NORMAL", "hasAnomaly": 0, "severity": "NONE"}}, {"type": "Feature", "geometry": {"type": "Point", "coordinates": [-5.08392, 50.41377]}, "properties": {"id": "ATHER-UKW-1225", "name": "Newquay", "town": "Newquay, Cornwall, United Kingdom, Europe", "country": "Europe", "temperature": 16.0, "pressure": 1006.0, "humidity": 93, "windSpeed": 4.8, "windDirection": "SSW", "condition": "Overcast", "timestamp": "21:42:37 BST", "status": "NORMAL", "hasAnomaly": 0, "severity": "NONE"}}, {"type": "Feature", "geometry": {"type": "Point", "coordinates": [-2.73816, 54.94204]}, "properties": {"id": "ATHER-UKW-1226", "name": "Brampton", "town": "Brampton, Cumbria, United Kingdom, Europe", "country": "Europe", "temperature": 17.0, "pressure": 1005.3, "humidity": 86, "windSpeed": 1.6, "windDirection": "S", "condition": "light Rain +Mist", "timestamp": "21:41:49 BST", "status": "NORMAL", "hasAnomaly": 0, "severity": "NONE"}}, {"type": "Feature", "geometry": {"type": "Point", "coordinates": [-2.7186, 54.63085]}, "properties": {"id": "ATHER-UKW-1227", "name": "Penrith", "town": "Penrith, Cumbria, United Kingdom, Europe", "country": "Europe", "temperature": 18.0, "pressure": 1003.7, "humidity": 99, "windSpeed": 0.0, "windDirection": "SW", "condition": "Reported", "timestamp": "21:42:28 BST", "status": "NORMAL", "hasAnomaly": 0, "severity": "NONE"}}, {"type": "Feature", "geometry": {"type": "Point", "coordinates": [-2.675, 54.52528]}, "properties": {"id": "ATHER-UKW-1228", "name": "Shap", "town": "Shap, Cumbria, United Kingdom, Europe", "country": "Europe", "temperature": 18.0, "pressure": 1004.9, "humidity": 92, "windSpeed": 3.2, "windDirection": "S", "condition": "Partly Cloudy", "timestamp": "21:41:59 BST", "status": "NORMAL", "hasAnomaly": 0, "severity": "NONE"}}, {"type": "Feature", "geometry": {"type": "Point", "coordinates": [-1.991111, 53.3325]}, "properties": {"id": "ATHER-UKW-1229", "name": "Whaley Bridge", "town": "Whaley Bridge, Derbyshire, United Kingdom, Europe", "country": "Europe", "temperature": 17.0, "pressure": 1005.7, "humidity": 90, "windSpeed": 0.0, "windDirection": "E", "condition": "Showers", "timestamp": "21:42:01 BST", "status": "NORMAL", "hasAnomaly": 0, "severity": "NONE"}}, {"type": "Feature", "geometry": {"type": "Point", "coordinates": [-3.1886, 50.7994]}, "properties": {"id": "ATHER-UKW-1230", "name": "Honiton", "town": "Honiton, Devon, United Kingdom, Europe", "country": "Europe", "temperature": 16.0, "pressure": 1006.1, "humidity": 94, "windSpeed": 3.2, "windDirection": "WSW", "condition": "Nearby Showers", "timestamp": "21:41:56 BST", "status": "NORMAL", "hasAnomaly": 0, "severity": "NONE"}}, {"type": "Feature", "geometry": {"type": "Point", "coordinates": [-4.1439, 50.406]}, "properties": {"id": "ATHER-UKW-1231", "name": "Plymouth", "town": "Plymouth, Devon, United Kingdom, Europe", "country": "Europe", "temperature": 16.0, "pressure": 1006.8, "humidity": 94, "windSpeed": 6.4, "windDirection": "WSW", "condition": "Showers", "timestamp": "21:37:23 BST", "status": "NORMAL", "hasAnomaly": 0, "severity": "NONE"}}, {"type": "Feature", "geometry": {"type": "Point", "coordinates": [1.02538, 52.3957]}, "properties": {"id": "ATHER-ZEU-1232", "name": "Diss", "town": "Diss, United Kingdom, Europe", "country": "Europe", "temperature": null, "pressure": null, "humidity": null, "windSpeed": null, "windDirection": null, "condition": "Offline", "timestamp": "Offline", "status": "OFFLINE", "hasAnomaly": 0, "severity": "NONE"}}, {"type": "Feature", "geometry": {"type": "Point", "coordinates": [-2.113, 50.687]}, "properties": {"id": "ATHER-UKW-1233", "name": "Wareham", "town": "Wareham, Dorset, United Kingdom, Europe", "country": "Europe", "temperature": 16.0, "pressure": 1006.4, "humidity": 95, "windSpeed": 1.6, "windDirection": "W", "condition": "Shallow Fog", "timestamp": "21:42:40 BST", "status": "NORMAL", "hasAnomaly": 0, "severity": "NONE"}}, {"type": "Feature", "geometry": {"type": "Point", "coordinates": [-1.29017, 52.3425]}, "properties": {"id": "ATHER-ZEU-1234", "name": "Dunchurch", "town": "Dunchurch, United Kingdom, Europe", "country": "Europe", "temperature": 16.0, "pressure": 1005.7, "humidity": 95, "windSpeed": 0.0, "windDirection": "SSE", "condition": "Partly Cloudy", "timestamp": "22:40:48 CEST", "status": "NORMAL", "hasAnomaly": 0, "severity": "NONE"}}, {"type": "Feature", "geometry": {"type": "Point", "coordinates": [0.82295, 51.62458]}, "properties": {"id": "ATHER-UKW-1235", "name": "Burnham-on-Crouch", "town": "Burnham-on-Crouch, Essex, United Kingdom, Europe", "country": "Europe", "temperature": 19.0, "pressure": 1006.1, "humidity": 75, "windSpeed": 0.0, "windDirection": "SW", "condition": "Clear", "timestamp": "21:42:43 BST", "status": "NORMAL", "hasAnomaly": 0, "severity": "NONE"}}, {"type": "Feature", "geometry": {"type": "Point", "coordinates": [0.583, 51.518]}, "properties": {"id": "ATHER-UKW-1236", "name": "Canvey Island", "town": "Canvey Island, Essex, United Kingdom, Europe", "country": "Europe", "temperature": 19.0, "pressure": 1006.4, "humidity": 75, "windSpeed": 1.6, "windDirection": "SW", "condition": "Mostly Cloudy", "timestamp": "21:42:39 BST", "status": "NORMAL", "hasAnomaly": 0, "severity": "NONE"}}, {"type": "Feature", "geometry": {"type": "Point", "coordinates": [0.47109, 51.71097]}, "properties": {"id": "ATHER-UKW-1237", "name": "Chelmsford", "town": "Chelmsford, Essex, United Kingdom, Europe", "country": "Europe", "temperature": 18.0, "pressure": 1006.3, "humidity": 75, "windSpeed": 3.2, "windDirection": "SW", "condition": "Reported", "timestamp": "21:42:11 BST", "status": "NORMAL", "hasAnomaly": 0, "severity": "NONE"}}, {"type": "Feature", "geometry": {"type": "Point", "coordinates": [0.3585043, 51.6317337]}, "properties": {"id": "ATHER-UKW-1238", "name": "Hutton", "town": "Hutton, Essex, United Kingdom, Europe", "country": "Europe", "temperature": 17.0, "pressure": 1007.1, "humidity": 88, "windSpeed": 0.0, "windDirection": "S", "condition": "Mostly Cloudy", "timestamp": "21:42:39 BST", "status": "NORMAL", "hasAnomaly": 0, "severity": "NONE"}}, {"type": "Feature", "geometry": {"type": "Point", "coordinates": [0.59, 51.57]}, "properties": {"id": "ATHER-UKW-1239", "name": "Rayleigh", "town": "Rayleigh, Essex, United Kingdom, Europe", "country": "Europe", "temperature": null, "pressure": null, "humidity": null, "windSpeed": null, "windDirection": null, "condition": "Offline", "timestamp": "Offline", "status": "OFFLINE", "hasAnomaly": 0, "severity": "NONE"}}, {"type": "Feature", "geometry": {"type": "Point", "coordinates": [-3.246776, 53.232886]}, "properties": {"id": "ATHER-UKW-1240", "name": "Lixwm", "town": "Lixwm, Flintshire, United Kingdom, Europe", "country": "Europe", "temperature": null, "pressure": null, "humidity": null, "windSpeed": null, "windDirection": null, "condition": "Offline", "timestamp": "Offline", "status": "OFFLINE", "hasAnomaly": 0, "severity": "NONE"}}, {"type": "Feature", "geometry": {"type": "Point", "coordinates": [-3.038935, 53.205775]}, "properties": {"id": "ATHER-UKW-1241", "name": "Shotton", "town": "Shotton, Flintshire, United Kingdom, Europe", "country": "Europe", "temperature": null, "pressure": null, "humidity": null, "windSpeed": null, "windDirection": null, "condition": "Offline", "timestamp": "Offline", "status": "OFFLINE", "hasAnomaly": 0, "severity": "NONE"}}, {"type": "Feature", "geometry": {"type": "Point", "coordinates": [1.135, 51.088]}, "properties": {"id": "ATHER-ZEU-1242", "name": "Folkestone", "town": "Folkestone, United Kingdom, Europe", "country": "Europe", "temperature": 19.0, "pressure": 1006.2, "humidity": 94, "windSpeed": 1.4, "windDirection": "SW", "condition": "Mostly Clear", "timestamp": "22:40:19 CEST", "status": "NORMAL", "hasAnomaly": 0, "severity": "NONE"}}, {"type": "Feature", "geometry": {"type": "Point", "coordinates": [-2.13086, 51.89709]}, "properties": {"id": "ATHER-UKW-1243", "name": "Cheltenham", "town": "Cheltenham, Gloucestershire, United Kingdom, Europe", "country": "Europe", "temperature": 17.0, "pressure": 1005.0, "humidity": 97, "windSpeed": 1.6, "windDirection": "SE", "condition": "Few Clouds", "timestamp": "21:42:39 BST", "status": "NORMAL", "hasAnomaly": 0, "severity": "NONE"}}, {"type": "Feature", "geometry": {"type": "Point", "coordinates": [-1.98, 51.711]}, "properties": {"id": "ATHER-UKW-1244", "name": "Cirencester", "town": "Cirencester, Gloucestershire, United Kingdom, Europe", "country": "Europe", "temperature": 17.0, "pressure": 991.1, "humidity": 100, "windSpeed": 1.6, "windDirection": "SSE", "condition": "Clear", "timestamp": "21:42:39 BST", "status": "NORMAL", "hasAnomaly": 0, "severity": "NONE"}}, {"type": "Feature", "geometry": {"type": "Point", "coordinates": [0.0278666, 51.53477859]}, "properties": {"id": "ATHER-UKW-1245", "name": "Newham", "town": "Newham, Greater London, United Kingdom, Europe", "country": "Europe", "temperature": 18.0, "pressure": 1006.9, "humidity": 86, "windSpeed": 4.8, "windDirection": "SSE", "condition": "Rain", "timestamp": "21:42:41 BST", "status": "NORMAL", "hasAnomaly": 0, "severity": "NONE"}}, {"type": "Feature", "geometry": {"type": "Point", "coordinates": [-1.508, 50.908]}, "properties": {"id": "ATHER-UKW-1246", "name": "Ashurst", "town": "Ashurst, Hampshire, United Kingdom, Europe", "country": "Europe", "temperature": 16.0, "pressure": 1005.8, "humidity": 94, "windSpeed": 0.0, "windDirection": "N", "condition": "Mostly Cloudy", "timestamp": "21:42:34 BST", "status": "NORMAL", "hasAnomaly": 0, "severity": "NONE"}}, {"type": "Feature", "geometry": {"type": "Point", "coordinates": [-0.5137, 51.144]}, "properties": {"id": "ATHER-UKW-1247", "name": "Crondall", "town": "Crondall, Hampshire, United Kingdom, Europe", "country": "Europe", "temperature": 16.0, "pressure": 1006.6, "humidity": 93, "windSpeed": 0.0, "windDirection": "S", "condition": "Overcast", "timestamp": "21:42:41 BST", "status": "NORMAL", "hasAnomaly": 0, "severity": "NONE"}}, {"type": "Feature", "geometry": {"type": "Point", "coordinates": [-1.789167, 50.931389]}, "properties": {"id": "ATHER-UKW-1248", "name": "Fordingbridge", "town": "Fordingbridge, Hampshire, United Kingdom, Europe", "country": "Europe", "temperature": 16.0, "pressure": 1006.2, "humidity": 95, "windSpeed": 0.0, "windDirection": "N", "condition": "Shallow Fog", "timestamp": "21:42:19 BST", "status": "NORMAL", "hasAnomaly": 0, "severity": "NONE"}}, {"type": "Feature", "geometry": {"type": "Point", "coordinates": [-1.1361, 50.7819]}, "properties": {"id": "ATHER-UKW-1249", "name": "Gosport", "town": "Gosport, Hampshire, United Kingdom, Europe", "country": "Europe", "temperature": 18.0, "pressure": 1006.8, "humidity": 91, "windSpeed": 3.2, "windDirection": "SW", "condition": "Overcast", "timestamp": "21:42:42 BST", "status": "NORMAL", "hasAnomaly": 0, "severity": "NONE"}}, {"type": "Feature", "geometry": {"type": "Point", "coordinates": [-3.29022, 50.705]}, "properties": {"id": "ATHER-ZEU-1250", "name": "Harpford", "town": "Harpford, United Kingdom, Europe", "country": "Europe", "temperature": 16.0, "pressure": 1006.2, "humidity": 94, "windSpeed": 1.8, "windDirection": "NE", "condition": "Partly Cloudy", "timestamp": "22:41:01 CEST", "status": "NORMAL", "hasAnomaly": 0, "severity": "NONE"}}, {"type": "Feature", "geometry": {"type": "Point", "coordinates": [-2.660501, 51.96362]}, "properties": {"id": "ATHER-UKW-1251", "name": "Hoarwithy", "town": "Hoarwithy, Herefordshire, United Kingdom, Europe", "country": "Europe", "temperature": 17.0, "pressure": 1005.1, "humidity": 95, "windSpeed": 0.0, "windDirection": "S", "condition": "Reported", "timestamp": "21:42:42 BST", "status": "NORMAL", "hasAnomaly": 0, "severity": "NONE"}}, {"type": "Feature", "geometry": {"type": "Point", "coordinates": [2.51, 57.15]}, "properties": {"id": "ATHER-ZEU-1252", "name": "Inverurie", "town": "Inverurie, United Kingdom, Europe", "country": "Europe", "temperature": 12.0, "pressure": 1007.7, "humidity": 97, "windSpeed": 0.0, "windDirection": "NE", "condition": "Partly Cloudy", "timestamp": "22:41:01 CEST", "status": "NORMAL", "hasAnomaly": 0, "severity": "NONE"}}, {"type": "Feature", "geometry": {"type": "Point", "coordinates": [-1.27048, 50.72038]}, "properties": {"id": "ATHER-UKW-1253", "name": "Newport", "town": "Newport, Isle of Wight, United Kingdom, Europe", "country": "Europe", "temperature": 18.0, "pressure": 1006.9, "humidity": 92, "windSpeed": 0.0, "windDirection": "SW", "condition": "Reported", "timestamp": "21:42:40 BST", "status": "NORMAL", "hasAnomaly": 0, "severity": "NONE"}}, {"type": "Feature", "geometry": {"type": "Point", "coordinates": [1.44, 51.364]}, "properties": {"id": "ATHER-UKW-1254", "name": "Broadstairs", "town": "Broadstairs, Kent, United Kingdom, Europe", "country": "Europe", "temperature": null, "pressure": null, "humidity": null, "windSpeed": null, "windDirection": null, "condition": "Offline", "timestamp": "Offline", "status": "OFFLINE", "hasAnomaly": 0, "severity": "NONE"}}, {"type": "Feature", "geometry": {"type": "Point", "coordinates": [0.44515, 51.34941]}, "properties": {"id": "ATHER-UKW-1255", "name": "Halling", "town": "Halling, Kent, United Kingdom, Europe", "country": "Europe", "temperature": null, "pressure": null, "humidity": null, "windSpeed": null, "windDirection": null, "condition": "Offline", "timestamp": "Offline", "status": "OFFLINE", "hasAnomaly": 0, "severity": "NONE"}}, {"type": "Feature", "geometry": {"type": "Point", "coordinates": [1.052, 51.155]}, "properties": {"id": "ATHER-UKW-1256", "name": "Newenden", "town": "Newenden, Kent, United Kingdom, Europe", "country": "Europe", "temperature": null, "pressure": null, "humidity": null, "windSpeed": null, "windDirection": null, "condition": "Offline", "timestamp": "Offline", "status": "OFFLINE", "hasAnomaly": 0, "severity": "NONE"}}, {"type": "Feature", "geometry": {"type": "Point", "coordinates": [0.771286, 51.43826]}, "properties": {"id": "ATHER-UKW-1257", "name": "Sheerness", "town": "Sheerness, Kent, United Kingdom, Europe", "country": "Europe", "temperature": 18.0, "pressure": 1004.7, "humidity": 72, "windSpeed": 0.0, "windDirection": "NE", "condition": "light Rain", "timestamp": "21:41:58 BST", "status": "NORMAL", "hasAnomaly": 0, "severity": "NONE"}}, {"type": "Feature", "geometry": {"type": "Point", "coordinates": [-0.7976, 54.0582]}, "properties": {"id": "ATHER-ZEU-1258", "name": "Leavening", "town": "Leavening, United Kingdom, Europe", "country": "Europe", "temperature": 18.0, "pressure": 1008.3, "humidity": 92, "windSpeed": 2.5, "windDirection": "WSW", "condition": "Clear", "timestamp": "22:41:04 CEST", "status": "NORMAL", "hasAnomaly": 0, "severity": "NONE"}}, {"type": "Feature", "geometry": {"type": "Point", "coordinates": [-0.077962, 53.559107]}, "properties": {"id": "ATHER-UKW-1259", "name": "Grimsby", "town": "Grimsby, Lincolnshire, United Kingdom, Europe", "country": "Europe", "temperature": 21.0, "pressure": 1006.0, "humidity": 64, "windSpeed": 0.0, "windDirection": "WSW", "condition": "Clear", "timestamp": "21:42:41 BST", "status": "NORMAL", "hasAnomaly": 0, "severity": "NONE"}}, {"type": "Feature", "geometry": {"type": "Point", "coordinates": [-0.437, 52.897]}, "properties": {"id": "ATHER-UKW-1260", "name": "Walcot", "town": "Walcot, Lincolnshire, United Kingdom, Europe", "country": "Europe", "temperature": 17.0, "pressure": 1007.4, "humidity": 93, "windSpeed": 4.8, "windDirection": "SSW", "condition": "Overcast", "timestamp": "21:42:48 BST", "status": "NORMAL", "hasAnomaly": 0, "severity": "NONE"}}, {"type": "Feature", "geometry": {"type": "Point", "coordinates": [0.015272, 51.387204]}, "properties": {"id": "ATHER-UKW-1261", "name": "Bromley", "town": "Bromley, London, United Kingdom, Europe", "country": "Europe", "temperature": 16.0, "pressure": 1006.6, "humidity": 91, "windSpeed": 4.8, "windDirection": "SSE", "condition": "Rain", "timestamp": "21:42:40 BST", "status": "NORMAL", "hasAnomaly": 0, "severity": "NONE"}}, {"type": "Feature", "geometry": {"type": "Point", "coordinates": [-3.00339, 53.35045]}, "properties": {"id": "ATHER-UKW-1262", "name": "Bebington", "town": "Bebington, Merseyside, United Kingdom, Europe", "country": "Europe", "temperature": 18.0, "pressure": 1002.6, "humidity": 63, "windSpeed": 0.0, "windDirection": "E", "condition": "Clear", "timestamp": "21:42:34 BST", "status": "NORMAL", "hasAnomaly": 0, "severity": "NONE"}}, {"type": "Feature", "geometry": {"type": "Point", "coordinates": [-0.72058, 52.0243]}, "properties": {"id": "ATHER-UKW-1263", "name": "Woughton Park", "town": "Woughton Park, Milton Keynes, United Kingdom, Europe", "country": "Europe", "temperature": 16.0, "pressure": 1000.0, "humidity": 87, "windSpeed": 0.0, "windDirection": "SSW", "condition": "Clear", "timestamp": "21:41:58 BST", "status": "NORMAL", "hasAnomaly": 0, "severity": "NONE"}}, {"type": "Feature", "geometry": {"type": "Point", "coordinates": [-1.17135, 52.26143]}, "properties": {"id": "ATHER-UKW-1264", "name": "Daventry", "town": "Daventry, Northamptonshire, United Kingdom, Europe", "country": "Europe", "temperature": null, "pressure": null, "humidity": null, "windSpeed": null, "windDirection": null, "condition": "Offline", "timestamp": "Offline", "status": "OFFLINE", "hasAnomaly": 0, "severity": "NONE"}}, {"type": "Feature", "geometry": {"type": "Point", "coordinates": [-0.8844509, 52.2155037]}, "properties": {"id": "ATHER-UKW-1265", "name": "Hardingstone", "town": "Hardingstone, Northamptonshire, United Kingdom, Europe", "country": "Europe", "temperature": 16.0, "pressure": 1005.0, "humidity": 94, "windSpeed": 1.6, "windDirection": "S", "condition": "Overcast", "timestamp": "21:42:40 BST", "status": "NORMAL", "hasAnomaly": 0, "severity": "NONE"}}, {"type": "Feature", "geometry": {"type": "Point", "coordinates": [-0.596427, 52.278185]}, "properties": {"id": "ATHER-UKW-1266", "name": "Rushden", "town": "Rushden, Northamptonshire, United Kingdom, Europe", "country": "Europe", "temperature": 16.0, "pressure": 1006.0, "humidity": 91, "windSpeed": 0.0, "windDirection": "N", "condition": "Overcast", "timestamp": "21:42:50 BST", "status": "NORMAL", "hasAnomaly": 0, "severity": "NONE"}}, {"type": "Feature", "geometry": {"type": "Point", "coordinates": [-2.036526, 55.776645]}, "properties": {"id": "ATHER-UKW-1267", "name": "Berwick-upon-Tweed", "town": "Berwick-upon-Tweed, Northumberland, United Kingdom, Europe", "country": "Europe", "temperature": 15.0, "pressure": 1006.3, "humidity": 100, "windSpeed": 1.6, "windDirection": "ENE", "condition": "Reported", "timestamp": "21:40:00 BST", "status": "NORMAL", "hasAnomaly": 0, "severity": "NONE"}}, {"type": "Feature", "geometry": {"type": "Point", "coordinates": [-1.2933, 53.0706]}, "properties": {"id": "ATHER-UKW-1268", "name": "Selston", "town": "Selston, Nottinghamshire, United Kingdom, Europe", "country": "Europe", "temperature": 16.0, "pressure": 1005.7, "humidity": 92, "windSpeed": 6.4, "windDirection": "SSE", "condition": "Partly Cloudy", "timestamp": "21:40:04 BST", "status": "NORMAL", "hasAnomaly": 0, "severity": "NONE"}}, {"type": "Feature", "geometry": {"type": "Point", "coordinates": [-0.7739, 51.3522]}, "properties": {"id": "ATHER-ZEU-1269", "name": "Sandhurst", "town": "Sandhurst, United Kingdom, Europe", "country": "Europe", "temperature": 16.0, "pressure": 1007.6, "humidity": 87, "windSpeed": 6.5, "windDirection": "S", "condition": "Cloudy", "timestamp": "22:40:55 CEST", "status": "NORMAL", "hasAnomaly": 0, "severity": "NONE"}}, {"type": "Feature", "geometry": {"type": "Point", "coordinates": [-2.5167, 52.70333]}, "properties": {"id": "ATHER-UKW-1270", "name": "Wellington", "town": "Wellington, Shropshire, United Kingdom, Europe", "country": "Europe", "temperature": 17.0, "pressure": 1004.6, "humidity": 92, "windSpeed": 3.2, "windDirection": "S", "condition": "Overcast", "timestamp": "21:42:53 BST", "status": "NORMAL", "hasAnomaly": 0, "severity": "NONE"}}, {"type": "Feature", "geometry": {"type": "Point", "coordinates": [-2.36, 51.3757]}, "properties": {"id": "ATHER-UKW-1271", "name": "Bath", "town": "Bath, Somerset, United Kingdom, Europe", "country": "Europe", "temperature": 17.0, "pressure": 1006.0, "humidity": 87, "windSpeed": 0.0, "windDirection": "SSE", "condition": "Reported", "timestamp": "21:42:45 BST", "status": "NORMAL", "hasAnomaly": 0, "severity": "NONE"}}, {"type": "Feature", "geometry": {"type": "Point", "coordinates": [-2.5966267, 51.332082]}, "properties": {"id": "ATHER-UKW-1272", "name": "Bishop Sutton", "town": "Bishop Sutton, Somerset, United Kingdom, Europe", "country": "Europe", "temperature": 17.0, "pressure": 1005.6, "humidity": 91, "windSpeed": 0.0, "windDirection": "NW", "condition": "light Rain Showers", "timestamp": "21:34:23 BST", "status": "NORMAL", "hasAnomaly": 0, "severity": "NONE"}}, {"type": "Feature", "geometry": {"type": "Point", "coordinates": [-2.8563, 51.4421]}, "properties": {"id": "ATHER-UKW-1273", "name": "Clevedon", "town": "Clevedon, Somerset, United Kingdom, Europe", "country": "Europe", "temperature": 17.0, "pressure": 1005.9, "humidity": 93, "windSpeed": 0.0, "windDirection": "WNW", "condition": "Overcast", "timestamp": "21:42:50 BST", "status": "NORMAL", "hasAnomaly": 0, "severity": "NONE"}}, {"type": "Feature", "geometry": {"type": "Point", "coordinates": [-2.91316, 51.38413]}, "properties": {"id": "ATHER-UKW-1274", "name": "Wick St Lawrence", "town": "Wick St Lawrence, Somerset, United Kingdom, Europe", "country": "Europe", "temperature": 18.0, "pressure": 1006.3, "humidity": 93, "windSpeed": 0.0, "windDirection": "SW", "condition": "Clear", "timestamp": "21:42:30 BST", "status": "NORMAL", "hasAnomaly": 0, "severity": "NONE"}}, {"type": "Feature", "geometry": {"type": "Point", "coordinates": [-2.673722, 50.972024]}, "properties": {"id": "ATHER-UKW-1275", "name": "Yeovil", "town": "Yeovil, Somerset, United Kingdom, Europe", "country": "Europe", "temperature": 17.0, "pressure": 1005.6, "humidity": 90, "windSpeed": 6.4, "windDirection": "S", "condition": "Overcast", "timestamp": "21:42:48 BST", "status": "NORMAL", "hasAnomaly": 0, "severity": "NONE"}}, {"type": "Feature", "geometry": {"type": "Point", "coordinates": [-1.475167, 53.53141]}, "properties": {"id": "ATHER-UKW-1276", "name": "Worsbrough", "town": "Worsbrough, South Yorkshire, United Kingdom, Europe", "country": "Europe", "temperature": 18.0, "pressure": 1005.2, "humidity": 89, "windSpeed": 1.6, "windDirection": "S", "condition": "Mostly Cloudy", "timestamp": "21:42:52 BST", "status": "NORMAL", "hasAnomaly": 0, "severity": "NONE"}}, {"type": "Feature", "geometry": {"type": "Point", "coordinates": [-2.042492, 53.067482]}, "properties": {"id": "ATHER-UKW-1277", "name": "Cheddleton", "town": "Cheddleton, Staffordshire, United Kingdom, Europe", "country": "Europe", "temperature": 17.0, "pressure": 1006.5, "humidity": 99, "windSpeed": 0.0, "windDirection": "SSE", "condition": "Partly Cloudy", "timestamp": "21:42:30 BST", "status": "NORMAL", "hasAnomaly": 0, "severity": "NONE"}}, {"type": "Feature", "geometry": {"type": "Point", "coordinates": [-1.68986, 52.64844]}, "properties": {"id": "ATHER-UKW-1278", "name": "Tamworth", "town": "Tamworth, Staffordshire, United Kingdom, Europe", "country": "Europe", "temperature": 17.0, "pressure": 1005.3, "humidity": 90, "windSpeed": 6.4, "windDirection": "SSE", "condition": "Clear", "timestamp": "21:02:41 BST", "status": "NORMAL", "hasAnomaly": 0, "severity": "NONE"}}, {"type": "Feature", "geometry": {"type": "Point", "coordinates": [-0.1188, 51.173]}, "properties": {"id": "ATHER-UKW-1279", "name": "Smallfield", "town": "Smallfield, Surrey, United Kingdom, Europe", "country": "Europe", "temperature": null, "pressure": null, "humidity": null, "windSpeed": null, "windDirection": null, "condition": "Offline", "timestamp": "Offline", "status": "OFFLINE", "hasAnomaly": 0, "severity": "NONE"}}, {"type": "Feature", "geometry": {"type": "Point", "coordinates": [-1.209, 54.529]}, "properties": {"id": "ATHER-UKW-1280", "name": "Middlesbrough", "town": "Middlesbrough, Teeside, United Kingdom, Europe", "country": "Europe", "temperature": 18.0, "pressure": 1005.2, "humidity": 90, "windSpeed": 0.0, "windDirection": "E", "condition": "Partly Cloudy", "timestamp": "21:42:45 BST", "status": "NORMAL", "hasAnomaly": 0, "severity": "NONE"}}, {"type": "Feature", "geometry": {"type": "Point", "coordinates": [-1.96823, 51.7185]}, "properties": {"id": "ATHER-ZEU-1281", "name": "The Cotswolds", "town": "The Cotswolds, United Kingdom, Europe", "country": "Europe", "temperature": null, "pressure": 0.0, "humidity": 0, "windSpeed": null, "windDirection": "CALM", "condition": "Partly Cloudy", "timestamp": "22:41:08 CEST", "status": "ANOMALY", "hasAnomaly": 1, "severity": "HIGH"}}, {"type": "Feature", "geometry": {"type": "Point", "coordinates": [-1.6969, 54.9977]}, "properties": {"id": "ATHER-UKW-1282", "name": "Westerhope", "town": "Westerhope, Tyne & Wear, United Kingdom, Europe", "country": "Europe", "temperature": 16.0, "pressure": 1006.3, "humidity": 94, "windSpeed": 1.6, "windDirection": "N", "condition": "light Rain +Mist", "timestamp": "21:42:52 BST", "status": "NORMAL", "hasAnomaly": 0, "severity": "NONE"}}, {"type": "Feature", "geometry": {"type": "Point", "coordinates": [-2.113, 50.687]}, "properties": {"id": "ATHER-ZEU-1283", "name": "Wareham", "town": "Wareham, United Kingdom, Europe", "country": "Europe", "temperature": 16.0, "pressure": 1006.4, "humidity": 95, "windSpeed": 1.8, "windDirection": "W", "condition": "Drizzle", "timestamp": "22:41:08 CEST", "status": "NORMAL", "hasAnomaly": 0, "severity": "NONE"}}, {"type": "Feature", "geometry": {"type": "Point", "coordinates": [-1.29, 52.3425]}, "properties": {"id": "ATHER-UKW-1284", "name": "Dunchurch", "town": "Dunchurch, Warwickshire, United Kingdom, Europe", "country": "Europe", "temperature": null, "pressure": null, "humidity": null, "windSpeed": null, "windDirection": null, "condition": "Offline", "timestamp": "Offline", "status": "OFFLINE", "hasAnomaly": 0, "severity": "NONE"}}, {"type": "Feature", "geometry": {"type": "Point", "coordinates": [-3.6418, 55.9024]}, "properties": {"id": "ATHER-UKW-1285", "name": "Bathgate", "town": "Bathgate, West Lothian, United Kingdom, Europe", "country": "Europe", "temperature": 13.0, "pressure": 1006.9, "humidity": 97, "windSpeed": 9.7, "windDirection": "ENE", "condition": "Clear", "timestamp": "21:43:00 BST", "status": "NORMAL", "hasAnomaly": 0, "severity": "NONE"}}, {"type": "Feature", "geometry": {"type": "Point", "coordinates": [-2.14319, 52.45559]}, "properties": {"id": "ATHER-UKW-1286", "name": "Stourbridge", "town": "Stourbridge, West Midlands, United Kingdom, Europe", "country": "Europe", "temperature": null, "pressure": null, "humidity": null, "windSpeed": null, "windDirection": null, "condition": "Offline", "timestamp": "Offline", "status": "OFFLINE", "hasAnomaly": 0, "severity": "NONE"}}, {"type": "Feature", "geometry": {"type": "Point", "coordinates": [-0.179598, 50.936416]}, "properties": {"id": "ATHER-UKW-1287", "name": "Hurstpierpoint", "town": "Hurstpierpoint, West Sussex, United Kingdom, Europe", "country": "Europe", "temperature": 17.0, "pressure": 1007.9, "humidity": 99, "windSpeed": 0.0, "windDirection": "N", "condition": "Reported", "timestamp": "21:42:56 BST", "status": "NORMAL", "hasAnomaly": 0, "severity": "NONE"}}, {"type": "Feature", "geometry": {"type": "Point", "coordinates": [-0.383028, 50.812814]}, "properties": {"id": "ATHER-UKW-1288", "name": "Worthing", "town": "Worthing, West Sussex, United Kingdom, Europe", "country": "Europe", "temperature": 17.0, "pressure": 1006.7, "humidity": 94, "windSpeed": 1.6, "windDirection": "SSE", "condition": "Reported", "timestamp": "21:42:21 BST", "status": "NORMAL", "hasAnomaly": 0, "severity": "NONE"}}, {"type": "Feature", "geometry": {"type": "Point", "coordinates": [-1.38888, 53.92916]}, "properties": {"id": "ATHER-UKW-1289", "name": "Wetherby", "town": "Wetherby, West Yorkshire, United Kingdom, Europe", "country": "Europe", "temperature": 19.0, "pressure": 1006.1, "humidity": 88, "windSpeed": 3.2, "windDirection": "SW", "condition": "Reported", "timestamp": "21:42:51 BST", "status": "NORMAL", "hasAnomaly": 0, "severity": "NONE"}}, {"type": "Feature", "geometry": {"type": "Point", "coordinates": [-1.38889, 53.9292]}, "properties": {"id": "ATHER-ZEU-1290", "name": "Wetherby", "town": "Wetherby, United Kingdom, Europe", "country": "Europe", "temperature": 19.0, "pressure": 1006.0, "humidity": 88, "windSpeed": 1.1, "windDirection": "SW", "condition": "Partly Cloudy", "timestamp": "22:40:27 CEST", "status": "NORMAL", "hasAnomaly": 0, "severity": "NONE"}}, {"type": "Feature", "geometry": {"type": "Point", "coordinates": [-1.639253, 51.011595]}, "properties": {"id": "ATHER-UKW-1291", "name": "Whiteparish", "town": "Whiteparish, Wiltshire, United Kingdom, Europe", "country": "Europe", "temperature": null, "pressure": null, "humidity": null, "windSpeed": null, "windDirection": null, "condition": "Offline", "timestamp": "Offline", "status": "OFFLINE", "hasAnomaly": 0, "severity": "NONE"}}, {"type": "Feature", "geometry": {"type": "Point", "coordinates": [-1.9374493, 52.0916252]}, "properties": {"id": "ATHER-UKW-1292", "name": "Evesham", "town": "Evesham, Worcestershire, United Kingdom, Europe", "country": "Europe", "temperature": null, "pressure": null, "humidity": null, "windSpeed": null, "windDirection": null, "condition": "Offline", "timestamp": "Offline", "status": "OFFLINE", "hasAnomaly": 0, "severity": "NONE"}}, {"type": "Feature", "geometry": {"type": "Point", "coordinates": [-1.47, 53.53]}, "properties": {"id": "ATHER-ZEU-1293", "name": "Worsbrough", "town": "Worsbrough, United Kingdom, Europe", "country": "Europe", "temperature": 18.0, "pressure": 1005.3, "humidity": 89, "windSpeed": 2.2, "windDirection": "S", "condition": "Partly Cloudy", "timestamp": "22:41:07 CEST", "status": "NORMAL", "hasAnomaly": 0, "severity": "NONE"}}, {"type": "Feature", "geometry": {"type": "Point", "coordinates": [-1.08867, 54.0171]}, "properties": {"id": "ATHER-ZEU-1294", "name": "York", "town": "York, United Kingdom, Europe", "country": "Europe", "temperature": 20.0, "pressure": 1014.7, "humidity": 87, "windSpeed": 0.0, "windDirection": "0", "condition": "Partly Cloudy", "timestamp": "21:13:18 CEST", "status": "NORMAL", "hasAnomaly": 0, "severity": "NONE"}}, {"type": "Feature", "geometry": {"type": "Point", "coordinates": [-2.03855, 53.0697]}, "properties": {"id": "ATHER-ZEU-1295", "name": "s-o-t", "town": "s-o-t, United Kingdom, Europe", "country": "Europe", "temperature": 17.0, "pressure": 1006.5, "humidity": 99, "windSpeed": 1.8, "windDirection": "SSE", "condition": "Partly Cloudy", "timestamp": "22:40:59 CEST", "status": "NORMAL", "hasAnomaly": 0, "severity": "NONE"}}, {"type": "Feature", "geometry": {"type": "Point", "coordinates": [149.04, -35.202]}, "properties": {"id": "ATHER-AUW-1296", "name": "Belconnen Weather", "town": "Belconnen Weather, Australian Capital Territory, Australia, Pacific", "country": "Pacific", "temperature": 4.0, "pressure": 1022.6, "humidity": 88, "windSpeed": 6.0, "windDirection": "NNE", "condition": "Partly Cloudy", "timestamp": "06:39:47 AEST", "status": "NORMAL", "hasAnomaly": 0, "severity": "NONE"}}, {"type": "Feature", "geometry": {"type": "Point", "coordinates": [149.096409, -35.462752]}, "properties": {"id": "ATHER-AUW-1297", "name": "Conder Weather", "town": "Conder Weather, Australian Capital Territory, Australia, Pacific", "country": "Pacific", "temperature": 3.0, "pressure": 1020.9, "humidity": 87, "windSpeed": 0.0, "windDirection": "N", "condition": "Partly Cloudy", "timestamp": "06:39:45 AEST", "status": "NORMAL", "hasAnomaly": 0, "severity": "NONE"}}, {"type": "Feature", "geometry": {"type": "Point", "coordinates": [150.62, -33.743611]}, "properties": {"id": "ATHER-AUW-1298", "name": "Blaxland Weather", "town": "Blaxland Weather, New South Wales, Australia, Pacific", "country": "Pacific", "temperature": 7.0, "pressure": 1020.5, "humidity": 64, "windSpeed": 0.0, "windDirection": "E", "condition": "Clear", "timestamp": "06:40:03 AEST", "status": "NORMAL", "hasAnomaly": 0, "severity": "NONE"}}, {"type": "Feature", "geometry": {"type": "Point", "coordinates": [151.037, -33.77167]}, "properties": {"id": "ATHER-AUW-1299", "name": "Carlingford Weather", "town": "Carlingford Weather, New South Wales, Australia, Pacific", "country": "Pacific", "temperature": 6.0, "pressure": 1021.1, "humidity": 63, "windSpeed": 0.0, "windDirection": "N", "condition": "Clear", "timestamp": "06:38:07 AEST", "status": "NORMAL", "hasAnomaly": 0, "severity": "NONE"}}, {"type": "Feature", "geometry": {"type": "Point", "coordinates": [151.279585, -33.640742]}, "properties": {"id": "ATHER-AUW-1300", "name": "Elvina Bay Weather", "town": "Elvina Bay Weather, New South Wales, Australia, Pacific", "country": "Pacific", "temperature": null, "pressure": null, "humidity": null, "windSpeed": null, "windDirection": null, "condition": "Offline", "timestamp": "Offline", "status": "OFFLINE", "hasAnomaly": 0, "severity": "NONE"}}, {"type": "Feature", "geometry": {"type": "Point", "coordinates": [151.1205, -29.7738]}, "properties": {"id": "ATHER-AUW-1301", "name": "Phil's Backyard", "town": "Phil's Backyard, New South Wales, Australia, Pacific", "country": "Pacific", "temperature": -4.0, "pressure": 1026.3, "humidity": 88, "windSpeed": 2.0, "windDirection": "S", "condition": "Clear", "timestamp": "06:40:00 AEST", "status": "NORMAL", "hasAnomaly": 0, "severity": "NONE"}}, {"type": "Feature", "geometry": {"type": "Point", "coordinates": [151.224144, -33.87188]}, "properties": {"id": "ATHER-AUW-1302", "name": "Potts Point", "town": "Potts Point, New South Wales, Australia, Pacific", "country": "Pacific", "temperature": 9.0, "pressure": 1019.9, "humidity": 57, "windSpeed": 0.0, "windDirection": "SSW", "condition": "Clear", "timestamp": "06:35:13 AEST", "status": "NORMAL", "hasAnomaly": 0, "severity": "NONE"}}, {"type": "Feature", "geometry": {"type": "Point", "coordinates": [150.81713, -34.77127]}, "properties": {"id": "ATHER-AUW-1303", "name": "The Shack By The Beach", "town": "The Shack By The Beach, Gerroa, New South Wales, Australia, Pacific", "country": "Pacific", "temperature": 10.0, "pressure": 1019.5, "humidity": 66, "windSpeed": 20.0, "windDirection": "WSW", "condition": "Clear", "timestamp": "06:40:02 AEST", "status": "NORMAL", "hasAnomaly": 0, "severity": "NONE"}}, {"type": "Feature", "geometry": {"type": "Point", "coordinates": [149.8097, -36.8339]}, "properties": {"id": "ATHER-AUW-1304", "name": "Wolumla Weather", "town": "Wolumla Weather, New South Wales, Australia, Pacific", "country": "Pacific", "temperature": 9.0, "pressure": 1019.6, "humidity": 64, "windSpeed": 2.0, "windDirection": "NW", "condition": "Clear", "timestamp": "06:40:02 AEST", "status": "NORMAL", "hasAnomaly": 0, "severity": "NONE"}}, {"type": "Feature", "geometry": {"type": "Point", "coordinates": [153.095321, -27.484465]}, "properties": {"id": "ATHER-AUW-1305", "name": "Carina Weather", "town": "Carina Weather, Queensland, Australia, Pacific", "country": "Pacific", "temperature": 8.0, "pressure": 1021.7, "humidity": 49, "windSpeed": 0.0, "windDirection": "W", "condition": "Clear", "timestamp": "06:14:26 AEST", "status": "NORMAL", "hasAnomaly": 0, "severity": "NONE"}}, {"type": "Feature", "geometry": {"type": "Point", "coordinates": [148.97, -21.28]}, "properties": {"id": "ATHER-AUW-1306", "name": "Eton Weather", "town": "Eton Weather, Queensland, Australia, Pacific", "country": "Pacific", "temperature": 11.0, "pressure": 1359.5, "humidity": 59, "windSpeed": 4.0, "windDirection": "SE", "condition": "Clear", "timestamp": "06:31:40 AEST", "status": "ANOMALY", "hasAnomaly": 1, "severity": "WARNING"}}, {"type": "Feature", "geometry": {"type": "Point", "coordinates": [153.032623, -27.86919]}, "properties": {"id": "ATHER-AUW-1307", "name": "Logan City", "town": "Logan City, Queensland, Australia, Pacific", "country": "Pacific", "temperature": 6.0, "pressure": 1019.3, "humidity": 41, "windSpeed": 0.0, "windDirection": "SW", "condition": "Clear", "timestamp": "06:40:07 AEST", "status": "NORMAL", "hasAnomaly": 0, "severity": "NONE"}}, {"type": "Feature", "geometry": {"type": "Point", "coordinates": [152.691944, -25.523056]}, "properties": {"id": "ATHER-AUW-1308", "name": "Maryborough", "town": "Maryborough, Queensland, Australia, Pacific", "country": "Pacific", "temperature": null, "pressure": null, "humidity": null, "windSpeed": null, "windDirection": null, "condition": "Offline", "timestamp": "Offline", "status": "OFFLINE", "hasAnomaly": 0, "severity": "NONE"}}, {"type": "Feature", "geometry": {"type": "Point", "coordinates": [148.0331, -22.0037]}, "properties": {"id": "ATHER-AUW-1309", "name": "Moranbah Weather", "town": "Moranbah Weather, Queensland, Australia, Pacific", "country": "Pacific", "temperature": 10.0, "pressure": 1020.2, "humidity": 33, "windSpeed": 11.0, "windDirection": "SE", "condition": "Overcast", "timestamp": "06:40:09 AEST", "status": "NORMAL", "hasAnomaly": 0, "severity": "NONE"}}, {"type": "Feature", "geometry": {"type": "Point", "coordinates": [152.9386498, -27.7542382]}, "properties": {"id": "ATHER-AUW-1310", "name": "New Beith Weather", "town": "New Beith Weather, Queensland, Australia, Pacific", "country": "Pacific", "temperature": 1.0, "pressure": 1017.4, "humidity": 79, "windSpeed": 0.0, "windDirection": "SW", "condition": "Overcast", "timestamp": "06:40:06 AEST", "status": "NORMAL", "hasAnomaly": 0, "severity": "NONE"}}, {"type": "Feature", "geometry": {"type": "Point", "coordinates": [138.527695, -35.110701]}, "properties": {"id": "ATHER-AUW-1311", "name": "Ace2 Weather", "town": "Ace2 Weather, Adelaide, South Australia, Australia, Pacific", "country": "Pacific", "temperature": 9.0, "pressure": 1013.2, "humidity": 90, "windSpeed": 0.0, "windDirection": "SW", "condition": "Mostly Cloudy", "timestamp": "06:39:58 AEST", "status": "NORMAL", "hasAnomaly": 0, "severity": "NONE"}}, {"type": "Feature", "geometry": {"type": "Point", "coordinates": [138.9361846446991, -33.678952335238094]}, "properties": {"id": "ATHER-AUW-1312", "name": "Burra Motor Inn", "town": "Burra Motor Inn, South Australia, Australia, Pacific", "country": "Pacific", "temperature": null, "pressure": null, "humidity": null, "windSpeed": null, "windDirection": null, "condition": "Offline", "timestamp": "Offline", "status": "OFFLINE", "hasAnomaly": 0, "severity": "NONE"}}, {"type": "Feature", "geometry": {"type": "Point", "coordinates": [145.88139, -41.04972]}, "properties": {"id": "ATHER-AUW-1313", "name": "Burnie", "town": "Burnie, Tasmania, Australia, Pacific", "country": "Pacific", "temperature": 9.0, "pressure": 1014.9, "humidity": 84, "windSpeed": 9.0, "windDirection": "W", "condition": "Clear", "timestamp": "06:40:11 AEST", "status": "NORMAL", "hasAnomaly": 0, "severity": "NONE"}}, {"type": "Feature", "geometry": {"type": "Point", "coordinates": [147.262942, -42.92384]}, "properties": {"id": "ATHER-AUW-1314", "name": "Fern Tree Weather", "town": "Fern Tree Weather, Tasmania, Australia, Pacific", "country": "Pacific", "temperature": 7.0, "pressure": 1009.0, "humidity": 69, "windSpeed": 13.0, "windDirection": "SE", "condition": "Mostly Cloudy", "timestamp": "06:39:21 AEST", "status": "NORMAL", "hasAnomaly": 0, "severity": "NONE"}}, {"type": "Feature", "geometry": {"type": "Point", "coordinates": [147.410278, -42.890278]}, "properties": {"id": "ATHER-AUW-1315", "name": "Hobart", "town": "Hobart, Tasmania, Australia, Pacific", "country": "Pacific", "temperature": 8.0, "pressure": 1007.0, "humidity": 78, "windSpeed": 8.0, "windDirection": "N", "condition": "Mostly Cloudy", "timestamp": "06:40:15 AEST", "status": "NORMAL", "hasAnomaly": 0, "severity": "NONE"}}, {"type": "Feature", "geometry": {"type": "Point", "coordinates": [146.989136, -43.121605]}, "properties": {"id": "ATHER-AUW-1316", "name": "South Franklin Weather", "town": "South Franklin Weather, Tasmania, Australia, Pacific", "country": "Pacific", "temperature": 9.0, "pressure": 1010.7, "humidity": 78, "windSpeed": 6.0, "windDirection": "SE", "condition": "Mostly Cloudy", "timestamp": "06:39:22 AEST", "status": "NORMAL", "hasAnomaly": 0, "severity": "NONE"}}, {"type": "Feature", "geometry": {"type": "Point", "coordinates": [144.418, -37.672]}, "properties": {"id": "ATHER-AUW-1317", "name": "Bacchus Marsh", "town": "Bacchus Marsh, Victoria, Australia, Pacific", "country": "Pacific", "temperature": 10.0, "pressure": 1024.0, "humidity": 79, "windSpeed": 15.0, "windDirection": "WSW", "condition": "Mostly Cloudy", "timestamp": "06:35:24 AEST", "status": "NORMAL", "hasAnomaly": 0, "severity": "NONE"}}, {"type": "Feature", "geometry": {"type": "Point", "coordinates": [143.906189, -37.377215]}, "properties": {"id": "ATHER-AUW-1318", "name": "Broomfield", "town": "Broomfield, Victoria, Australia, Pacific", "country": "Pacific", "temperature": 8.0, "pressure": 1022.5, "humidity": 100, "windSpeed": 10.0, "windDirection": "WSW", "condition": "Mostly Cloudy", "timestamp": "06:39:38 AEST", "status": "NORMAL", "hasAnomaly": 0, "severity": "NONE"}}, {"type": "Feature", "geometry": {"type": "Point", "coordinates": [144.329167, -38.100833]}, "properties": {"id": "ATHER-AUW-1319", "name": "Geelong Weather", "town": "Geelong Weather, Victoria, Australia, Pacific", "country": "Pacific", "temperature": 10.0, "pressure": 1023.2, "humidity": 90, "windSpeed": 15.0, "windDirection": "SSW", "condition": "Overcast", "timestamp": "06:40:16 AEST", "status": "NORMAL", "hasAnomaly": 0, "severity": "NONE"}}, {"type": "Feature", "geometry": {"type": "Point", "coordinates": [144.739903, -37.876614]}, "properties": {"id": "ATHER-AUW-1320", "name": "Point Cook Weather", "town": "Point Cook Weather, Victoria, Australia, Pacific", "country": "Pacific", "temperature": null, "pressure": null, "humidity": null, "windSpeed": null, "windDirection": null, "condition": "Offline", "timestamp": "Offline", "status": "OFFLINE", "hasAnomaly": 0, "severity": "NONE"}}, {"type": "Feature", "geometry": {"type": "Point", "coordinates": [144.709, -37.8445]}, "properties": {"id": "ATHER-AUW-1321", "name": "Truganina Weather", "town": "Truganina Weather, Victoria, Australia, Pacific", "country": "Pacific", "temperature": 12.0, "pressure": 1022.0, "humidity": 82, "windSpeed": 0.0, "windDirection": "CALM", "condition": "Overcast", "timestamp": "06:39:09 AEST", "status": "NORMAL", "hasAnomaly": 0, "severity": "NONE"}}, {"type": "Feature", "geometry": {"type": "Point", "coordinates": [146.87, -36.119]}, "properties": {"id": "ATHER-AUW-1322", "name": "Wodonga Weather", "town": "Wodonga Weather, Victoria, Australia, Pacific", "country": "Pacific", "temperature": 6.0, "pressure": 1018.1, "humidity": 88, "windSpeed": 10.0, "windDirection": "NW", "condition": "Overcast", "timestamp": "06:40:15 AEST", "status": "NORMAL", "hasAnomaly": 0, "severity": "NONE"}}, {"type": "Feature", "geometry": {"type": "Point", "coordinates": [144.616888, -37.896995]}, "properties": {"id": "ATHER-AUW-1323", "name": "Wyndham Vale", "town": "Wyndham Vale, Victoria, Australia, Pacific", "country": "Pacific", "temperature": 11.0, "pressure": 1021.2, "humidity": 93, "windSpeed": 18.0, "windDirection": "NW", "condition": "Overcast", "timestamp": "06:39:49 AEST", "status": "NORMAL", "hasAnomaly": 0, "severity": "NONE"}}, {"type": "Feature", "geometry": {"type": "Point", "coordinates": [115.651667, -33.378333]}, "properties": {"id": "ATHER-AUW-1324", "name": "Bunbury", "town": "Bunbury, Western Australia, Australia, Pacific", "country": "Pacific", "temperature": 11.0, "pressure": 1017.0, "humidity": 65, "windSpeed": 9.0, "windDirection": "NW", "condition": "Clear", "timestamp": "06:40:00 AEST", "status": "NORMAL", "hasAnomaly": 0, "severity": "NONE"}}, {"type": "Feature", "geometry": {"type": "Point", "coordinates": [117.78833, -22.693611]}, "properties": {"id": "ATHER-AUW-1325", "name": "Tom Price", "town": "Tom Price, Western Australia, Australia, Pacific", "country": "Pacific", "temperature": null, "pressure": null, "humidity": null, "windSpeed": null, "windDirection": null, "condition": "Offline", "timestamp": "Offline", "status": "OFFLINE", "hasAnomaly": 0, "severity": "NONE"}}, {"type": "Feature", "geometry": {"type": "Point", "coordinates": [115.8333, -32.7667]}, "properties": {"id": "ATHER-AUW-1326", "name": "Willetton Weather", "town": "Willetton Weather, Western Australia, Australia, Pacific", "country": "Pacific", "temperature": null, "pressure": null, "humidity": null, "windSpeed": null, "windDirection": null, "condition": "Offline", "timestamp": "Offline", "status": "OFFLINE", "hasAnomaly": 0, "severity": "NONE"}}, {"type": "Feature", "geometry": {"type": "Point", "coordinates": [175.75667, -40.28444]}, "properties": {"id": "ATHER-NZW-1327", "name": "Ashhurst", "town": "Ashhurst, North Island, New Zealand, Pacific", "country": "Pacific", "temperature": null, "pressure": null, "humidity": null, "windSpeed": null, "windDirection": null, "condition": "Offline", "timestamp": "Offline", "status": "OFFLINE", "hasAnomaly": 0, "severity": "NONE"}}, {"type": "Feature", "geometry": {"type": "Point", "coordinates": [175.011667, -36.884444]}, "properties": {"id": "ATHER-NZW-1328", "name": "Beachlands", "town": "Beachlands, North Island, New Zealand, Pacific", "country": "Pacific", "temperature": 11.0, "pressure": 1013.0, "humidity": 91, "windSpeed": 3.0, "windDirection": "SE", "condition": "Overcast", "timestamp": "08:27:55 NZST", "status": "NORMAL", "hasAnomaly": 0, "severity": "NONE"}}, {"type": "Feature", "geometry": {"type": "Point", "coordinates": [174.91452, -41.18722]}, "properties": {"id": "ATHER-NZW-1329", "name": "Belmont", "town": "Belmont, North Island, New Zealand, Pacific", "country": "Pacific", "temperature": null, "pressure": null, "humidity": null, "windSpeed": null, "windDirection": null, "condition": "Offline", "timestamp": "Offline", "status": "OFFLINE", "hasAnomaly": 0, "severity": "NONE"}}, {"type": "Feature", "geometry": {"type": "Point", "coordinates": [174.87204, -41.0875]}, "properties": {"id": "ATHER-NZW-1330", "name": "Camborne", "town": "Camborne, North Island, New Zealand, Pacific", "country": "Pacific", "temperature": 9.0, "pressure": 1011.5, "humidity": 87, "windSpeed": 9.0, "windDirection": "N", "condition": "Cloudy2", "timestamp": "08:35:05 NZST", "status": "NORMAL", "hasAnomaly": 0, "severity": "NONE"}}, {"type": "Feature", "geometry": {"type": "Point", "coordinates": [175.87277, -38.21277]}, "properties": {"id": "ATHER-NZW-1331", "name": "Colsons Hill", "town": "Colsons Hill, North Island, New Zealand, Pacific", "country": "Pacific", "temperature": 7.0, "pressure": 1015.3, "humidity": 98, "windSpeed": 0.0, "windDirection": "E", "condition": "Reported", "timestamp": "08:29:59 NZST", "status": "NORMAL", "hasAnomaly": 0, "severity": "NONE"}}, {"type": "Feature", "geometry": {"type": "Point", "coordinates": [173.8, -36.0]}, "properties": {"id": "ATHER-NZW-1332", "name": "Dargaville", "town": "Dargaville, North Island, New Zealand, Pacific", "country": "Pacific", "temperature": null, "pressure": null, "humidity": null, "windSpeed": null, "windDirection": null, "condition": "Offline", "timestamp": "Offline", "status": "OFFLINE", "hasAnomaly": 0, "severity": "NONE"}}, {"type": "Feature", "geometry": {"type": "Point", "coordinates": [173.89333, -35.93972]}, "properties": {"id": "ATHER-NZW-1333", "name": "Dargaville Airfield", "town": "Dargaville Airfield, North Island, New Zealand, Pacific", "country": "Pacific", "temperature": 11.0, "pressure": 1012.9, "humidity": 88, "windSpeed": 12.0, "windDirection": "NE", "condition": "Dry", "timestamp": "08:40:00 NZST", "status": "NORMAL", "hasAnomaly": 0, "severity": "NONE"}}, {"type": "Feature", "geometry": {"type": "Point", "coordinates": [175.58333, -40.21667]}, "properties": {"id": "ATHER-NZW-1334", "name": "Feilding", "town": "Feilding, North Island, New Zealand, Pacific", "country": "Pacific", "temperature": 10.0, "pressure": 1022.6, "humidity": 71, "windSpeed": 1.0, "windDirection": "SE", "condition": "Reported", "timestamp": "08:30:01 NZST", "status": "NORMAL", "hasAnomaly": 0, "severity": "NONE"}}, {"type": "Feature", "geometry": {"type": "Point", "coordinates": [175.56611, -40.21]}, "properties": {"id": "ATHER-NZW-1335", "name": "Feilding North", "town": "Feilding North, North Island, New Zealand, Pacific", "country": "Pacific", "temperature": null, "pressure": null, "humidity": null, "windSpeed": null, "windDirection": null, "condition": "Offline", "timestamp": "Offline", "status": "OFFLINE", "hasAnomaly": 0, "severity": "NONE"}}, {"type": "Feature", "geometry": {"type": "Point", "coordinates": [177.41, -38.96944]}, "properties": {"id": "ATHER-NZW-1336", "name": "Frasertown", "town": "Frasertown, North Island, New Zealand, Pacific", "country": "Pacific", "temperature": 6.0, "pressure": 1013.3, "humidity": 99, "windSpeed": 4.0, "windDirection": "N", "condition": "Reported", "timestamp": "08:40:09 NZST", "status": "NORMAL", "hasAnomaly": 0, "severity": "NONE"}}, {"type": "Feature", "geometry": {"type": "Point", "coordinates": [178.03611, -38.65583]}, "properties": {"id": "ATHER-NZW-1337", "name": "Gisborne", "town": "Gisborne, North Island, New Zealand, Pacific", "country": "Pacific", "temperature": 5.0, "pressure": 1013.3, "humidity": 99, "windSpeed": 0.0, "windDirection": "N", "condition": "Reported", "timestamp": "08:38:40 NZST", "status": "NORMAL", "hasAnomaly": 0, "severity": "NONE"}}, {"type": "Feature", "geometry": {"type": "Point", "coordinates": [177.992, -38.6487]}, "properties": {"id": "ATHER-NZW-1338", "name": "Gisborne West", "town": "Gisborne West, North Island, New Zealand, Pacific", "country": "Pacific", "temperature": 5.0, "pressure": 1013.0, "humidity": 91, "windSpeed": 4.0, "windDirection": "NW", "condition": "Reported", "timestamp": "08:21:58 NZST", "status": "NORMAL", "hasAnomaly": 0, "severity": "NONE"}}, {"type": "Feature", "geometry": {"type": "Point", "coordinates": [175.29194, -37.83028]}, "properties": {"id": "ATHER-NZW-1339", "name": "Glenview", "town": "Glenview, North Island, New Zealand, Pacific", "country": "Pacific", "temperature": null, "pressure": null, "humidity": null, "windSpeed": null, "windDirection": null, "condition": "Offline", "timestamp": "Offline", "status": "OFFLINE", "hasAnomaly": 0, "severity": "NONE"}}, {"type": "Feature", "geometry": {"type": "Point", "coordinates": [174.7388, -36.8629]}, "properties": {"id": "ATHER-NZW-1340", "name": "Grey Lynn", "town": "Grey Lynn, North Island, New Zealand, Pacific", "country": "Pacific", "temperature": 10.0, "pressure": 1013.5, "humidity": 97, "windSpeed": 2.0, "windDirection": "ENE", "condition": "Cloudy2", "timestamp": "08:40:16 NZST", "status": "NORMAL", "hasAnomaly": 0, "severity": "NONE"}}, {"type": "Feature", "geometry": {"type": "Point", "coordinates": [175.1641667, -40.789167]}, "properties": {"id": "ATHER-NZW-1341", "name": "Hautere", "town": "Hautere, North Island, New Zealand, Pacific", "country": "Pacific", "temperature": 7.0, "pressure": 1019.3, "humidity": 70, "windSpeed": 2.0, "windDirection": "E", "condition": "Reported", "timestamp": "08:40:14 NZST", "status": "NORMAL", "hasAnomaly": 0, "severity": "NONE"}}, {"type": "Feature", "geometry": {"type": "Point", "coordinates": [174.916, -36.892]}, "properties": {"id": "ATHER-NZW-1342", "name": "Howick", "town": "Howick, North Island, New Zealand, Pacific", "country": "Pacific", "temperature": 10.0, "pressure": 1013.0, "humidity": 87, "windSpeed": 3.0, "windDirection": "ESE", "condition": "Overcast", "timestamp": "08:40:17 NZST", "status": "NORMAL", "hasAnomaly": 0, "severity": "NONE"}}, {"type": "Feature", "geometry": {"type": "Point", "coordinates": [175.09056, -37.10639]}, "properties": {"id": "ATHER-NZW-1343", "name": "Hunua", "town": "Hunua, North Island, New Zealand, Pacific", "country": "Pacific", "temperature": 6.0, "pressure": 1013.9, "humidity": 3, "windSpeed": 0.0, "windDirection": "SW", "condition": "Dry", "timestamp": "08:40:02 NZST", "status": "NORMAL", "hasAnomaly": 0, "severity": "NONE"}}, {"type": "Feature", "geometry": {"type": "Point", "coordinates": [174.47567, -36.52404]}, "properties": {"id": "ATHER-NZW-1344", "name": "Kaipara Harbour", "town": "Kaipara Harbour, North Island, New Zealand, Pacific", "country": "Pacific", "temperature": 10.0, "pressure": 1012.4, "humidity": 90, "windSpeed": 0.0, "windDirection": "ENE", "condition": "Partly Cloudy", "timestamp": "08:39:51 NZST", "status": "NORMAL", "hasAnomaly": 0, "severity": "NONE"}}, {"type": "Feature", "geometry": {"type": "Point", "coordinates": [174.935, -41.17583]}, "properties": {"id": "ATHER-NZW-1345", "name": "Kelson", "town": "Kelson, North Island, New Zealand, Pacific", "country": "Pacific", "temperature": 8.0, "pressure": 1011.7, "humidity": 81, "windSpeed": 4.0, "windDirection": "NE", "condition": "Few Clouds", "timestamp": "08:40:17 NZST", "status": "NORMAL", "hasAnomaly": 0, "severity": "NONE"}}, {"type": "Feature", "geometry": {"type": "Point", "coordinates": [173.93958, -35.19288]}, "properties": {"id": "ATHER-NZW-1346", "name": "Kerikeri", "town": "Kerikeri, North Island, New Zealand, Pacific", "country": "Pacific", "temperature": 11.0, "pressure": 1011.8, "humidity": 95, "windSpeed": 0.0, "windDirection": "N", "condition": "Sunny", "timestamp": "08:39:50 NZST", "status": "NORMAL", "hasAnomaly": 0, "severity": "NONE"}}, {"type": "Feature", "geometry": {"type": "Point", "coordinates": [175.7592, -38.88922]}, "properties": {"id": "ATHER-NZW-1347", "name": "Lake Taupo", "town": "Lake Taupo, North Island, New Zealand, Pacific", "country": "Pacific", "temperature": 6.0, "pressure": 1014.3, "humidity": 96, "windSpeed": 0.0, "windDirection": "NW", "condition": "Clear", "timestamp": "08:39:59 NZST", "status": "NORMAL", "hasAnomaly": 0, "severity": "NONE"}}, {"type": "Feature", "geometry": {"type": "Point", "coordinates": [174.87728, -41.20582]}, "properties": {"id": "ATHER-NZW-1348", "name": "Lower Hutt", "town": "Lower Hutt, North Island, New Zealand, Pacific", "country": "Pacific", "temperature": 8.0, "pressure": 1012.1, "humidity": 95, "windSpeed": 0.0, "windDirection": "E", "condition": "Dry", "timestamp": "08:40:10 NZST", "status": "NORMAL", "hasAnomaly": 0, "severity": "NONE"}}, {"type": "Feature", "geometry": {"type": "Point", "coordinates": [174.921, -41.204]}, "properties": {"id": "ATHER-NZW-1349", "name": "Lower Hutt Central", "town": "Lower Hutt Central, North Island, New Zealand, Pacific", "country": "Pacific", "temperature": null, "pressure": null, "humidity": null, "windSpeed": null, "windDirection": null, "condition": "Offline", "timestamp": "Offline", "status": "OFFLINE", "hasAnomaly": 0, "severity": "NONE"}}, {"type": "Feature", "geometry": {"type": "Point", "coordinates": [177.87260437, -39.08759308]}, "properties": {"id": "ATHER-NZW-1350", "name": "Mahia Beach", "town": "Mahia Beach, North Island, New Zealand, Pacific", "country": "Pacific", "temperature": 13.0, "pressure": 1007.1, "humidity": 60, "windSpeed": 7.0, "windDirection": "W", "condition": "Reported", "timestamp": "08:40:18 NZST", "status": "NORMAL", "hasAnomaly": 0, "severity": "NONE"}}, {"type": "Feature", "geometry": {"type": "Point", "coordinates": [174.58358, -36.11188]}, "properties": {"id": "ATHER-NZW-1351", "name": "Mangawhai Heads", "town": "Mangawhai Heads, North Island, New Zealand, Pacific", "country": "Pacific", "temperature": 15.0, "pressure": 1010.2, "humidity": 90, "windSpeed": 21.0, "windDirection": "ENE", "condition": "Sunny", "timestamp": "08:40:14 NZST", "status": "NORMAL", "hasAnomaly": 0, "severity": "NONE"}}, {"type": "Feature", "geometry": {"type": "Point", "coordinates": [175.271388, -37.813056]}, "properties": {"id": "ATHER-NZW-1352", "name": "Melville", "town": "Melville, North Island, New Zealand, Pacific", "country": "Pacific", "temperature": 7.0, "pressure": 1012.8, "humidity": 91, "windSpeed": 0.0, "windDirection": "N", "condition": "Reported", "timestamp": "08:25:25 NZST", "status": "NORMAL", "hasAnomaly": 0, "severity": "NONE"}}, {"type": "Feature", "geometry": {"type": "Point", "coordinates": [174.74, -36.89833]}, "properties": {"id": "ATHER-NZW-1353", "name": "Mt. Roskill", "town": "Mt. Roskill, North Island, New Zealand, Pacific", "country": "Pacific", "temperature": 11.0, "pressure": 1014.4, "humidity": 94, "windSpeed": 0.0, "windDirection": "NE", "condition": "Dry", "timestamp": "08:40:15 NZST", "status": "NORMAL", "hasAnomaly": 0, "severity": "NONE"}}, {"type": "Feature", "geometry": {"type": "Point", "coordinates": [176.16972, -37.76028]}, "properties": {"id": "ATHER-NZW-1354", "name": "Ohauiti", "town": "Ohauiti, North Island, New Zealand, Pacific", "country": "Pacific", "temperature": 11.0, "pressure": 1009.6, "humidity": 52, "windSpeed": 1.0, "windDirection": "S", "condition": "Reported", "timestamp": "08:40:08 NZST", "status": "NORMAL", "hasAnomaly": 0, "severity": "NONE"}}, {"type": "Feature", "geometry": {"type": "Point", "coordinates": [176.036388, -37.646944]}, "properties": {"id": "ATHER-NZW-1355", "name": "Omokoroa", "town": "Omokoroa, North Island, New Zealand, Pacific", "country": "Pacific", "temperature": 11.0, "pressure": 1010.7, "humidity": 80, "windSpeed": 2.0, "windDirection": "ESE", "condition": "Reported", "timestamp": "08:38:54 NZST", "status": "NORMAL", "hasAnomaly": 0, "severity": "NONE"}}, {"type": "Feature", "geometry": {"type": "Point", "coordinates": [177.288, -38.009]}, "properties": {"id": "ATHER-NZW-1356", "name": "Opotiki", "town": "Opotiki, North Island, New Zealand, Pacific", "country": "Pacific", "temperature": 10.0, "pressure": 1013.9, "humidity": 94, "windSpeed": 0.0, "windDirection": "W", "condition": "Reported", "timestamp": "08:39:42 NZST", "status": "NORMAL", "hasAnomaly": 0, "severity": "NONE"}}, {"type": "Feature", "geometry": {"type": "Point", "coordinates": [176.628, -39.896]}, "properties": {"id": "ATHER-NZW-1357", "name": "Otane", "town": "Otane, North Island, New Zealand, Pacific", "country": "Pacific", "temperature": 7.0, "pressure": 1014.0, "humidity": 95, "windSpeed": 2.0, "windDirection": "E", "condition": "Reported", "timestamp": "08:40:19 NZST", "status": "NORMAL", "hasAnomaly": 0, "severity": "NONE"}}, {"type": "Feature", "geometry": {"type": "Point", "coordinates": [175.61546326, -40.34993744]}, "properties": {"id": "ATHER-NZW-1358", "name": "Palmerston North", "town": "Palmerston North, North Island, New Zealand, Pacific", "country": "Pacific", "temperature": 5.0, "pressure": 1012.8, "humidity": 40, "windSpeed": 0.0, "windDirection": "SE", "condition": "Reported", "timestamp": "08:39:50 NZST", "status": "NORMAL", "hasAnomaly": 0, "severity": "NONE"}}, {"type": "Feature", "geometry": {"type": "Point", "coordinates": [175.85417, -38.20694]}, "properties": {"id": "ATHER-NZW-1359", "name": "Paraonui", "town": "Paraonui, North Island, New Zealand, Pacific", "country": "Pacific", "temperature": 8.0, "pressure": 1015.3, "humidity": 97, "windSpeed": 0.0, "windDirection": "WNW", "condition": "Dry", "timestamp": "08:40:20 NZST", "status": "NORMAL", "hasAnomaly": 0, "severity": "NONE"}}, {"type": "Feature", "geometry": {"type": "Point", "coordinates": [174.66499, -36.7575]}, "properties": {"id": "ATHER-NZW-1360", "name": "Paremoremo", "town": "Paremoremo, North Island, New Zealand, Pacific", "country": "Pacific", "temperature": 9.0, "pressure": 1011.1, "humidity": 97, "windSpeed": 0.0, "windDirection": "ENE", "condition": "Overcast", "timestamp": "08:42:38 NZST", "status": "NORMAL", "hasAnomaly": 0, "severity": "NONE"}}, {"type": "Feature", "geometry": {"type": "Point", "coordinates": [174.85583, -41.07333]}, "properties": {"id": "ATHER-NZW-1361", "name": "Plimmerton", "town": "Plimmerton, North Island, New Zealand, Pacific", "country": "Pacific", "temperature": null, "pressure": null, "humidity": null, "windSpeed": null, "windDirection": null, "condition": "Offline", "timestamp": "Offline", "status": "OFFLINE", "hasAnomaly": 0, "severity": "NONE"}}, {"type": "Feature", "geometry": {"type": "Point", "coordinates": [176.51831, -37.9421]}, "properties": {"id": "ATHER-NZW-1362", "name": "Pongakawa", "town": "Pongakawa, North Island, New Zealand, Pacific", "country": "Pacific", "temperature": 9.0, "pressure": 1011.3, "humidity": 99, "windSpeed": 0.0, "windDirection": "ENE", "condition": "Dry", "timestamp": "08:39:45 NZST", "status": "NORMAL", "hasAnomaly": 0, "severity": "NONE"}}, {"type": "Feature", "geometry": {"type": "Point", "coordinates": [174.69333, -36.61222]}, "properties": {"id": "ATHER-NZW-1363", "name": "Red Beach", "town": "Red Beach, North Island, New Zealand, Pacific", "country": "Pacific", "temperature": null, "pressure": null, "humidity": null, "windSpeed": null, "windDirection": null, "condition": "Offline", "timestamp": "Offline", "status": "OFFLINE", "hasAnomaly": 0, "severity": "NONE"}}, {"type": "Feature", "geometry": {"type": "Point", "coordinates": [174.771258, -36.909823]}, "properties": {"id": "ATHER-NZW-1364", "name": "Royal Oak", "town": "Royal Oak, North Island, New Zealand, Pacific", "country": "Pacific", "temperature": 11.0, "pressure": 1012.5, "humidity": 86, "windSpeed": 0.0, "windDirection": "E", "condition": "Overcast", "timestamp": "08:40:28 NZST", "status": "NORMAL", "hasAnomaly": 0, "severity": "NONE"}}, {"type": "Feature", "geometry": {"type": "Point", "coordinates": [175.336094, -37.768372]}, "properties": {"id": "ATHER-NZW-1365", "name": "Ruakura", "town": "Ruakura, Hamilton, North Island, New Zealand, Pacific", "country": "Pacific", "temperature": 7.0, "pressure": 1013.0, "humidity": 1, "windSpeed": 0.0, "windDirection": "-", "condition": "Reported", "timestamp": "08:40:30 NZST", "status": "NORMAL", "hasAnomaly": 0, "severity": "NONE"}}, {"type": "Feature", "geometry": {"type": "Point", "coordinates": [174.12231, -35.26132]}, "properties": {"id": "ATHER-NZW-1366", "name": "Russell", "town": "Russell, North Island, New Zealand, Pacific", "country": "Pacific", "temperature": null, "pressure": null, "humidity": null, "windSpeed": null, "windDirection": null, "condition": "Offline", "timestamp": "Offline", "status": "OFFLINE", "hasAnomaly": 0, "severity": "NONE"}}, {"type": "Feature", "geometry": {"type": "Point", "coordinates": [175.456891, -36.526427]}, "properties": {"id": "ATHER-NZW-1367", "name": "Sandy Bay", "town": "Sandy Bay, Port Charles, North Island, New Zealand, Pacific", "country": "Pacific", "temperature": 9.0, "pressure": 1012.6, "humidity": 93, "windSpeed": 0.0, "windDirection": "-", "condition": "Reported", "timestamp": "08:40:36 NZST", "status": "NORMAL", "hasAnomaly": 0, "severity": "NONE"}}, {"type": "Feature", "geometry": {"type": "Point", "coordinates": [175.327, -37.794]}, "properties": {"id": "ATHER-NZW-1368", "name": "Silverdale", "town": "Silverdale, North Island, New Zealand, Pacific", "country": "Pacific", "temperature": 8.0, "pressure": 1019.8, "humidity": 93, "windSpeed": 5.0, "windDirection": "S", "condition": "Reported", "timestamp": "08:40:25 NZST", "status": "NORMAL", "hasAnomaly": 0, "severity": "NONE"}}, {"type": "Feature", "geometry": {"type": "Point", "coordinates": [175.2097, -37.6311]}, "properties": {"id": "ATHER-NZW-1369", "name": "Taupiri", "town": "Taupiri, North Island, New Zealand, Pacific", "country": "Pacific", "temperature": 7.0, "pressure": 1012.8, "humidity": 97, "windSpeed": 2.0, "windDirection": "SSW", "condition": "Reported", "timestamp": "08:25:42 NZST", "status": "NORMAL", "hasAnomaly": 0, "severity": "NONE"}}, {"type": "Feature", "geometry": {"type": "Point", "coordinates": [175.267, -37.986]}, "properties": {"id": "ATHER-NZW-1370", "name": "Te Awamutu", "town": "Te Awamutu, North Island, New Zealand, Pacific", "country": "Pacific", "temperature": null, "pressure": null, "humidity": null, "windSpeed": null, "windDirection": null, "condition": "Offline", "timestamp": "Offline", "status": "OFFLINE", "hasAnomaly": 0, "severity": "NONE"}}, {"type": "Feature", "geometry": {"type": "Point", "coordinates": [176.32806, -37.78194]}, "properties": {"id": "ATHER-NZW-1371", "name": "Te Puke", "town": "Te Puke, North Island, New Zealand, Pacific", "country": "Pacific", "temperature": 9.0, "pressure": 1013.0, "humidity": 99, "windSpeed": 0.0, "windDirection": "NW", "condition": "Reported", "timestamp": "08:40:36 NZST", "status": "NORMAL", "hasAnomaly": 0, "severity": "NONE"}}, {"type": "Feature", "geometry": {"type": "Point", "coordinates": [175.86456, -38.20275]}, "properties": {"id": "ATHER-NZW-1372", "name": "Tokoroa North", "town": "Tokoroa North, North Island, New Zealand, Pacific", "country": "Pacific", "temperature": 7.0, "pressure": 1017.8, "humidity": 99, "windSpeed": 0.0, "windDirection": "ESE", "condition": "Fog", "timestamp": "08:02:44 NZST", "status": "NORMAL", "hasAnomaly": 0, "severity": "NONE"}}, {"type": "Feature", "geometry": {"type": "Point", "coordinates": [175.16194, -40.69333]}, "properties": {"id": "ATHER-NZW-1373", "name": "Waikawa Beach", "town": "Waikawa Beach, North Island, New Zealand, Pacific", "country": "Pacific", "temperature": 6.0, "pressure": 1014.2, "humidity": 91, "windSpeed": 8.0, "windDirection": "ENE", "condition": "Reported", "timestamp": "08:40:25 NZST", "status": "NORMAL", "hasAnomaly": 0, "severity": "NONE"}}, {"type": "Feature", "geometry": {"type": "Point", "coordinates": [176.54765, -39.99544]}, "properties": {"id": "ATHER-NZW-1374", "name": "Waipukurau", "town": "Waipukurau, North Island, New Zealand, Pacific", "country": "Pacific", "temperature": 17.0, "pressure": 1024.7, "humidity": 86, "windSpeed": 0.0, "windDirection": "N", "condition": "Sunny", "timestamp": "08:40:33 NZST", "status": "NORMAL", "hasAnomaly": 0, "severity": "NONE"}}, {"type": "Feature", "geometry": {"type": "Point", "coordinates": [177.42639899, -39.04516934]}, "properties": {"id": "ATHER-NZW-1375", "name": "Wairoa", "town": "Wairoa, North Island, New Zealand, Pacific", "country": "Pacific", "temperature": 4.0, "pressure": 1012.0, "humidity": 99, "windSpeed": 6.0, "windDirection": "NW", "condition": "Reported", "timestamp": "08:24:20 NZST", "status": "NORMAL", "hasAnomaly": 0, "severity": "NONE"}}, {"type": "Feature", "geometry": {"type": "Point", "coordinates": [174.62528, -36.8565]}, "properties": {"id": "ATHER-NZW-1376", "name": "Waitakere", "town": "Waitakere, North Island, New Zealand, Pacific", "country": "Pacific", "temperature": 9.0, "pressure": 1013.5, "humidity": 98, "windSpeed": 0.0, "windDirection": "NE", "condition": "Reported", "timestamp": "08:40:37 NZST", "status": "NORMAL", "hasAnomaly": 0, "severity": "NONE"}}, {"type": "Feature", "geometry": {"type": "Point", "coordinates": [174.255, -39.005]}, "properties": {"id": "ATHER-NZW-1377", "name": "Waitara", "town": "Waitara, North Island, New Zealand, Pacific", "country": "Pacific", "temperature": 9.0, "pressure": 1010.3, "humidity": 93, "windSpeed": 6.0, "windDirection": "NE", "condition": "Reported", "timestamp": "08:39:25 NZST", "status": "NORMAL", "hasAnomaly": 0, "severity": "NONE"}}, {"type": "Feature", "geometry": {"type": "Point", "coordinates": [174.63825, -37.05814]}, "properties": {"id": "ATHER-NZW-1378", "name": "West Coast Road", "town": "West Coast Road, North Island, New Zealand, Pacific", "country": "Pacific", "temperature": 8.0, "pressure": 1012.6, "humidity": 95, "windSpeed": 0.0, "windDirection": "E", "condition": "Cloudy2", "timestamp": "08:40:41 NZST", "status": "NORMAL", "hasAnomaly": 0, "severity": "NONE"}}, {"type": "Feature", "geometry": {"type": "Point", "coordinates": [177.93278, -39.09167]}, "properties": {"id": "ATHER-NZW-1379", "name": "Whangawehi", "town": "Whangawehi, North Island, New Zealand, Pacific", "country": "Pacific", "temperature": null, "pressure": null, "humidity": null, "windSpeed": null, "windDirection": null, "condition": "Offline", "timestamp": "Offline", "status": "OFFLINE", "hasAnomaly": 0, "severity": "NONE"}}, {"type": "Feature", "geometry": {"type": "Point", "coordinates": [175.08973, -39.97958]}, "properties": {"id": "ATHER-NZW-1380", "name": "Wiritoa", "town": "Wiritoa, North Island, New Zealand, Pacific", "country": "Pacific", "temperature": 7.0, "pressure": 1013.1, "humidity": 83, "windSpeed": 8.0, "windDirection": "NE", "condition": "Reported", "timestamp": "08:40:26 NZST", "status": "NORMAL", "hasAnomaly": 0, "severity": "NONE"}}, {"type": "Feature", "geometry": {"type": "Point", "coordinates": [168.8307, -44.9445]}, "properties": {"id": "ATHER-NZW-1381", "name": "Arrowtown", "town": "Arrowtown, South Island, New Zealand, Pacific", "country": "Pacific", "temperature": 5.0, "pressure": 1000.3, "humidity": 70, "windSpeed": 3.0, "windDirection": "N", "condition": "Dry", "timestamp": "08:40:22 NZST", "status": "NORMAL", "hasAnomaly": 0, "severity": "NONE"}}, {"type": "Feature", "geometry": {"type": "Point", "coordinates": [171.5649, -42.9466]}, "properties": {"id": "ATHER-NZW-1382", "name": "Arthurs Pass", "town": "Arthurs Pass, South Island, New Zealand, Pacific", "country": "Pacific", "temperature": 5.0, "pressure": 1005.5, "humidity": 62, "windSpeed": 16.0, "windDirection": "WNW", "condition": "Reported", "timestamp": "08:30:40 NZST", "status": "NORMAL", "hasAnomaly": 0, "severity": "NONE"}}, {"type": "Feature", "geometry": {"type": "Point", "coordinates": [171.7757, -43.88069]}, "properties": {"id": "ATHER-NZW-1383", "name": "Ashburton", "town": "Ashburton, South Island, New Zealand, Pacific", "country": "Pacific", "temperature": 3.0, "pressure": 1005.1, "humidity": 84, "windSpeed": 2.0, "windDirection": "NW", "condition": "Cloudy", "timestamp": "08:40:32 NZST", "status": "NORMAL", "hasAnomaly": 0, "severity": "NONE"}}, {"type": "Feature", "geometry": {"type": "Point", "coordinates": [171.852, -43.721]}, "properties": {"id": "ATHER-NZW-1384", "name": "Barrhill", "town": "Barrhill, South Island, New Zealand, Pacific", "country": "Pacific", "temperature": -40.0, "pressure": 1008.4, "humidity": 72, "windSpeed": 6.0, "windDirection": "NW", "condition": "Reported", "timestamp": "08:40:20 NZST", "status": "ANOMALY", "hasAnomaly": 1, "severity": "HIGH"}}, {"type": "Feature", "geometry": {"type": "Point", "coordinates": [172.643, -43.565]}, "properties": {"id": "ATHER-NZW-1385", "name": "Beckenham", "town": "Beckenham, South Island, New Zealand, Pacific", "country": "Pacific", "temperature": 4.0, "pressure": 1006.5, "humidity": 96, "windSpeed": 3.0, "windDirection": "N", "condition": "Dry", "timestamp": "08:40:38 NZST", "status": "NORMAL", "hasAnomaly": 0, "severity": "NONE"}}, {"type": "Feature", "geometry": {"type": "Point", "coordinates": [172.5801, -43.4909]}, "properties": {"id": "ATHER-NZW-1386", "name": "Bishopdale", "town": "Bishopdale, South Island, New Zealand, Pacific", "country": "Pacific", "temperature": 3.0, "pressure": 1014.3, "humidity": 100, "windSpeed": 0.0, "windDirection": "NW", "condition": "Reported", "timestamp": "08:39:33 NZST", "status": "NORMAL", "hasAnomaly": 0, "severity": "NONE"}}, {"type": "Feature", "geometry": {"type": "Point", "coordinates": [173.97, -41.513]}, "properties": {"id": "ATHER-NZW-1387", "name": "Blenheim", "town": "Blenheim, South Island, New Zealand, Pacific", "country": "Pacific", "temperature": 6.0, "pressure": 1010.2, "humidity": 73, "windSpeed": 1.0, "windDirection": "SSE", "condition": "Dry", "timestamp": "08:40:40 NZST", "status": "NORMAL", "hasAnomaly": 0, "severity": "NONE"}}, {"type": "Feature", "geometry": {"type": "Point", "coordinates": [171.71528, -43.21]}, "properties": {"id": "ATHER-NZW-1388", "name": "Castle Hill", "town": "Castle Hill, South Island, New Zealand, Pacific", "country": "Pacific", "temperature": 4.0, "pressure": 1006.0, "humidity": 69, "windSpeed": 0.0, "windDirection": "E", "condition": "Clear", "timestamp": "08:40:36 NZST", "status": "NORMAL", "hasAnomaly": 0, "severity": "NONE"}}, {"type": "Feature", "geometry": {"type": "Point", "coordinates": [173.2634, -42.80272]}, "properties": {"id": "ATHER-NZW-1389", "name": "Cheviot", "town": "Cheviot, South Island, New Zealand, Pacific", "country": "Pacific", "temperature": 1.0, "pressure": 1005.2, "humidity": 91, "windSpeed": 0.0, "windDirection": "E", "condition": "Dry", "timestamp": "08:40:37 NZST", "status": "NORMAL", "hasAnomaly": 0, "severity": "NONE"}}, {"type": "Feature", "geometry": {"type": "Point", "coordinates": [170.5205, -45.8469]}, "properties": {"id": "ATHER-NZW-1390", "name": "Dunedin", "town": "Dunedin, South Island, New Zealand, Pacific", "country": "Pacific", "temperature": 12.0, "pressure": 1003.6, "humidity": 57, "windSpeed": 13.0, "windDirection": "N", "condition": "Reported", "timestamp": "08:39:55 NZST", "status": "NORMAL", "hasAnomaly": 0, "severity": "NONE"}}, {"type": "Feature", "geometry": {"type": "Point", "coordinates": [172.588333, -43.526389]}, "properties": {"id": "ATHER-NZW-1391", "name": "Fendalton", "town": "Fendalton, Christchurch, South Island, New Zealand, Pacific", "country": "Pacific", "temperature": 8.0, "pressure": 1005.8, "humidity": 84, "windSpeed": 0.0, "windDirection": "ENE", "condition": "Dry", "timestamp": "08:40:39 NZST", "status": "NORMAL", "hasAnomaly": 0, "severity": "NONE"}}, {"type": "Feature", "geometry": {"type": "Point", "coordinates": [173.879561, -41.289874]}, "properties": {"id": "ATHER-NZW-1392", "name": "Linkwater", "town": "Linkwater, South Island, New Zealand, Pacific", "country": "Pacific", "temperature": 6.0, "pressure": 1012.3, "humidity": 92, "windSpeed": 0.0, "windDirection": "NNE", "condition": "Reported", "timestamp": "08:40:41 NZST", "status": "NORMAL", "hasAnomaly": 0, "severity": "NONE"}}, {"type": "Feature", "geometry": {"type": "Point", "coordinates": [173.03806, -41.2775]}, "properties": {"id": "ATHER-NZW-1393", "name": "Mahana", "town": "Mahana, South Island, New Zealand, Pacific", "country": "Pacific", "temperature": 7.0, "pressure": 1011.0, "humidity": 98, "windSpeed": 0.0, "windDirection": "SSW", "condition": "Dry", "timestamp": "08:40:33 NZST", "status": "NORMAL", "hasAnomaly": 0, "severity": "NONE"}}, {"type": "Feature", "geometry": {"type": "Point", "coordinates": [168.39889, -46.32778]}, "properties": {"id": "ATHER-NZW-1394", "name": "Makarewa", "town": "Makarewa, South Island, New Zealand, Pacific", "country": "Pacific", "temperature": 9.0, "pressure": 1000.7, "humidity": 74, "windSpeed": 1.0, "windDirection": "NNE", "condition": "Overcast", "timestamp": "08:40:42 NZST", "status": "NORMAL", "hasAnomaly": 0, "severity": "NONE"}}, {"type": "Feature", "geometry": {"type": "Point", "coordinates": [173.009, -41.006]}, "properties": {"id": "ATHER-NZW-1395", "name": "Marahau", "town": "Marahau, South Island, New Zealand, Pacific", "country": "Pacific", "temperature": 5.0, "pressure": 1011.3, "humidity": 90, "windSpeed": 1.0, "windDirection": "N", "condition": "Reported", "timestamp": "08:40:18 NZST", "status": "NORMAL", "hasAnomaly": 0, "severity": "NONE"}}, {"type": "Feature", "geometry": {"type": "Point", "coordinates": [170.977, -45.078]}, "properties": {"id": "ATHER-NZW-1396", "name": "Oamaru North", "town": "Oamaru North, South Island, New Zealand, Pacific", "country": "Pacific", "temperature": null, "pressure": null, "humidity": null, "windSpeed": null, "windDirection": null, "condition": "Offline", "timestamp": "Offline", "status": "OFFLINE", "hasAnomaly": 0, "severity": "NONE"}}, {"type": "Feature", "geometry": {"type": "Point", "coordinates": [172.63416, -40.58361]}, "properties": {"id": "ATHER-NZW-1397", "name": "Pakawau", "town": "Pakawau, South Island, New Zealand, Pacific", "country": "Pacific", "temperature": 8.0, "pressure": 1011.3, "humidity": 89, "windSpeed": 14.0, "windDirection": "SE", "condition": "Cloudy2", "timestamp": "08:40:44 NZST", "status": "NORMAL", "hasAnomaly": 0, "severity": "NONE"}}, {"type": "Feature", "geometry": {"type": "Point", "coordinates": [173.999661, -41.293168]}, "properties": {"id": "ATHER-NZW-1398", "name": "Picton", "town": "Picton, South Island, New Zealand, Pacific", "country": "Pacific", "temperature": 8.0, "pressure": 1011.3, "humidity": 92, "windSpeed": 0.0, "windDirection": "SSW", "condition": "Reported", "timestamp": "08:40:47 NZST", "status": "NORMAL", "hasAnomaly": 0, "severity": "NONE"}}, {"type": "Feature", "geometry": {"type": "Point", "coordinates": [172.83667, -43.64972]}, "properties": {"id": "ATHER-NZW-1399", "name": "Port Levy", "town": "Port Levy, South Island, New Zealand, Pacific", "country": "Pacific", "temperature": null, "pressure": null, "humidity": null, "windSpeed": null, "windDirection": null, "condition": "Offline", "timestamp": "Offline", "status": "OFFLINE", "hasAnomaly": 0, "severity": "NONE"}}, {"type": "Feature", "geometry": {"type": "Point", "coordinates": [173.309207, -42.878507]}, "properties": {"id": "ATHER-NZW-1400", "name": "Port Robinson", "town": "Port Robinson, South Island, New Zealand, Pacific", "country": "Pacific", "temperature": 10.0, "pressure": 1004.9, "humidity": 50, "windSpeed": 5.0, "windDirection": "W", "condition": "Sunny", "timestamp": "08:40:56 NZST", "status": "NORMAL", "hasAnomaly": 0, "severity": "NONE"}}, {"type": "Feature", "geometry": {"type": "Point", "coordinates": [168.37, -46.388]}, "properties": {"id": "ATHER-NZW-1401", "name": "Rosedale", "town": "Rosedale,Invercargill, South Island, New Zealand, Pacific", "country": "Pacific", "temperature": 8.0, "pressure": 1002.1, "humidity": 70, "windSpeed": 0.0, "windDirection": "N", "condition": "Overcast", "timestamp": "08:40:45 NZST", "status": "NORMAL", "hasAnomaly": 0, "severity": "NONE"}}, {"type": "Feature", "geometry": {"type": "Point", "coordinates": [168.12611, -46.90139]}, "properties": {"id": "ATHER-NZW-1402", "name": "Stewart Island", "town": "Stewart Island, South Island, New Zealand, Pacific", "country": "Pacific", "temperature": 11.0, "pressure": 1002.3, "humidity": 57, "windSpeed": 2.0, "windDirection": "WNW", "condition": "Reported", "timestamp": "08:30:18 NZST", "status": "NORMAL", "hasAnomaly": 0, "severity": "NONE"}}, {"type": "Feature", "geometry": {"type": "Point", "coordinates": [172.80722, -40.88583]}, "properties": {"id": "ATHER-NZW-1403", "name": "Takaka", "town": "Takaka, South Island, New Zealand, Pacific", "country": "Pacific", "temperature": 5.0, "pressure": 1012.3, "humidity": 95, "windSpeed": 2.0, "windDirection": "S", "condition": "Dry", "timestamp": "08:40:56 NZST", "status": "NORMAL", "hasAnomaly": 0, "severity": "NONE"}}, {"type": "Feature", "geometry": {"type": "Point", "coordinates": [173.0505185, -41.189487]}, "properties": {"id": "ATHER-NZW-1404", "name": "Tasman Village", "town": "Tasman Village, South Island, New Zealand, Pacific", "country": "Pacific", "temperature": null, "pressure": null, "humidity": null, "windSpeed": null, "windDirection": null, "condition": "Offline", "timestamp": "Offline", "status": "OFFLINE", "hasAnomaly": 0, "severity": "NONE"}}, {"type": "Feature", "geometry": {"type": "Point", "coordinates": [167.65, -45.53306]}, "properties": {"id": "ATHER-NZW-1405", "name": "Te Anau", "town": "Te Anau, South Island, New Zealand, Pacific", "country": "Pacific", "temperature": 13.0, "pressure": 1001.2, "humidity": 55, "windSpeed": 10.0, "windDirection": "NW", "condition": "Reported", "timestamp": "08:40:06 NZST", "status": "NORMAL", "hasAnomaly": 0, "severity": "NONE"}}, {"type": "Feature", "geometry": {"type": "Point", "coordinates": [172.46722, -43.55139]}, "properties": {"id": "ATHER-NZW-1406", "name": "Templeton", "town": "Templeton, South Island, New Zealand, Pacific", "country": "Pacific", "temperature": 6.0, "pressure": 1006.0, "humidity": 94, "windSpeed": 0.0, "windDirection": "ENE", "condition": "Clear", "timestamp": "08:40:51 NZST", "status": "NORMAL", "hasAnomaly": 0, "severity": "NONE"}}, {"type": "Feature", "geometry": {"type": "Point", "coordinates": [170.662, -45.598]}, "properties": {"id": "ATHER-NZW-1407", "name": "Waikouaiti", "town": "Waikouaiti, South Island, New Zealand, Pacific", "country": "Pacific", "temperature": null, "pressure": null, "humidity": null, "windSpeed": null, "windDirection": null, "condition": "Offline", "timestamp": "Offline", "status": "OFFLINE", "hasAnomaly": 0, "severity": "NONE"}}, {"type": "Feature", "geometry": {"type": "Point", "coordinates": [172.67417, -43.47139]}, "properties": {"id": "ATHER-NZW-1408", "name": "Waitikiri", "town": "Waitikiri, South Island, New Zealand, Pacific", "country": "Pacific", "temperature": 5.0, "pressure": 1005.5, "humidity": 94, "windSpeed": 0.0, "windDirection": "E", "condition": "Cloudy2", "timestamp": "08:41:06 NZST", "status": "NORMAL", "hasAnomaly": 0, "severity": "NONE"}}, {"type": "Feature", "geometry": {"type": "Point", "coordinates": [169.13139, -44.6822]}, "properties": {"id": "ATHER-NZW-1409", "name": "Wanaka", "town": "Wanaka, South Island, New Zealand, Pacific", "country": "Pacific", "temperature": 9.0, "pressure": 1004.7, "humidity": 70, "windSpeed": 9.0, "windDirection": "NW", "condition": "Dry", "timestamp": "08:40:56 NZST", "status": "NORMAL", "hasAnomaly": 0, "severity": "NONE"}}, {"type": "Feature", "geometry": {"type": "Point", "coordinates": [171.6783, -41.7401]}, "properties": {"id": "ATHER-NZW-1410", "name": "Westport", "town": "Westport, South Island, New Zealand, Pacific", "country": "Pacific", "temperature": null, "pressure": null, "humidity": null, "windSpeed": null, "windDirection": null, "condition": "Offline", "timestamp": "Offline", "status": "OFFLINE", "hasAnomaly": 0, "severity": "NONE"}}, {"type": "Feature", "geometry": {"type": "Point", "coordinates": [168.33889, -46.1475]}, "properties": {"id": "ATHER-NZW-1411", "name": "Winton", "town": "Winton, South Island, New Zealand, Pacific", "country": "Pacific", "temperature": null, "pressure": null, "humidity": null, "windSpeed": null, "windDirection": null, "condition": "Offline", "timestamp": "Offline", "status": "OFFLINE", "hasAnomaly": 0, "severity": "NONE"}}, {"type": "Feature", "geometry": {"type": "Point", "coordinates": [-3.066, 51.035]}, "properties": {"id": "ATHER-NZW-1412", "name": "Taunton", "town": "Taunton, World, New Zealand, Pacific", "country": "Pacific", "temperature": null, "pressure": null, "humidity": null, "windSpeed": null, "windDirection": null, "condition": "Offline", "timestamp": "Offline", "status": "OFFLINE", "hasAnomaly": 0, "severity": "NONE"}}, {"type": "Feature", "geometry": {"type": "Point", "coordinates": [-86.354336, 31.733099]}, "properties": {"id": "ATHER-SEW-1413", "name": "Rutledge", "town": "Rutledge, Alabama, USA", "country": "USA", "temperature": 35.6, "pressure": 1015.2, "humidity": 50, "windSpeed": 3.2, "windDirection": "WSW", "condition": "Few Clouds", "timestamp": "16:41:53 EDT", "status": "NORMAL", "hasAnomaly": 0, "severity": "NONE"}}, {"type": "Feature", "geometry": {"type": "Point", "coordinates": [-149.84269714, 61.10609818]}, "properties": {"id": "ATHER-AKW-1414", "name": "Anchorage", "town": "Anchorage, Alaska, USA", "country": "USA", "temperature": 20.0, "pressure": 1005.8, "humidity": 49, "windSpeed": 8.0, "windDirection": "SSE", "condition": "Mostly Cloudy", "timestamp": "12:38:54 AKDT", "status": "NORMAL", "hasAnomaly": 0, "severity": "NONE"}}, {"type": "Feature", "geometry": {"type": "Point", "coordinates": [-149.826492, 61.098816]}, "properties": {"id": "ATHER-AKW-1415", "name": "Anchorage-2", "town": "Anchorage-2, Alaska, USA", "country": "USA", "temperature": 17.8, "pressure": 1005.1, "humidity": 65, "windSpeed": 3.2, "windDirection": "SE", "condition": "Mostly Cloudy", "timestamp": "12:38:55 AKDT", "status": "NORMAL", "hasAnomaly": 0, "severity": "NONE"}}, {"type": "Feature", "geometry": {"type": "Point", "coordinates": [-134.43101, 58.29451]}, "properties": {"id": "ATHER-AKW-1416", "name": "Juneau", "town": "Juneau, Alaska, USA", "country": "USA", "temperature": 13.3, "pressure": 1023.7, "humidity": 96, "windSpeed": 0.0, "windDirection": "E", "condition": "light Rain +Mist", "timestamp": "12:39:02 AKDT", "status": "NORMAL", "hasAnomaly": 0, "severity": "NONE"}}, {"type": "Feature", "geometry": {"type": "Point", "coordinates": [-151.311736, 60.577966]}, "properties": {"id": "ATHER-AKW-1417", "name": "Kenai", "town": "Kenai, Alaska, USA", "country": "USA", "temperature": 15.6, "pressure": 1005.8, "humidity": 90, "windSpeed": 6.4, "windDirection": "E", "condition": "Partly Cloudy", "timestamp": "12:38:54 AKDT", "status": "NORMAL", "hasAnomaly": 0, "severity": "NONE"}}, {"type": "Feature", "geometry": {"type": "Point", "coordinates": [-150.021622, 61.71386]}, "properties": {"id": "ATHER-AKW-1418", "name": "Willow", "town": "Willow, Alaska, USA", "country": "USA", "temperature": 13.9, "pressure": 1006.8, "humidity": 89, "windSpeed": 3.2, "windDirection": "SSE", "condition": "Stopped Raining", "timestamp": "12:38:59 AKDT", "status": "NORMAL", "hasAnomaly": 0, "severity": "NONE"}}, {"type": "Feature", "geometry": {"type": "Point", "coordinates": [-112.1386119, 33.876464]}, "properties": {"id": "ATHER-SWN-1419", "name": "Anthem N Parkside", "town": "Anthem N Parkside, Arizona, USA", "country": "USA", "temperature": 36.1, "pressure": 1011.9, "humidity": 35, "windSpeed": 1.6, "windDirection": "SW", "condition": "Clear", "timestamp": "13:39:59 PDT", "status": "NORMAL", "hasAnomaly": 0, "severity": "NONE"}}, {"type": "Feature", "geometry": {"type": "Point", "coordinates": [-112.201328, 33.586438]}, "properties": {"id": "ATHER-SWN-1420", "name": "Glendale", "town": "Glendale, Arizona, USA", "country": "USA", "temperature": 36.7, "pressure": 1007.8, "humidity": 39, "windSpeed": 1.6, "windDirection": "W", "condition": "Mostly Cloudy", "timestamp": "13:32:12 PDT", "status": "NORMAL", "hasAnomaly": 0, "severity": "NONE"}}, {"type": "Feature", "geometry": {"type": "Point", "coordinates": [-112.04493, 33.075974]}, "properties": {"id": "ATHER-SWN-1421", "name": "Maricopa", "town": "Maricopa, Arizona, USA", "country": "USA", "temperature": 38.9, "pressure": 1013.9, "humidity": 34, "windSpeed": 4.8, "windDirection": "N", "condition": "Sunny", "timestamp": "13:35:15 PDT", "status": "NORMAL", "hasAnomaly": 0, "severity": "NONE"}}, {"type": "Feature", "geometry": {"type": "Point", "coordinates": [-112.007095, 33.645515]}, "properties": {"id": "ATHER-SWN-1422", "name": "NE Phoenix", "town": "NE Phoenix, Arizona, USA", "country": "USA", "temperature": 38.3, "pressure": 1012.9, "humidity": 29, "windSpeed": 9.7, "windDirection": "SW", "condition": "Sunny", "timestamp": "13:39:57 PDT", "status": "NORMAL", "hasAnomaly": 0, "severity": "NONE"}}, {"type": "Feature", "geometry": {"type": "Point", "coordinates": [-110.924133, 32.581219]}, "properties": {"id": "ATHER-SWN-1423", "name": "Oracle", "town": "Oracle, Arizona, USA", "country": "USA", "temperature": 33.9, "pressure": 1006.1, "humidity": 31, "windSpeed": 0.0, "windDirection": "NW", "condition": "Clear", "timestamp": "13:38:27 PDT", "status": "NORMAL", "hasAnomaly": 0, "severity": "NONE"}}, {"type": "Feature", "geometry": {"type": "Point", "coordinates": [-112.02803, 33.653156]}, "properties": {"id": "ATHER-SWN-1424", "name": "Pepper Ridge", "town": "Pepper Ridge, Arizona, USA", "country": "USA", "temperature": 35.6, "pressure": 1009.1, "humidity": 40, "windSpeed": 0.0, "windDirection": "SSE", "condition": "Sunny", "timestamp": "13:39:57 PDT", "status": "NORMAL", "hasAnomaly": 0, "severity": "NONE"}}, {"type": "Feature", "geometry": {"type": "Point", "coordinates": [-111.06601, 32.369305]}, "properties": {"id": "ATHER-SWN-1425", "name": "Tucson", "town": "Tucson, Arizona, USA", "country": "USA", "temperature": 37.8, "pressure": 1008.1, "humidity": 28, "windSpeed": 6.4, "windDirection": "W", "condition": "Sunny", "timestamp": "13:39:53 PDT", "status": "NORMAL", "hasAnomaly": 0, "severity": "NONE"}}, {"type": "Feature", "geometry": {"type": "Point", "coordinates": [-110.844401, 32.226108]}, "properties": {"id": "ATHER-SWN-1426", "name": "Tucson-2", "town": "Tucson-2, Arizona, USA", "country": "USA", "temperature": 35.0, "pressure": 1008.5, "humidity": 27, "windSpeed": 4.8, "windDirection": "ESE", "condition": "Clear", "timestamp": "13:39:54 PDT", "status": "NORMAL", "hasAnomaly": 0, "severity": "NONE"}}, {"type": "Feature", "geometry": {"type": "Point", "coordinates": [-110.78488, 32.236924]}, "properties": {"id": "ATHER-SWN-1427", "name": "Tucson-3", "town": "Tucson-3, Arizona, USA", "country": "USA", "temperature": 36.1, "pressure": 924.5, "humidity": 29, "windSpeed": 4.8, "windDirection": "SW", "condition": "Clear", "timestamp": "13:40:02 PDT", "status": "ANOMALY", "hasAnomaly": 1, "severity": "HIGH"}}, {"type": "Feature", "geometry": {"type": "Point", "coordinates": [-112.307907, 33.570076]}, "properties": {"id": "ATHER-SWN-1428", "name": "Youngtown", "town": "Youngtown, Arizona, USA", "country": "USA", "temperature": 37.2, "pressure": 1007.5, "humidity": 39, "windSpeed": 0.0, "windDirection": "E", "condition": "Sunny", "timestamp": "13:39:38 PDT", "status": "NORMAL", "hasAnomaly": 0, "severity": "NONE"}}, {"type": "Feature", "geometry": {"type": "Point", "coordinates": [-92.954695, 34.46254]}, "properties": {"id": "ATHER-MSW-1429", "name": "Hot Springs National Park", "town": "Hot Springs National Park, Arkansas, USA", "country": "USA", "temperature": 32.8, "pressure": 1015.9, "humidity": 55, "windSpeed": 4.8, "windDirection": "SW", "condition": "Mostly Cloudy", "timestamp": "15:41:46 CDT", "status": "NORMAL", "hasAnomaly": 0, "severity": "NONE"}}, {"type": "Feature", "geometry": {"type": "Point", "coordinates": [-118.2, 34.45]}, "properties": {"id": "ATHER-SWN-1430", "name": "Acton", "town": "Acton, California, USA", "country": "USA", "temperature": 31.7, "pressure": 1006.4, "humidity": 33, "windSpeed": 4.8, "windDirection": "WSW", "condition": "Clear", "timestamp": "13:38:49 PDT", "status": "NORMAL", "hasAnomaly": 0, "severity": "NONE"}}, {"type": "Feature", "geometry": {"type": "Point", "coordinates": [-119.029884, 34.231133]}, "properties": {"id": "ATHER-SWN-1431", "name": "Camarillo", "town": "Camarillo, California, USA", "country": "USA", "temperature": 29.4, "pressure": 1014.2, "humidity": 55, "windSpeed": 0.0, "windDirection": "N", "condition": "Clear", "timestamp": "13:39:51 PDT", "status": "NORMAL", "hasAnomaly": 0, "severity": "NONE"}}, {"type": "Feature", "geometry": {"type": "Point", "coordinates": [-117.252605, 33.108578]}, "properties": {"id": "ATHER-SWN-1432", "name": "Carlsbad", "town": "Carlsbad, California, USA", "country": "USA", "temperature": 26.7, "pressure": 1014.2, "humidity": 76, "windSpeed": 8.0, "windDirection": "W", "condition": "Sunny", "timestamp": "13:39:59 PDT", "status": "NORMAL", "hasAnomaly": 0, "severity": "NONE"}}, {"type": "Feature", "geometry": {"type": "Point", "coordinates": [-117.94967, 34.15167]}, "properties": {"id": "ATHER-SWN-1433", "name": "Duarte", "town": "Duarte, California, USA", "country": "USA", "temperature": 33.9, "pressure": 1012.9, "humidity": 44, "windSpeed": 4.8, "windDirection": "SSW", "condition": "Clear", "timestamp": "13:30:10 PDT", "status": "NORMAL", "hasAnomaly": 0, "severity": "NONE"}}, {"type": "Feature", "geometry": {"type": "Point", "coordinates": [-119.152218, 36.283487]}, "properties": {"id": "ATHER-SWN-1434", "name": "Exeter", "town": "Exeter, California, USA", "country": "USA", "temperature": 36.7, "pressure": 1010.2, "humidity": 27, "windSpeed": 3.2, "windDirection": "NW", "condition": "Sunny", "timestamp": "13:40:01 PDT", "status": "NORMAL", "hasAnomaly": 0, "severity": "NONE"}}, {"type": "Feature", "geometry": {"type": "Point", "coordinates": [-120.869179, 39.005013]}, "properties": {"id": "ATHER-SWN-1435", "name": "Foresthill", "town": "Foresthill, California, USA", "country": "USA", "temperature": 33.3, "pressure": 1012.5, "humidity": 16, "windSpeed": 12.9, "windDirection": "SSW", "condition": "Clear", "timestamp": "13:35:10 PDT", "status": "NORMAL", "hasAnomaly": 0, "severity": "NONE"}}, {"type": "Feature", "geometry": {"type": "Point", "coordinates": [-121.2895, 38.14883]}, "properties": {"id": "ATHER-SWN-1436", "name": "Lodi", "town": "Lodi, California, USA", "country": "USA", "temperature": 31.7, "pressure": 1008.5, "humidity": 43, "windSpeed": 1.6, "windDirection": "N", "condition": "Clear", "timestamp": "13:40:04 PDT", "status": "NORMAL", "hasAnomaly": 0, "severity": "NONE"}}, {"type": "Feature", "geometry": {"type": "Point", "coordinates": [-119.82833, 37.42917]}, "properties": {"id": "ATHER-SWN-1437", "name": "Mariposa County", "town": "Mariposa County, California, USA", "country": "USA", "temperature": 34.4, "pressure": 1009.5, "humidity": 20, "windSpeed": 4.8, "windDirection": "SSW", "condition": "Clear", "timestamp": "13:30:58 PDT", "status": "NORMAL", "hasAnomaly": 0, "severity": "NONE"}}, {"type": "Feature", "geometry": {"type": "Point", "coordinates": [-122.163017, 37.771374]}, "properties": {"id": "ATHER-SWN-1438", "name": "Oakland", "town": "Oakland, California, USA", "country": "USA", "temperature": 26.7, "pressure": 1012.9, "humidity": 50, "windSpeed": 1.6, "windDirection": "NW", "condition": "Few Clouds", "timestamp": "13:39:57 PDT", "status": "NORMAL", "hasAnomaly": 0, "severity": "NONE"}}, {"type": "Feature", "geometry": {"type": "Point", "coordinates": [-117.253381, 33.246355]}, "properties": {"id": "ATHER-SWN-1439", "name": "Oceanside", "town": "Oceanside, California, USA", "country": "USA", "temperature": 28.3, "pressure": 1011.9, "humidity": 69, "windSpeed": 11.3, "windDirection": "W", "condition": "Clear", "timestamp": "13:39:56 PDT", "status": "NORMAL", "hasAnomaly": 0, "severity": "NONE"}}, {"type": "Feature", "geometry": {"type": "Point", "coordinates": [-122.485397, 37.635038]}, "properties": {"id": "ATHER-SWN-1440", "name": "Pacifica", "town": "Pacifica, California, USA", "country": "USA", "temperature": 16.1, "pressure": 1024.0, "humidity": null, "windSpeed": 3.2, "windDirection": "ENE", "condition": "Partly Cloudy", "timestamp": "13:39:37 PDT", "status": "NORMAL", "hasAnomaly": 0, "severity": "NONE"}}, {"type": "Feature", "geometry": {"type": "Point", "coordinates": [-116.39617, 33.82417]}, "properties": {"id": "ATHER-SWN-1441", "name": "Palm Springs", "town": "Palm Springs, California, USA", "country": "USA", "temperature": 38.3, "pressure": 1009.5, "humidity": 29, "windSpeed": 0.0, "windDirection": "SW", "condition": "Partly Cloudy", "timestamp": "13:40:02 PDT", "status": "NORMAL", "hasAnomaly": 0, "severity": "NONE"}}, {"type": "Feature", "geometry": {"type": "Point", "coordinates": [-120.84895, 38.69527]}, "properties": {"id": "ATHER-SWN-1442", "name": "Placerville", "town": "Placerville, California, USA", "country": "USA", "temperature": 35.0, "pressure": 1013.9, "humidity": 14, "windSpeed": 4.8, "windDirection": "WNW", "condition": "Sunny", "timestamp": "13:39:58 PDT", "status": "NORMAL", "hasAnomaly": 0, "severity": "NONE"}}, {"type": "Feature", "geometry": {"type": "Point", "coordinates": [-120.514549, 38.306236]}, "properties": {"id": "ATHER-SWN-1443", "name": "Rail Road Flat", "town": "Rail Road Flat, California, USA", "country": "USA", "temperature": 33.3, "pressure": 1010.8, "humidity": 16, "windSpeed": 8.0, "windDirection": "SE", "condition": "Clear", "timestamp": "13:39:51 PDT", "status": "NORMAL", "hasAnomaly": 0, "severity": "NONE"}}, {"type": "Feature", "geometry": {"type": "Point", "coordinates": [-117.0531, 32.8148]}, "properties": {"id": "ATHER-SWN-1444", "name": "San Diego", "town": "San Diego, California, USA", "country": "USA", "temperature": 31.1, "pressure": 1014.2, "humidity": 52, "windSpeed": 1.6, "windDirection": "SW", "condition": "Clear", "timestamp": "13:39:57 PDT", "status": "NORMAL", "hasAnomaly": 0, "severity": "NONE"}}, {"type": "Feature", "geometry": {"type": "Point", "coordinates": [-121.76499939, 37.29700089]}, "properties": {"id": "ATHER-SWN-1445", "name": "San Jose", "town": "San Jose, California, USA", "country": "USA", "temperature": 32.2, "pressure": 1012.2, "humidity": 27, "windSpeed": 1.6, "windDirection": "NNW", "condition": "Sunny", "timestamp": "13:36:25 PDT", "status": "NORMAL", "hasAnomaly": 0, "severity": "NONE"}}, {"type": "Feature", "geometry": {"type": "Point", "coordinates": [-122.335566, 37.548273]}, "properties": {"id": "ATHER-SWN-1446", "name": "San Mateo", "town": "San Mateo, California, USA", "country": "USA", "temperature": 26.7, "pressure": 1012.9, "humidity": 47, "windSpeed": 1.6, "windDirection": "WSW", "condition": "Clear", "timestamp": "13:33:19 PDT", "status": "NORMAL", "hasAnomaly": 0, "severity": "NONE"}}, {"type": "Feature", "geometry": {"type": "Point", "coordinates": [-122.0127411, 36.9803352]}, "properties": {"id": "ATHER-SWN-1447", "name": "Santa Cruz", "town": "Santa Cruz, California, USA", "country": "USA", "temperature": 21.7, "pressure": 1014.6, "humidity": 62, "windSpeed": 9.7, "windDirection": "ESE", "condition": "Clear", "timestamp": "13:40:07 PDT", "status": "NORMAL", "hasAnomaly": 0, "severity": "NONE"}}, {"type": "Feature", "geometry": {"type": "Point", "coordinates": [-122.02295, 37.27471]}, "properties": {"id": "ATHER-SWN-1448", "name": "Saratoga", "town": "Saratoga, California, USA", "country": "USA", "temperature": 30.0, "pressure": 1012.5, "humidity": 36, "windSpeed": 3.2, "windDirection": "NNW", "condition": "Sunny", "timestamp": "13:40:01 PDT", "status": "NORMAL", "hasAnomaly": 0, "severity": "NONE"}}, {"type": "Feature", "geometry": {"type": "Point", "coordinates": [-122.003304, 37.262501]}, "properties": {"id": "ATHER-SWN-1449", "name": "Saratoga-2", "town": "Saratoga-2, California, USA", "country": "USA", "temperature": 33.9, "pressure": 1012.5, "humidity": 34, "windSpeed": 3.2, "windDirection": "NNW", "condition": "Few Clouds", "timestamp": "13:35:17 PDT", "status": "NORMAL", "hasAnomaly": 0, "severity": "NONE"}}, {"type": "Feature", "geometry": {"type": "Point", "coordinates": [-122.034737, 37.08828]}, "properties": {"id": "ATHER-SWN-1450", "name": "Scotts Valley", "town": "Scotts Valley, California, USA", "country": "USA", "temperature": 25.6, "pressure": 1012.2, "humidity": 44, "windSpeed": 9.7, "windDirection": "E", "condition": "Clear", "timestamp": "13:35:13 PDT", "status": "NORMAL", "hasAnomaly": 0, "severity": "NONE"}}, {"type": "Feature", "geometry": {"type": "Point", "coordinates": [-118.74383, 34.2895]}, "properties": {"id": "ATHER-SWN-1451", "name": "Simi Valley", "town": "Simi Valley, California, USA", "country": "USA", "temperature": 31.7, "pressure": 1011.9, "humidity": 48, "windSpeed": 11.3, "windDirection": "SW", "condition": "Clear", "timestamp": "13:35:04 PDT", "status": "NORMAL", "hasAnomaly": 0, "severity": "NONE"}}, {"type": "Feature", "geometry": {"type": "Point", "coordinates": [-120.0604858, 39.2425194]}, "properties": {"id": "ATHER-SWN-1452", "name": "Tahoe Vista", "town": "Tahoe Vista, California, USA", "country": "USA", "temperature": 25.0, "pressure": 1022.7, "humidity": 37, "windSpeed": 0.0, "windDirection": "E", "condition": "Clear", "timestamp": "13:40:04 PDT", "status": "NORMAL", "hasAnomaly": 0, "severity": "NONE"}}, {"type": "Feature", "geometry": {"type": "Point", "coordinates": [-118.504051, 35.16531]}, "properties": {"id": "ATHER-SWN-1453", "name": "Tehachapi", "town": "Tehachapi, California, USA", "country": "USA", "temperature": 35.6, "pressure": 1010.8, "humidity": 18, "windSpeed": 17.7, "windDirection": "NNW", "condition": "Clear", "timestamp": "13:40:08 PDT", "status": "NORMAL", "hasAnomaly": 0, "severity": "NONE"}}, {"type": "Feature", "geometry": {"type": "Point", "coordinates": [-122.06967, 37.59633]}, "properties": {"id": "ATHER-SWN-1454", "name": "Union City", "town": "Union City, California, USA", "country": "USA", "temperature": 25.0, "pressure": 1012.2, "humidity": 49, "windSpeed": 9.7, "windDirection": "WSW", "condition": "Sunny", "timestamp": "13:39:55 PDT", "status": "NORMAL", "hasAnomaly": 0, "severity": "NONE"}}, {"type": "Feature", "geometry": {"type": "Point", "coordinates": [-121.95, 38.37]}, "properties": {"id": "ATHER-SWN-1455", "name": "Vacaville", "town": "Vacaville, California, USA", "country": "USA", "temperature": 32.8, "pressure": 1010.8, "humidity": 30, "windSpeed": 3.2, "windDirection": "N", "condition": "Clear", "timestamp": "13:30:02 PDT", "status": "NORMAL", "hasAnomaly": 0, "severity": "NONE"}}, {"type": "Feature", "geometry": {"type": "Point", "coordinates": [-121.56972, 39.09778]}, "properties": {"id": "ATHER-SWN-1456", "name": "Yuba City", "town": "Yuba City, California, USA", "country": "USA", "temperature": 32.2, "pressure": 1009.5, "humidity": 34, "windSpeed": 3.2, "windDirection": "ENE", "condition": "Sunny", "timestamp": "13:39:55 PDT", "status": "NORMAL", "hasAnomaly": 0, "severity": "NONE"}}, {"type": "Feature", "geometry": {"type": "Point", "coordinates": [-79.312903, 43.875506]}, "properties": {"id": "ATHER-NEW-1457", "name": "Unionville", "town": "Unionville, Ontario, Canada, USA", "country": "USA", "temperature": 29.4, "pressure": 1016.6, "humidity": 50, "windSpeed": 11.3, "windDirection": "SE", "condition": "Partly Cloudy", "timestamp": "16:37:41 EDT", "status": "NORMAL", "hasAnomaly": 0, "severity": "NONE"}}, {"type": "Feature", "geometry": {"type": "Point", "coordinates": [-104.7868, 39.6403]}, "properties": {"id": "ATHER-RMW-1458", "name": "Aurora", "town": "Aurora, Colorado, USA", "country": "USA", "temperature": 30.6, "pressure": 1006.1, "humidity": 20, "windSpeed": 6.4, "windDirection": "SE", "condition": "Mostly Cloudy", "timestamp": "14:39:43 MDT", "status": "NORMAL", "hasAnomaly": 0, "severity": "NONE"}}, {"type": "Feature", "geometry": {"type": "Point", "coordinates": [-107.53612, 37.21166]}, "properties": {"id": "ATHER-RMW-1459", "name": "Bayfield", "town": "Bayfield, Colorado, USA", "country": "USA", "temperature": 27.2, "pressure": 1008.1, "humidity": 30, "windSpeed": 4.8, "windDirection": "NNW", "condition": "Cloudy2", "timestamp": "14:35:46 MDT", "status": "NORMAL", "hasAnomaly": 0, "severity": "NONE"}}, {"type": "Feature", "geometry": {"type": "Point", "coordinates": [-104.81645, 39.98396]}, "properties": {"id": "ATHER-RMW-1460", "name": "Brighton", "town": "Brighton, Colorado, USA", "country": "USA", "temperature": 31.1, "pressure": 1026.8, "humidity": 10, "windSpeed": 6.4, "windDirection": "E", "condition": "Cloudy2", "timestamp": "14:40:01 MDT", "status": "NORMAL", "hasAnomaly": 0, "severity": "NONE"}}, {"type": "Feature", "geometry": {"type": "Point", "coordinates": [-105.082, 39.936]}, "properties": {"id": "ATHER-RMW-1461", "name": "Broomfield", "town": "Broomfield, Colorado, USA", "country": "USA", "temperature": 35.6, "pressure": 1009.8, "humidity": 25, "windSpeed": 0.0, "windDirection": "ENE", "condition": "Mainly Fine", "timestamp": "14:39:53 MDT", "status": "NORMAL", "hasAnomaly": 0, "severity": "NONE"}}, {"type": "Feature", "geometry": {"type": "Point", "coordinates": [-104.88533, 39.58883]}, "properties": {"id": "ATHER-RMW-1462", "name": "Centennial", "town": "Centennial, Colorado, USA", "country": "USA", "temperature": 28.9, "pressure": 1005.4, "humidity": 21, "windSpeed": 16.1, "windDirection": "E", "condition": "Mostly Cloudy", "timestamp": "14:35:52 MDT", "status": "NORMAL", "hasAnomaly": 0, "severity": "NONE"}}, {"type": "Feature", "geometry": {"type": "Point", "coordinates": [-104.706, 38.901]}, "properties": {"id": "ATHER-RMW-1463", "name": "Colorado Springs", "town": "Colorado Springs, Colorado, USA", "country": "USA", "temperature": 23.9, "pressure": 1009.8, "humidity": 40, "windSpeed": 4.8, "windDirection": "SE", "condition": "Few Clouds", "timestamp": "14:39:59 MDT", "status": "NORMAL", "hasAnomaly": 0, "severity": "NONE"}}, {"type": "Feature", "geometry": {"type": "Point", "coordinates": [-104.71535, 38.91362]}, "properties": {"id": "ATHER-RMW-1464", "name": "Colorado Springs 2", "town": "Colorado Springs 2, Colorado, USA", "country": "USA", "temperature": 27.2, "pressure": 1024.7, "humidity": 31, "windSpeed": 9.7, "windDirection": "SSW", "condition": "Mainly Fine", "timestamp": "14:40:00 MDT", "status": "NORMAL", "hasAnomaly": 0, "severity": "NONE"}}, {"type": "Feature", "geometry": {"type": "Point", "coordinates": [-105.04022, 39.75365]}, "properties": {"id": "ATHER-RMW-1465", "name": "Denver - West", "town": "Denver - West, Colorado, USA", "country": "USA", "temperature": 32.8, "pressure": 1003.4, "humidity": 24, "windSpeed": 1.6, "windDirection": "NE", "condition": "Dry", "timestamp": "14:39:44 MDT", "status": "NORMAL", "hasAnomaly": 0, "severity": "NONE"}}, {"type": "Feature", "geometry": {"type": "Point", "coordinates": [-105.48333, 40.38333]}, "properties": {"id": "ATHER-RMW-1466", "name": "Estes Park", "town": "Estes Park, Colorado, USA", "country": "USA", "temperature": 27.2, "pressure": 1006.1, "humidity": 16, "windSpeed": 14.5, "windDirection": "W", "condition": "Dry", "timestamp": "14:40:03 MDT", "status": "NORMAL", "hasAnomaly": 0, "severity": "NONE"}}, {"type": "Feature", "geometry": {"type": "Point", "coordinates": [-105.48, 39.83]}, "properties": {"id": "ATHER-RMW-1467", "name": "Gilpin County", "town": "Gilpin County, Colorado, USA", "country": "USA", "temperature": 26.1, "pressure": 1003.4, "humidity": 18, "windSpeed": 8.0, "windDirection": "E", "condition": "Mostly Cloudy", "timestamp": "14:39:53 MDT", "status": "NORMAL", "hasAnomaly": 0, "severity": "NONE"}}, {"type": "Feature", "geometry": {"type": "Point", "coordinates": [-103.4727, 39.13953]}, "properties": {"id": "ATHER-RMW-1468", "name": "Hugo", "town": "Hugo, Colorado, USA", "country": "USA", "temperature": null, "pressure": null, "humidity": null, "windSpeed": null, "windDirection": null, "condition": "Offline", "timestamp": "Offline", "status": "OFFLINE", "hasAnomaly": 0, "severity": "NONE"}}, {"type": "Feature", "geometry": {"type": "Point", "coordinates": [-105.1, 39.56]}, "properties": {"id": "ATHER-RMW-1469", "name": "Littleton 1", "town": "Littleton 1, Colorado, USA", "country": "USA", "temperature": null, "pressure": null, "humidity": null, "windSpeed": null, "windDirection": null, "condition": "Offline", "timestamp": "Offline", "status": "OFFLINE", "hasAnomaly": 0, "severity": "NONE"}}, {"type": "Feature", "geometry": {"type": "Point", "coordinates": [-104.996, 39.619]}, "properties": {"id": "ATHER-RMW-1470", "name": "Littleton 2", "town": "Littleton 2, Colorado, USA", "country": "USA", "temperature": 33.3, "pressure": 1001.7, "humidity": 13, "windSpeed": 3.2, "windDirection": "NE", "condition": "Dry", "timestamp": "14:40:08 MDT", "status": "NORMAL", "hasAnomaly": 0, "severity": "NONE"}}, {"type": "Feature", "geometry": {"type": "Point", "coordinates": [-104.57543, 38.29774]}, "properties": {"id": "ATHER-RMW-1471", "name": "Pueblo - Northeast", "town": "Pueblo - Northeast, Colorado, USA", "country": "USA", "temperature": 25.0, "pressure": 1014.2, "humidity": 10, "windSpeed": 20.9, "windDirection": "ENE", "condition": "Clear", "timestamp": "14:40:08 MDT", "status": "NORMAL", "hasAnomaly": 0, "severity": "NONE"}}, {"type": "Feature", "geometry": {"type": "Point", "coordinates": [-106.83, 40.48]}, "properties": {"id": "ATHER-RMW-1472", "name": "Steamboat Springs", "town": "Steamboat Springs, Colorado, USA", "country": "USA", "temperature": 30.6, "pressure": 0.0, "humidity": 4, "windSpeed": 16.1, "windDirection": "W", "condition": "Clear", "timestamp": "14:35:29 MDT", "status": "ANOMALY", "hasAnomaly": 1, "severity": "HIGH"}}, {"type": "Feature", "geometry": {"type": "Point", "coordinates": [-105.15745, 39.92723]}, "properties": {"id": "ATHER-RMW-1473", "name": "Superior", "town": "Superior, Colorado, USA", "country": "USA", "temperature": 30.0, "pressure": 1008.1, "humidity": 27, "windSpeed": 0.0, "windDirection": "N", "condition": "Overcast", "timestamp": "14:40:06 MDT", "status": "NORMAL", "hasAnomaly": 0, "severity": "NONE"}}, {"type": "Feature", "geometry": {"type": "Point", "coordinates": [-104.93033, 39.91617]}, "properties": {"id": "ATHER-RMW-1474", "name": "Thornton", "town": "Thornton, Colorado, USA", "country": "USA", "temperature": 31.7, "pressure": 1005.4, "humidity": 24, "windSpeed": 1.6, "windDirection": "E", "condition": "Sunny", "timestamp": "14:40:05 MDT", "status": "NORMAL", "hasAnomaly": 0, "severity": "NONE"}}, {"type": "Feature", "geometry": {"type": "Point", "coordinates": [-104.90132, 40.47849]}, "properties": {"id": "ATHER-RMW-1475", "name": "Windsor", "town": "Windsor, Colorado, USA", "country": "USA", "temperature": 31.1, "pressure": 1005.1, "humidity": 24, "windSpeed": 12.9, "windDirection": "ESE", "condition": "Dry", "timestamp": "14:40:00 MDT", "status": "NORMAL", "hasAnomaly": 0, "severity": "NONE"}}, {"type": "Feature", "geometry": {"type": "Point", "coordinates": [-72.79594, 41.30233]}, "properties": {"id": "ATHER-NEW-1476", "name": "Branford-1", "town": "Branford-1, Connecticut, USA", "country": "USA", "temperature": 26.7, "pressure": 1015.6, "humidity": 86, "windSpeed": 0.0, "windDirection": "NNE", "condition": "Mostly Cloudy", "timestamp": "16:35:00 EDT", "status": "NORMAL", "hasAnomaly": 0, "severity": "NONE"}}, {"type": "Feature", "geometry": {"type": "Point", "coordinates": [-72.803486, 41.265332]}, "properties": {"id": "ATHER-NEW-1477", "name": "Branford-2", "town": "Branford-2, Connecticut, USA", "country": "USA", "temperature": 27.2, "pressure": 1012.2, "humidity": 80, "windSpeed": 11.3, "windDirection": "SE", "condition": "Mostly Cloudy", "timestamp": "16:38:00 EDT", "status": "NORMAL", "hasAnomaly": 0, "severity": "NONE"}}, {"type": "Feature", "geometry": {"type": "Point", "coordinates": [-72.95652771, 41.36543655]}, "properties": {"id": "ATHER-NEW-1478", "name": "Hamden", "town": "Hamden, Connecticut, USA", "country": "USA", "temperature": 26.1, "pressure": 1016.6, "humidity": 86, "windSpeed": 1.6, "windDirection": "WSW", "condition": "Rain2", "timestamp": "16:37:55 EDT", "status": "NORMAL", "hasAnomaly": 0, "severity": "NONE"}}, {"type": "Feature", "geometry": {"type": "Point", "coordinates": [-73.49800873, 41.57595825]}, "properties": {"id": "ATHER-NEW-1479", "name": "Sherman", "town": "Sherman, Connecticut, USA", "country": "USA", "temperature": 26.7, "pressure": 1017.9, "humidity": 78, "windSpeed": 1.6, "windDirection": "N", "condition": "Sunny", "timestamp": "16:37:53 EDT", "status": "NORMAL", "hasAnomaly": 0, "severity": "NONE"}}, {"type": "Feature", "geometry": {"type": "Point", "coordinates": [-81.523619, 28.750473]}, "properties": {"id": "ATHER-SEW-1480", "name": "Apopka", "town": "Apopka, Florida, USA", "country": "USA", "temperature": 28.3, "pressure": 1016.3, "humidity": 78, "windSpeed": 3.2, "windDirection": "SE", "condition": "Dry", "timestamp": "16:25:32 EDT", "status": "NORMAL", "hasAnomaly": 0, "severity": "NONE"}}, {"type": "Feature", "geometry": {"type": "Point", "coordinates": [-82.599548, 27.480043]}, "properties": {"id": "ATHER-SEW-1481", "name": "Bradenton", "town": "Bradenton, Florida, USA", "country": "USA", "temperature": 31.1, "pressure": 1016.9, "humidity": 71, "windSpeed": 0.0, "windDirection": "WNW", "condition": "Clear", "timestamp": "16:41:50 EDT", "status": "NORMAL", "hasAnomaly": 0, "severity": "NONE"}}, {"type": "Feature", "geometry": {"type": "Point", "coordinates": [-81.95184326, 26.59829521]}, "properties": {"id": "ATHER-SEW-1482", "name": "Cape Coral", "town": "Cape Coral, Florida, USA", "country": "USA", "temperature": 26.1, "pressure": 1018.3, "humidity": 90, "windSpeed": 0.0, "windDirection": "SW", "condition": "Partly Cloudy", "timestamp": "16:40:32 EDT", "status": "NORMAL", "hasAnomaly": 0, "severity": "NONE"}}, {"type": "Feature", "geometry": {"type": "Point", "coordinates": [-87.00701904, 30.38405991]}, "properties": {"id": "ATHER-SEW-1483", "name": "Gulf Breeze", "town": "Gulf Breeze, Florida, USA", "country": "USA", "temperature": 30.0, "pressure": 1015.9, "humidity": 79, "windSpeed": 17.7, "windDirection": "SSW", "condition": "Clear", "timestamp": "16:41:57 EDT", "status": "NORMAL", "hasAnomaly": 0, "severity": "NONE"}}, {"type": "Feature", "geometry": {"type": "Point", "coordinates": [-81.17862701, 28.1147747]}, "properties": {"id": "ATHER-SEW-1484", "name": "Holopaw", "town": "Holopaw, Florida, USA", "country": "USA", "temperature": 29.4, "pressure": 1010.5, "humidity": 77, "windSpeed": 17.7, "windDirection": "SW", "condition": "Partly Cloudy", "timestamp": "16:41:56 EDT", "status": "NORMAL", "hasAnomaly": 0, "severity": "NONE"}}, {"type": "Feature", "geometry": {"type": "Point", "coordinates": [-81.77110291, 30.33550072]}, "properties": {"id": "ATHER-SEW-1485", "name": "Jacksonville-1", "town": "Jacksonville-1, Florida, USA", "country": "USA", "temperature": 26.7, "pressure": 1012.9, "humidity": 86, "windSpeed": 0.0, "windDirection": "S", "condition": "Thunder Storms", "timestamp": "16:41:59 EDT", "status": "NORMAL", "hasAnomaly": 0, "severity": "NONE"}}, {"type": "Feature", "geometry": {"type": "Point", "coordinates": [-80.18028259277344, 27.193571414057214]}, "properties": {"id": "ATHER-SEW-1486", "name": "Jupiter", "town": "Jupiter, Florida, USA", "country": "USA", "temperature": 30.0, "pressure": 1017.6, "humidity": 70, "windSpeed": 12.9, "windDirection": "W", "condition": "Sunny", "timestamp": "16:42:00 EDT", "status": "NORMAL", "hasAnomaly": 0, "severity": "NONE"}}, {"type": "Feature", "geometry": {"type": "Point", "coordinates": [-81.3411, 28.769]}, "properties": {"id": "ATHER-SEW-1487", "name": "Lake Mary", "town": "Lake Mary, Florida, USA", "country": "USA", "temperature": 31.1, "pressure": 1016.3, "humidity": 67, "windSpeed": 0.0, "windDirection": "N", "condition": "Overcast", "timestamp": "16:41:59 EDT", "status": "NORMAL", "hasAnomaly": 0, "severity": "NONE"}}, {"type": "Feature", "geometry": {"type": "Point", "coordinates": [-82.687782, 28.259939]}, "properties": {"id": "ATHER-SEW-1488", "name": "New Port Richey", "town": "New Port Richey, Florida, USA", "country": "USA", "temperature": null, "pressure": null, "humidity": null, "windSpeed": null, "windDirection": null, "condition": "Offline", "timestamp": "Offline", "status": "OFFLINE", "hasAnomaly": 0, "severity": "NONE"}}, {"type": "Feature", "geometry": {"type": "Point", "coordinates": [-85.59175873, 30.12143135]}, "properties": {"id": "ATHER-SEW-1489", "name": "Panama City", "town": "Panama City, Florida, USA", "country": "USA", "temperature": 32.8, "pressure": 1015.9, "humidity": 66, "windSpeed": 8.0, "windDirection": "W", "condition": "Clear", "timestamp": "16:41:54 EDT", "status": "NORMAL", "hasAnomaly": 0, "severity": "NONE"}}, {"type": "Feature", "geometry": {"type": "Point", "coordinates": [-85.614319, 30.31324]}, "properties": {"id": "ATHER-SEW-1490", "name": "Southport", "town": "Southport, Florida, USA", "country": "USA", "temperature": 33.3, "pressure": 1014.6, "humidity": 50, "windSpeed": 0.0, "windDirection": "N", "condition": "Mostly Cloudy", "timestamp": "16:42:00 EDT", "status": "NORMAL", "hasAnomaly": 0, "severity": "NONE"}}, {"type": "Feature", "geometry": {"type": "Point", "coordinates": [-80.43953, 25.66503]}, "properties": {"id": "ATHER-SEW-1491", "name": "The Hammocks", "town": "The Hammocks, Florida, USA", "country": "USA", "temperature": 27.2, "pressure": 1018.6, "humidity": 78, "windSpeed": 3.2, "windDirection": "WNW", "condition": "Clear", "timestamp": "16:41:31 EDT", "status": "NORMAL", "hasAnomaly": 0, "severity": "NONE"}}, {"type": "Feature", "geometry": {"type": "Point", "coordinates": [-84.348661, 33.810223]}, "properties": {"id": "ATHER-SEW-1492", "name": "Atlanta", "town": "Atlanta, Georgia, USA", "country": "USA", "temperature": 32.2, "pressure": 1010.8, "humidity": 63, "windSpeed": 0.0, "windDirection": "SSW", "condition": "Clear", "timestamp": "16:42:00 EDT", "status": "NORMAL", "hasAnomaly": 0, "severity": "NONE"}}, {"type": "Feature", "geometry": {"type": "Point", "coordinates": [-84.518166, 34.260338]}, "properties": {"id": "ATHER-SEW-1493", "name": "Canton", "town": "Canton, Georgia, USA", "country": "USA", "temperature": 31.1, "pressure": 1013.9, "humidity": 60, "windSpeed": 4.8, "windDirection": "WSW", "condition": "Clear", "timestamp": "16:41:48 EDT", "status": "NORMAL", "hasAnomaly": 0, "severity": "NONE"}}, {"type": "Feature", "geometry": {"type": "Point", "coordinates": [-83.8571, 33.95335]}, "properties": {"id": "ATHER-SEW-1494", "name": "Dacula", "town": "Dacula, Georgia, USA", "country": "USA", "temperature": null, "pressure": null, "humidity": null, "windSpeed": null, "windDirection": null, "condition": "Offline", "timestamp": "Offline", "status": "OFFLINE", "hasAnomaly": 0, "severity": "NONE"}}, {"type": "Feature", "geometry": {"type": "Point", "coordinates": [-85.001404, 34.811501]}, "properties": {"id": "ATHER-SEW-1495", "name": "Dalton", "town": "Dalton, Georgia, USA", "country": "USA", "temperature": 30.6, "pressure": 1014.9, "humidity": 66, "windSpeed": 0.0, "windDirection": "ENE", "condition": "Clear", "timestamp": "16:41:54 EDT", "status": "NORMAL", "hasAnomaly": 0, "severity": "NONE"}}, {"type": "Feature", "geometry": {"type": "Point", "coordinates": [-84.4505, 34.6355]}, "properties": {"id": "ATHER-SEW-1496", "name": "Ellijay (East)", "town": "Ellijay (East), Georgia, USA", "country": "USA", "temperature": 28.9, "pressure": 1016.3, "humidity": 64, "windSpeed": 0.0, "windDirection": "NNW", "condition": "Clear", "timestamp": "16:41:21 EDT", "status": "NORMAL", "hasAnomaly": 0, "severity": "NONE"}}, {"type": "Feature", "geometry": {"type": "Point", "coordinates": [-84.491958, 33.995327]}, "properties": {"id": "ATHER-SEW-1497", "name": "Marietta-2", "town": "Marietta-2, Georgia, USA", "country": "USA", "temperature": 29.4, "pressure": 1055.5, "humidity": 69, "windSpeed": 0.0, "windDirection": "NW", "condition": "Cloudy2", "timestamp": "16:42:07 EDT", "status": "ANOMALY", "hasAnomaly": 1, "severity": "WARNING"}}, {"type": "Feature", "geometry": {"type": "Point", "coordinates": [-84.15355, 33.429782]}, "properties": {"id": "ATHER-SEW-1498", "name": "McDonough", "town": "McDonough, Georgia, USA", "country": "USA", "temperature": 32.2, "pressure": 1010.8, "humidity": 63, "windSpeed": 0.0, "windDirection": "SSW", "condition": "Mostly Cloudy", "timestamp": "16:39:52 EDT", "status": "NORMAL", "hasAnomaly": 0, "severity": "NONE"}}, {"type": "Feature", "geometry": {"type": "Point", "coordinates": [-81.254745, 32.216671]}, "properties": {"id": "ATHER-SEW-1499", "name": "Rincon", "town": "Rincon, Georgia, USA", "country": "USA", "temperature": 35.0, "pressure": 1013.9, "humidity": 41, "windSpeed": 0.0, "windDirection": "S", "condition": "Partly Cloudy", "timestamp": "16:41:57 EDT", "status": "NORMAL", "hasAnomaly": 0, "severity": "NONE"}}, {"type": "Feature", "geometry": {"type": "Point", "coordinates": [-156.31483, 20.85517]}, "properties": {"id": "ATHER-SWN-1500", "name": "Makawao", "town": "Makawao, Maui, Hawaii, USA", "country": "USA", "temperature": 27.8, "pressure": 1013.5, "humidity": 67, "windSpeed": 22.5, "windDirection": "NE", "condition": "Sunny", "timestamp": "13:40:01 PDT", "status": "NORMAL", "hasAnomaly": 0, "severity": "NONE"}}, {"type": "Feature", "geometry": {"type": "Point", "coordinates": [-116.398, 47.108]}, "properties": {"id": "ATHER-NWW-1501", "name": "Fernwood", "town": "Fernwood, Idaho, USA", "country": "USA", "temperature": 22.8, "pressure": 1022.4, "humidity": 40, "windSpeed": 0.0, "windDirection": "W", "condition": "Clear", "timestamp": "13:40:58 PDT", "status": "NORMAL", "hasAnomaly": 0, "severity": "NONE"}}, {"type": "Feature", "geometry": {"type": "Point", "coordinates": [-116.4983, 43.5872]}, "properties": {"id": "ATHER-NWW-1502", "name": "Nampa", "town": "Nampa, Idaho, USA", "country": "USA", "temperature": 27.8, "pressure": 1014.9, "humidity": 32, "windSpeed": 6.4, "windDirection": "NW", "condition": "Clear", "timestamp": "13:40:29 PDT", "status": "NORMAL", "hasAnomaly": 0, "severity": "NONE"}}, {"type": "Feature", "geometry": {"type": "Point", "coordinates": [-116.842453, 47.827751]}, "properties": {"id": "ATHER-NWW-1503", "name": "Rathdrum", "town": "Rathdrum, Idaho, USA", "country": "USA", "temperature": null, "pressure": null, "humidity": null, "windSpeed": null, "windDirection": null, "condition": "Offline", "timestamp": "Offline", "status": "OFFLINE", "hasAnomaly": 0, "severity": "NONE"}}, {"type": "Feature", "geometry": {"type": "Point", "coordinates": [-116.52906, 46.352543]}, "properties": {"id": "ATHER-NWW-1504", "name": "Reubens", "town": "Reubens, Idaho, USA", "country": "USA", "temperature": 23.9, "pressure": 1020.0, "humidity": 36, "windSpeed": 1.6, "windDirection": "NNW", "condition": "Clear", "timestamp": "13:40:56 PDT", "status": "NORMAL", "hasAnomaly": 0, "severity": "NONE"}}, {"type": "Feature", "geometry": {"type": "Point", "coordinates": [-88.91991425, 38.73557281]}, "properties": {"id": "ATHER-MWW-1505", "name": "Alma", "town": "Alma, Illinois, USA", "country": "USA", "temperature": 30.6, "pressure": 1013.2, "humidity": 51, "windSpeed": 0.0, "windDirection": "W", "condition": "Clear", "timestamp": "15:35:18 CDT", "status": "NORMAL", "hasAnomaly": 0, "severity": "NONE"}}, {"type": "Feature", "geometry": {"type": "Point", "coordinates": [-88.314484, 41.848137]}, "properties": {"id": "ATHER-MWW-1506", "name": "Batavia", "town": "Batavia, Illinois, USA", "country": "USA", "temperature": 31.1, "pressure": 1017.9, "humidity": 36, "windSpeed": 0.0, "windDirection": "NNW", "condition": "Haze", "timestamp": "15:35:09 CDT", "status": "NORMAL", "hasAnomaly": 0, "severity": "NONE"}}, {"type": "Feature", "geometry": {"type": "Point", "coordinates": [-88.96170807, 40.48656845]}, "properties": {"id": "ATHER-MWW-1507", "name": "Bloomington", "town": "Bloomington, Illinois, USA", "country": "USA", "temperature": 30.6, "pressure": 1021.7, "humidity": 46, "windSpeed": 8.0, "windDirection": "N", "condition": "Sunny", "timestamp": "15:41:07 CDT", "status": "NORMAL", "hasAnomaly": 0, "severity": "NONE"}}, {"type": "Feature", "geometry": {"type": "Point", "coordinates": [-87.822052, 41.171265]}, "properties": {"id": "ATHER-MWW-1508", "name": "Bourbonnais", "town": "Bourbonnais, Illinois, USA", "country": "USA", "temperature": 31.1, "pressure": 1017.6, "humidity": 47, "windSpeed": 8.0, "windDirection": "ENE", "condition": "Sunny", "timestamp": "15:38:58 CDT", "status": "NORMAL", "hasAnomaly": 0, "severity": "NONE"}}, {"type": "Feature", "geometry": {"type": "Point", "coordinates": [-89.10968, 38.523117]}, "properties": {"id": "ATHER-MWW-1509", "name": "Centralia", "town": "Centralia, Illinois, USA", "country": "USA", "temperature": 31.7, "pressure": 1016.9, "humidity": 51, "windSpeed": 0.0, "windDirection": "ENE", "condition": "Partly Cloudy", "timestamp": "15:35:16 CDT", "status": "NORMAL", "hasAnomaly": 0, "severity": "NONE"}}, {"type": "Feature", "geometry": {"type": "Point", "coordinates": [-87.62850952, 40.13325119]}, "properties": {"id": "ATHER-MWW-1510", "name": "Danville", "town": "Danville, Illinois, USA", "country": "USA", "temperature": 30.0, "pressure": 1015.2, "humidity": 42, "windSpeed": 3.2, "windDirection": "N", "condition": "Clear", "timestamp": "15:44:23 CDT", "status": "NORMAL", "hasAnomaly": 0, "severity": "NONE"}}, {"type": "Feature", "geometry": {"type": "Point", "coordinates": [-88.479649, 41.885454]}, "properties": {"id": "ATHER-MWW-1511", "name": "Elburn", "town": "Elburn, Illinois, USA", "country": "USA", "temperature": 31.1, "pressure": 1016.9, "humidity": 46, "windSpeed": 3.2, "windDirection": "N", "condition": "Clear", "timestamp": "15:38:55 CDT", "status": "NORMAL", "hasAnomaly": 0, "severity": "NONE"}}, {"type": "Feature", "geometry": {"type": "Point", "coordinates": [-88.109772, 41.55159]}, "properties": {"id": "ATHER-MWW-1512", "name": "Joliet-2", "town": "Joliet-2, Illinois, USA", "country": "USA", "temperature": 31.1, "pressure": 1018.6, "humidity": 42, "windSpeed": 0.0, "windDirection": "ENE", "condition": "Partly Cloudy", "timestamp": "15:39:01 CDT", "status": "NORMAL", "hasAnomaly": 0, "severity": "NONE"}}, {"type": "Feature", "geometry": {"type": "Point", "coordinates": [-88.15613, 41.562903]}, "properties": {"id": "ATHER-MWW-1513", "name": "Joliet-3", "town": "Joliet-3, Illinois, USA", "country": "USA", "temperature": null, "pressure": null, "humidity": null, "windSpeed": null, "windDirection": null, "condition": "Offline", "timestamp": "Offline", "status": "OFFLINE", "hasAnomaly": 0, "severity": "NONE"}}, {"type": "Feature", "geometry": {"type": "Point", "coordinates": [-88.35917, 40.21617]}, "properties": {"id": "ATHER-MWW-1514", "name": "Mahomet", "town": "Mahomet, Illinois, USA", "country": "USA", "temperature": 30.6, "pressure": 1017.3, "humidity": 55, "windSpeed": 4.8, "windDirection": "NW", "condition": "Sunny", "timestamp": "15:38:57 CDT", "status": "NORMAL", "hasAnomaly": 0, "severity": "NONE"}}, {"type": "Feature", "geometry": {"type": "Point", "coordinates": [-90.591634, 41.421195]}, "properties": {"id": "ATHER-MWW-1515", "name": "Milan", "town": "Milan, Illinois, USA", "country": "USA", "temperature": 30.6, "pressure": 1019.0, "humidity": 51, "windSpeed": 0.0, "windDirection": "SW", "condition": "Partly Cloudy", "timestamp": "15:38:00 CDT", "status": "NORMAL", "hasAnomaly": 0, "severity": "NONE"}}, {"type": "Feature", "geometry": {"type": "Point", "coordinates": [-88.297778, 41.341667]}, "properties": {"id": "ATHER-MWW-1516", "name": "Morris", "town": "Morris, Illinois, USA", "country": "USA", "temperature": 32.2, "pressure": 1016.9, "humidity": 41, "windSpeed": 6.4, "windDirection": "NE", "condition": "Partly Cloudy", "timestamp": "15:39:04 CDT", "status": "NORMAL", "hasAnomaly": 0, "severity": "NONE"}}, {"type": "Feature", "geometry": {"type": "Point", "coordinates": [-89.98040771, 41.81842041]}, "properties": {"id": "ATHER-MWW-1517", "name": "Morrison", "town": "Morrison, Illinois, USA", "country": "USA", "temperature": 30.6, "pressure": 1018.6, "humidity": 51, "windSpeed": 4.8, "windDirection": "NW", "condition": "Sunny", "timestamp": "15:38:51 CDT", "status": "NORMAL", "hasAnomaly": 0, "severity": "NONE"}}, {"type": "Feature", "geometry": {"type": "Point", "coordinates": [-89.11427, 37.95541]}, "properties": {"id": "ATHER-MWW-1518", "name": "Mulkeytown", "town": "Mulkeytown, Illinois, USA", "country": "USA", "temperature": 31.1, "pressure": 1015.6, "humidity": 53, "windSpeed": 0.0, "windDirection": "E", "condition": "Clear", "timestamp": "15:38:18 CDT", "status": "NORMAL", "hasAnomaly": 0, "severity": "NONE"}}, {"type": "Feature", "geometry": {"type": "Point", "coordinates": [-87.789, 41.3337]}, "properties": {"id": "ATHER-MWW-1519", "name": "Peotone", "town": "Peotone, Illinois, USA", "country": "USA", "temperature": 30.0, "pressure": 1018.3, "humidity": 41, "windSpeed": 0.0, "windDirection": "NE", "condition": "Clear", "timestamp": "15:31:03 CDT", "status": "NORMAL", "hasAnomaly": 0, "severity": "NONE"}}, {"type": "Feature", "geometry": {"type": "Point", "coordinates": [-87.6919, 41.9956]}, "properties": {"id": "ATHER-MWW-1520", "name": "W Rogers Park", "town": "W Rogers Park, Chicago, Illinois, USA", "country": "USA", "temperature": 28.9, "pressure": 1017.9, "humidity": 34, "windSpeed": 0.0, "windDirection": "WNW", "condition": "Few Clouds", "timestamp": "15:35:09 CDT", "status": "NORMAL", "hasAnomaly": 0, "severity": "NONE"}}, {"type": "Feature", "geometry": {"type": "Point", "coordinates": [-87.3328018, 37.5943985]}, "properties": {"id": "ATHER-MWW-1521", "name": "Evansville", "town": "Evansville, Indiana, USA", "country": "USA", "temperature": 33.3, "pressure": 1014.6, "humidity": 45, "windSpeed": 0.0, "windDirection": "N", "condition": "Partly Cloudy", "timestamp": "15:36:59 CDT", "status": "NORMAL", "hasAnomaly": 0, "severity": "NONE"}}, {"type": "Feature", "geometry": {"type": "Point", "coordinates": [-86.129622, 41.647822]}, "properties": {"id": "ATHER-MWW-1522", "name": "Mishawaka", "town": "Mishawaka, Indiana, USA", "country": "USA", "temperature": 30.6, "pressure": 1017.9, "humidity": 51, "windSpeed": 1.6, "windDirection": "NE", "condition": "Partly Cloudy", "timestamp": "15:38:54 CDT", "status": "NORMAL", "hasAnomaly": 0, "severity": "NONE"}}, {"type": "Feature", "geometry": {"type": "Point", "coordinates": [-95.91270447, 41.29286194]}, "properties": {"id": "ATHER-MWW-1523", "name": "Carter Lake", "town": "Carter Lake, Iowa, USA", "country": "USA", "temperature": 31.7, "pressure": 1017.9, "humidity": 43, "windSpeed": 4.8, "windDirection": "S", "condition": "Partly Cloudy", "timestamp": "15:39:07 CDT", "status": "NORMAL", "hasAnomaly": 0, "severity": "NONE"}}, {"type": "Feature", "geometry": {"type": "Point", "coordinates": [-90.554108, 41.537354]}, "properties": {"id": "ATHER-MWW-1524", "name": "Davenport", "town": "Davenport, Iowa, USA", "country": "USA", "temperature": 31.7, "pressure": 1021.0, "humidity": 51, "windSpeed": 0.0, "windDirection": "NNW", "condition": "Clear", "timestamp": "15:39:08 CDT", "status": "NORMAL", "hasAnomaly": 0, "severity": "NONE"}}, {"type": "Feature", "geometry": {"type": "Point", "coordinates": [-93.63194275, 41.60494995]}, "properties": {"id": "ATHER-MWW-1525", "name": "Des Moines", "town": "Des Moines, Iowa, USA", "country": "USA", "temperature": 33.3, "pressure": 1016.6, "humidity": 46, "windSpeed": 0.0, "windDirection": "SE", "condition": "Few Clouds", "timestamp": "15:39:09 CDT", "status": "NORMAL", "hasAnomaly": 0, "severity": "NONE"}}, {"type": "Feature", "geometry": {"type": "Point", "coordinates": [-93.6116504, 43.1081946]}, "properties": {"id": "ATHER-MWW-1526", "name": "Garner", "town": "Garner, Iowa, USA", "country": "USA", "temperature": 28.9, "pressure": 1020.0, "humidity": 58, "windSpeed": 12.9, "windDirection": "S", "condition": "Overcast", "timestamp": "15:39:08 CDT", "status": "NORMAL", "hasAnomaly": 0, "severity": "NONE"}}, {"type": "Feature", "geometry": {"type": "Point", "coordinates": [-93.813332, 41.871666]}, "properties": {"id": "ATHER-MWW-1527", "name": "Madrid", "town": "Madrid, Iowa, USA", "country": "USA", "temperature": 31.7, "pressure": 1016.9, "humidity": 49, "windSpeed": 0.0, "windDirection": "E", "condition": "Sunny", "timestamp": "15:39:04 CDT", "status": "NORMAL", "hasAnomaly": 0, "severity": "NONE"}}, {"type": "Feature", "geometry": {"type": "Point", "coordinates": [-91.13761139, 42.00297546]}, "properties": {"id": "ATHER-MWW-1528", "name": "Olin", "town": "Olin, Iowa, USA", "country": "USA", "temperature": 32.2, "pressure": 1016.3, "humidity": 52, "windSpeed": 8.0, "windDirection": "NE", "condition": "Clear", "timestamp": "15:39:05 CDT", "status": "NORMAL", "hasAnomaly": 0, "severity": "NONE"}}, {"type": "Feature", "geometry": {"type": "Point", "coordinates": [-92.032845, 42.154839]}, "properties": {"id": "ATHER-MWW-1529", "name": "Vinton", "town": "Vinton, Iowa, USA", "country": "USA", "temperature": 35.0, "pressure": 1017.3, "humidity": 49, "windSpeed": 0.0, "windDirection": "S", "condition": "Partly Cloudy", "timestamp": "15:38:42 CDT", "status": "NORMAL", "hasAnomaly": 0, "severity": "NONE"}}, {"type": "Feature", "geometry": {"type": "Point", "coordinates": [-94.753432, 38.984132]}, "properties": {"id": "ATHER-MWW-1530", "name": "Lenexa", "town": "Lenexa, Kansas, USA", "country": "USA", "temperature": 32.8, "pressure": 1013.9, "humidity": 41, "windSpeed": 4.8, "windDirection": "S", "condition": "Few Clouds", "timestamp": "15:39:00 CDT", "status": "NORMAL", "hasAnomaly": 0, "severity": "NONE"}}, {"type": "Feature", "geometry": {"type": "Point", "coordinates": [-95.23824, 39.19479]}, "properties": {"id": "ATHER-MWW-1531", "name": "McLouth", "town": "McLouth, Kansas, USA", "country": "USA", "temperature": 32.8, "pressure": 1016.3, "humidity": 38, "windSpeed": 4.8, "windDirection": "E", "condition": "Few Clouds", "timestamp": "15:37:17 CDT", "status": "NORMAL", "hasAnomaly": 0, "severity": "NONE"}}, {"type": "Feature", "geometry": {"type": "Point", "coordinates": [-95.709, 39.026199]}, "properties": {"id": "ATHER-PWN-1532", "name": "Topeka", "town": "Topeka, Kansas, USA", "country": "USA", "temperature": 33.9, "pressure": 1015.9, "humidity": 39, "windSpeed": 1.6, "windDirection": "ENE", "condition": "Few Clouds", "timestamp": "15:37:55 CDT", "status": "NORMAL", "hasAnomaly": 0, "severity": "NONE"}}, {"type": "Feature", "geometry": {"type": "Point", "coordinates": [-86.521, 36.924]}, "properties": {"id": "ATHER-MWW-1533", "name": "Bowling Green", "town": "Bowling Green, Kentucky, USA", "country": "USA", "temperature": 30.0, "pressure": 1016.3, "humidity": 69, "windSpeed": 4.8, "windDirection": "ENE", "condition": "Few Clouds", "timestamp": "15:39:05 CDT", "status": "NORMAL", "hasAnomaly": 0, "severity": "NONE"}}, {"type": "Feature", "geometry": {"type": "Point", "coordinates": [-84.511833, 37.473499]}, "properties": {"id": "ATHER-SEW-1534", "name": "Crab Orchard", "town": "Crab Orchard, Kentucky, USA", "country": "USA", "temperature": 28.9, "pressure": 1013.9, "humidity": 57, "windSpeed": 1.6, "windDirection": "NNE", "condition": "Partly Cloudy", "timestamp": "16:41:33 EDT", "status": "NORMAL", "hasAnomaly": 0, "severity": "NONE"}}, {"type": "Feature", "geometry": {"type": "Point", "coordinates": [-85.767693, 38.116661]}, "properties": {"id": "ATHER-MWW-1535", "name": "Fairdale", "town": "Fairdale, Kentucky, USA", "country": "USA", "temperature": 30.6, "pressure": 1015.6, "humidity": 49, "windSpeed": 1.6, "windDirection": "ENE", "condition": "Mostly Cloudy", "timestamp": "15:39:11 CDT", "status": "NORMAL", "hasAnomaly": 0, "severity": "NONE"}}, {"type": "Feature", "geometry": {"type": "Point", "coordinates": [-84.817375, 38.221123]}, "properties": {"id": "ATHER-MWW-1536", "name": "Frankfort", "town": "Frankfort, Kentucky, USA", "country": "USA", "temperature": null, "pressure": null, "humidity": null, "windSpeed": null, "windDirection": null, "condition": "Offline", "timestamp": "Offline", "status": "OFFLINE", "hasAnomaly": 0, "severity": "NONE"}}, {"type": "Feature", "geometry": {"type": "Point", "coordinates": [-84.501604, 38.2004114]}, "properties": {"id": "ATHER-MWW-1537", "name": "Georgetown", "town": "Georgetown, Kentucky, USA", "country": "USA", "temperature": 28.9, "pressure": 1019.6, "humidity": 63, "windSpeed": 0.0, "windDirection": "ENE", "condition": "Overcast", "timestamp": "15:39:05 CDT", "status": "NORMAL", "hasAnomaly": 0, "severity": "NONE"}}, {"type": "Feature", "geometry": {"type": "Point", "coordinates": [-85.918365, 37.740459]}, "properties": {"id": "ATHER-MWW-1538", "name": "Rineyville", "town": "Rineyville, Kentucky, USA", "country": "USA", "temperature": 31.1, "pressure": 1019.3, "humidity": 52, "windSpeed": 45.1, "windDirection": "WSW", "condition": "light Rain", "timestamp": "15:39:11 CDT", "status": "NORMAL", "hasAnomaly": 0, "severity": "NONE"}}, {"type": "Feature", "geometry": {"type": "Point", "coordinates": [-84.21417, 36.84056]}, "properties": {"id": "ATHER-MAW-1539", "name": "Williamsburg", "town": "Williamsburg, Kentucky, USA", "country": "USA", "temperature": 26.7, "pressure": 1017.6, "humidity": 76, "windSpeed": 0.0, "windDirection": "NNW", "condition": "Partly Cloudy", "timestamp": "16:38:56 EDT", "status": "NORMAL", "hasAnomaly": 0, "severity": "NONE"}}, {"type": "Feature", "geometry": {"type": "Point", "coordinates": [-92.21867371, 29.87501526]}, "properties": {"id": "ATHER-MSW-1540", "name": "Abbeville", "town": "Abbeville, Louisiana, USA", "country": "USA", "temperature": 35.6, "pressure": 1020.7, "humidity": 54, "windSpeed": 8.0, "windDirection": "SW", "condition": "Partly Cloudy", "timestamp": "15:41:53 CDT", "status": "NORMAL", "hasAnomaly": 0, "severity": "NONE"}}, {"type": "Feature", "geometry": {"type": "Point", "coordinates": [-90.10324, 29.69245]}, "properties": {"id": "ATHER-MSW-1541", "name": "Barataria", "town": "Barataria, Louisiana, USA", "country": "USA", "temperature": 33.3, "pressure": 1017.3, "humidity": 56, "windSpeed": 1.6, "windDirection": "SSW", "condition": "Mostly Cloudy", "timestamp": "15:33:35 CDT", "status": "NORMAL", "hasAnomaly": 0, "severity": "NONE"}}, {"type": "Feature", "geometry": {"type": "Point", "coordinates": [-93.7254, 32.57665]}, "properties": {"id": "ATHER-MSW-1542", "name": "Bossier City", "town": "Bossier City, Louisiana, USA", "country": "USA", "temperature": 23.9, "pressure": 1016.3, "humidity": 97, "windSpeed": 0.0, "windDirection": "SE", "condition": "light Rain", "timestamp": "15:37:19 CDT", "status": "NORMAL", "hasAnomaly": 0, "severity": "NONE"}}, {"type": "Feature", "geometry": {"type": "Point", "coordinates": [-90.448217, 30.06007]}, "properties": {"id": "ATHER-MSW-1543", "name": "Laplace", "town": "Laplace, Louisiana, USA", "country": "USA", "temperature": 34.4, "pressure": 1016.6, "humidity": 64, "windSpeed": 0.0, "windDirection": "WNW", "condition": "Partly Cloudy", "timestamp": "15:41:59 CDT", "status": "NORMAL", "hasAnomaly": 0, "severity": "NONE"}}, {"type": "Feature", "geometry": {"type": "Point", "coordinates": [-93.7815, 32.41526]}, "properties": {"id": "ATHER-MSW-1544", "name": "Shreveport-1", "town": "Shreveport-1, Louisiana, USA", "country": "USA", "temperature": 25.0, "pressure": 1015.6, "humidity": 91, "windSpeed": 0.0, "windDirection": "SSE", "condition": "Cloudy", "timestamp": "15:41:54 CDT", "status": "NORMAL", "hasAnomaly": 0, "severity": "NONE"}}, {"type": "Feature", "geometry": {"type": "Point", "coordinates": [-93.7212, 32.3838]}, "properties": {"id": "ATHER-MSW-1545", "name": "Shreveport-3", "town": "Shreveport-3, Louisiana, USA", "country": "USA", "temperature": 25.6, "pressure": 1016.3, "humidity": 87, "windSpeed": 0.0, "windDirection": "E", "condition": "Dry", "timestamp": "15:42:00 CDT", "status": "NORMAL", "hasAnomaly": 0, "severity": "NONE"}}, {"type": "Feature", "geometry": {"type": "Point", "coordinates": [-68.914431, 44.808674]}, "properties": {"id": "ATHER-NEW-1546", "name": "Hermon", "town": "Hermon, Maine, USA", "country": "USA", "temperature": 24.4, "pressure": 1021.7, "humidity": 65, "windSpeed": 3.2, "windDirection": "ESE", "condition": "Mostly Cloudy", "timestamp": "16:38:05 EDT", "status": "NORMAL", "hasAnomaly": 0, "severity": "NONE"}}, {"type": "Feature", "geometry": {"type": "Point", "coordinates": [-70.264907, 44.193327]}, "properties": {"id": "ATHER-NEW-1547", "name": "Turner", "town": "Turner, Maine, USA", "country": "USA", "temperature": 22.8, "pressure": 1020.3, "humidity": 80, "windSpeed": 1.6, "windDirection": "N", "condition": "Overcast", "timestamp": "16:38:06 EDT", "status": "NORMAL", "hasAnomaly": 0, "severity": "NONE"}}, {"type": "Feature", "geometry": {"type": "Point", "coordinates": [-76.337799, 39.568802]}, "properties": {"id": "ATHER-MAW-1548", "name": "Bel Air", "town": "Bel Air, Maryland, USA", "country": "USA", "temperature": 27.2, "pressure": 1015.6, "humidity": 70, "windSpeed": 0.0, "windDirection": "E", "condition": "Cloudy2", "timestamp": "16:38:59 EDT", "status": "NORMAL", "hasAnomaly": 0, "severity": "NONE"}}, {"type": "Feature", "geometry": {"type": "Point", "coordinates": [-75.885582, 39.651321]}, "properties": {"id": "ATHER-MAW-1549", "name": "Elkton", "town": "Elkton, Maryland, USA", "country": "USA", "temperature": 26.1, "pressure": 1015.9, "humidity": 83, "windSpeed": 0.0, "windDirection": "SE", "condition": "Clear", "timestamp": "16:36:25 EDT", "status": "NORMAL", "hasAnomaly": 0, "severity": "NONE"}}, {"type": "Feature", "geometry": {"type": "Point", "coordinates": [-76.6970586, 39.23661243]}, "properties": {"id": "ATHER-MAW-1550", "name": "Halethorpe", "town": "Halethorpe, Maryland, USA", "country": "USA", "temperature": 22.2, "pressure": 1016.3, "humidity": 88, "windSpeed": 1.6, "windDirection": "NNW", "condition": "Heavy Rain", "timestamp": "16:38:59 EDT", "status": "NORMAL", "hasAnomaly": 0, "severity": "NONE"}}, {"type": "Feature", "geometry": {"type": "Point", "coordinates": [-76.4823, 38.2973]}, "properties": {"id": "ATHER-MAW-1551", "name": "Lexington Park", "town": "Lexington Park, Maryland, USA", "country": "USA", "temperature": 28.3, "pressure": 1012.2, "humidity": 80, "windSpeed": 0.0, "windDirection": "SSE", "condition": "Mostly Cloudy", "timestamp": "16:38:02 EDT", "status": "NORMAL", "hasAnomaly": 0, "severity": "NONE"}}, {"type": "Feature", "geometry": {"type": "Point", "coordinates": [-76.4903, 39.418]}, "properties": {"id": "ATHER-MAW-1552", "name": "Perry Hall", "town": "Perry Hall, Maryland, USA", "country": "USA", "temperature": 27.2, "pressure": 1012.2, "humidity": 76, "windSpeed": 0.0, "windDirection": "ENE", "condition": "Cloudy2", "timestamp": "16:38:57 EDT", "status": "NORMAL", "hasAnomaly": 0, "severity": "NONE"}}, {"type": "Feature", "geometry": {"type": "Point", "coordinates": [-76.2562, 39.1662]}, "properties": {"id": "ATHER-MAW-1553", "name": "Rock Hall", "town": "Rock Hall, Maryland, USA", "country": "USA", "temperature": 27.8, "pressure": 1014.9, "humidity": 72, "windSpeed": 1.6, "windDirection": "NNW", "condition": "Dry", "timestamp": "16:38:59 EDT", "status": "NORMAL", "hasAnomaly": 0, "severity": "NONE"}}, {"type": "Feature", "geometry": {"type": "Point", "coordinates": [-77.39353, 39.66597]}, "properties": {"id": "ATHER-MAW-1554", "name": "Thurmont", "town": "Thurmont, Maryland, USA", "country": "USA", "temperature": 24.4, "pressure": 1015.6, "humidity": 87, "windSpeed": 0.0, "windDirection": "N", "condition": "Cloudy2", "timestamp": "16:38:34 EDT", "status": "NORMAL", "hasAnomaly": 0, "severity": "NONE"}}, {"type": "Feature", "geometry": {"type": "Point", "coordinates": [-71.814003, 42.217999]}, "properties": {"id": "ATHER-NEW-1555", "name": "Auburn", "town": "Auburn, Massachusetts, USA", "country": "USA", "temperature": 21.1, "pressure": 1017.9, "humidity": 95, "windSpeed": 8.0, "windDirection": "E", "condition": "Overcast", "timestamp": "16:38:00 EDT", "status": "NORMAL", "hasAnomaly": 0, "severity": "NONE"}}, {"type": "Feature", "geometry": {"type": "Point", "coordinates": [-71.10752869, 42.36330032]}, "properties": {"id": "ATHER-NEW-1556", "name": "Cambridge", "town": "Cambridge, Massachusetts, USA", "country": "USA", "temperature": 21.7, "pressure": 1017.6, "humidity": 92, "windSpeed": 8.0, "windDirection": "N", "condition": "Mist", "timestamp": "16:35:44 EDT", "status": "NORMAL", "hasAnomaly": 0, "severity": "NONE"}}, {"type": "Feature", "geometry": {"type": "Point", "coordinates": [-71.24049, 42.43983]}, "properties": {"id": "ATHER-NEW-1557", "name": "Lexington", "town": "Lexington, Massachusetts, USA", "country": "USA", "temperature": 21.1, "pressure": 1017.9, "humidity": 95, "windSpeed": 1.6, "windDirection": "NNE", "condition": "Overcast", "timestamp": "16:37:57 EDT", "status": "NORMAL", "hasAnomaly": 0, "severity": "NONE"}}, {"type": "Feature", "geometry": {"type": "Point", "coordinates": [-71.30496979, 42.65550232]}, "properties": {"id": "ATHER-NEW-1558", "name": "Lowell", "town": "Lowell, Massachusetts, USA", "country": "USA", "temperature": 21.1, "pressure": 1018.6, "humidity": 94, "windSpeed": 4.8, "windDirection": "NNE", "condition": "Overcast", "timestamp": "16:38:08 EDT", "status": "NORMAL", "hasAnomaly": 0, "severity": "NONE"}}, {"type": "Feature", "geometry": {"type": "Point", "coordinates": [-71.3291, 42.19]}, "properties": {"id": "ATHER-NEW-1559", "name": "Medfield", "town": "Medfield, Massachusetts, USA", "country": "USA", "temperature": 21.1, "pressure": 1017.9, "humidity": 99, "windSpeed": 3.2, "windDirection": "W", "condition": "Rain", "timestamp": "16:37:59 EDT", "status": "NORMAL", "hasAnomaly": 0, "severity": "NONE"}}, {"type": "Feature", "geometry": {"type": "Point", "coordinates": [-70.91938, 41.887215]}, "properties": {"id": "ATHER-NEW-1560", "name": "Middleborough", "town": "Middleborough, Massachusetts, USA", "country": "USA", "temperature": 24.4, "pressure": 1017.9, "humidity": 93, "windSpeed": 0.0, "windDirection": "ESE", "condition": "Mostly Cloudy", "timestamp": "16:38:01 EDT", "status": "NORMAL", "hasAnomaly": 0, "severity": "NONE"}}, {"type": "Feature", "geometry": {"type": "Point", "coordinates": [-71.52423096, 42.14923477]}, "properties": {"id": "ATHER-NEW-1561", "name": "Milford", "town": "Milford, Massachusetts, USA", "country": "USA", "temperature": 21.7, "pressure": 1017.3, "humidity": 97, "windSpeed": 0.0, "windDirection": "W", "condition": "Overcast", "timestamp": "16:38:04 EDT", "status": "NORMAL", "hasAnomaly": 0, "severity": "NONE"}}, {"type": "Feature", "geometry": {"type": "Point", "coordinates": [-70.64141846, 41.87292099]}, "properties": {"id": "ATHER-NEW-1562", "name": "Plymouth", "town": "Plymouth, Massachusetts, USA", "country": "USA", "temperature": 22.8, "pressure": 1016.9, "humidity": 83, "windSpeed": 0.0, "windDirection": "E", "condition": "light Rain", "timestamp": "16:35:08 EDT", "status": "NORMAL", "hasAnomaly": 0, "severity": "NONE"}}, {"type": "Feature", "geometry": {"type": "Point", "coordinates": [-70.59750366, 42.63577271]}, "properties": {"id": "ATHER-NEW-1563", "name": "Rockport", "town": "Rockport, Massachusetts, USA", "country": "USA", "temperature": 21.1, "pressure": 1019.0, "humidity": 96, "windSpeed": 0.0, "windDirection": "NNE", "condition": "Mist", "timestamp": "16:35:20 EDT", "status": "NORMAL", "hasAnomaly": 0, "severity": "NONE"}}, {"type": "Feature", "geometry": {"type": "Point", "coordinates": [-70.57551575, 42.63690948]}, "properties": {"id": "ATHER-NEW-1564", "name": "Thacher Island", "town": "Thacher Island, Rockport, Massachusetts, USA", "country": "USA", "temperature": 20.0, "pressure": 1016.6, "humidity": 96, "windSpeed": 19.3, "windDirection": "NE", "condition": "Mist", "timestamp": "16:35:46 EDT", "status": "NORMAL", "hasAnomaly": 0, "severity": "NONE"}}, {"type": "Feature", "geometry": {"type": "Point", "coordinates": [-71.88221, 42.556108]}, "properties": {"id": "ATHER-NEW-1565", "name": "Westminster", "town": "Westminster, Massachusetts, USA", "country": "USA", "temperature": 20.6, "pressure": 1020.7, "humidity": 91, "windSpeed": 0.0, "windDirection": "SE", "condition": "Overcast", "timestamp": "16:38:05 EDT", "status": "NORMAL", "hasAnomaly": 0, "severity": "NONE"}}, {"type": "Feature", "geometry": {"type": "Point", "coordinates": [-87.73062897, 46.81830978]}, "properties": {"id": "ATHER-MWW-1566", "name": "Big Bay", "town": "Big Bay, Michigan, USA", "country": "USA", "temperature": 27.2, "pressure": 1018.6, "humidity": 60, "windSpeed": 1.6, "windDirection": "E", "condition": "Clear", "timestamp": "15:39:14 CDT", "status": "NORMAL", "hasAnomaly": 0, "severity": "NONE"}}, {"type": "Feature", "geometry": {"type": "Point", "coordinates": [-84.33277893, 45.66337204]}, "properties": {"id": "ATHER-MWW-1567", "name": "Cheboygan", "town": "Cheboygan, Michigan, USA", "country": "USA", "temperature": 25.6, "pressure": 1017.9, "humidity": 76, "windSpeed": 3.2, "windDirection": "ENE", "condition": "Sunny", "timestamp": "15:39:06 CDT", "status": "NORMAL", "hasAnomaly": 0, "severity": "NONE"}}, {"type": "Feature", "geometry": {"type": "Point", "coordinates": [-83.483, 44.283]}, "properties": {"id": "ATHER-MWW-1568", "name": "East Tawas", "town": "East Tawas, Michigan, USA", "country": "USA", "temperature": 23.9, "pressure": 1019.0, "humidity": 82, "windSpeed": 12.9, "windDirection": "E", "condition": "Clear", "timestamp": "14:55:01 CDT", "status": "NORMAL", "hasAnomaly": 0, "severity": "NONE"}}, {"type": "Feature", "geometry": {"type": "Point", "coordinates": [-85.410545, 43.822258]}, "properties": {"id": "ATHER-MWW-1569", "name": "Hersey", "town": "Hersey, Michigan, USA", "country": "USA", "temperature": 30.0, "pressure": 1015.9, "humidity": 39, "windSpeed": 0.0, "windDirection": "NW", "condition": "Mostly Cloudy", "timestamp": "15:38:19 CDT", "status": "NORMAL", "hasAnomaly": 0, "severity": "NONE"}}, {"type": "Feature", "geometry": {"type": "Point", "coordinates": [-85.217, 45.258]}, "properties": {"id": "ATHER-MWW-1570", "name": "Ironton", "town": "Ironton, Michigan, USA", "country": "USA", "temperature": 26.1, "pressure": 1017.6, "humidity": 60, "windSpeed": 8.0, "windDirection": "N", "condition": "Clear", "timestamp": "15:38:13 CDT", "status": "NORMAL", "hasAnomaly": 0, "severity": "NONE"}}, {"type": "Feature", "geometry": {"type": "Point", "coordinates": [-83.81076813, 45.41734314]}, "properties": {"id": "ATHER-MWW-1571", "name": "Rogers City", "town": "Rogers City, Michigan, USA", "country": "USA", "temperature": 26.7, "pressure": 1019.6, "humidity": 68, "windSpeed": 8.0, "windDirection": "NE", "condition": "Clear", "timestamp": "15:38:24 CDT", "status": "NORMAL", "hasAnomaly": 0, "severity": "NONE"}}, {"type": "Feature", "geometry": {"type": "Point", "coordinates": [-83.38417, 43.91033]}, "properties": {"id": "ATHER-MWW-1572", "name": "Sand Point", "town": "Sand Point, Michigan, USA", "country": "USA", "temperature": 25.0, "pressure": 1017.9, "humidity": 72, "windSpeed": 8.0, "windDirection": "NE", "condition": "Sunny", "timestamp": "15:39:13 CDT", "status": "NORMAL", "hasAnomaly": 0, "severity": "NONE"}}, {"type": "Feature", "geometry": {"type": "Point", "coordinates": [-83.06086, 42.58887]}, "properties": {"id": "ATHER-MWW-1573", "name": "Sterling Heights", "town": "Sterling Heights, Michigan, USA", "country": "USA", "temperature": 29.4, "pressure": 1016.6, "humidity": 54, "windSpeed": 3.2, "windDirection": "SSE", "condition": "Overcast", "timestamp": "15:35:06 CDT", "status": "NORMAL", "hasAnomaly": 0, "severity": "NONE"}}, {"type": "Feature", "geometry": {"type": "Point", "coordinates": [-94.9842, 47.6643]}, "properties": {"id": "ATHER-MWW-1574", "name": "Bemidji", "town": "Bemidji, Minnesota, USA", "country": "USA", "temperature": -1.1, "pressure": 1018.6, "humidity": 47, "windSpeed": 0.0, "windDirection": "NE", "condition": "Sunny", "timestamp": "15:39:15 CDT", "status": "NORMAL", "hasAnomaly": 0, "severity": "NONE"}}, {"type": "Feature", "geometry": {"type": "Point", "coordinates": [-93.368057, 45.188248]}, "properties": {"id": "ATHER-MWW-1575", "name": "Coon Rapids", "town": "Coon Rapids, Minnesota, USA", "country": "USA", "temperature": 31.1, "pressure": 1016.3, "humidity": 40, "windSpeed": 0.0, "windDirection": "NNW", "condition": "Clear", "timestamp": "15:39:01 CDT", "status": "NORMAL", "hasAnomaly": 0, "severity": "NONE"}}, {"type": "Feature", "geometry": {"type": "Point", "coordinates": [-93.33948, 44.868734]}, "properties": {"id": "ATHER-MWW-1576", "name": "Edina", "town": "Edina, Minnesota, USA", "country": "USA", "temperature": 31.1, "pressure": 1017.3, "humidity": 54, "windSpeed": 9.7, "windDirection": "SSW", "condition": "Few Clouds", "timestamp": "15:39:15 CDT", "status": "NORMAL", "hasAnomaly": 0, "severity": "NONE"}}, {"type": "Feature", "geometry": {"type": "Point", "coordinates": [-93.267059, 43.766136]}, "properties": {"id": "ATHER-MWW-1577", "name": "Hollandale", "town": "Hollandale, Minnesota, USA", "country": "USA", "temperature": null, "pressure": null, "humidity": null, "windSpeed": null, "windDirection": null, "condition": "Offline", "timestamp": "Offline", "status": "OFFLINE", "hasAnomaly": 0, "severity": "NONE"}}, {"type": "Feature", "geometry": {"type": "Point", "coordinates": [-94.416344, 44.04636]}, "properties": {"id": "ATHER-MWW-1578", "name": "Madelia", "town": "Madelia, Minnesota, USA", "country": "USA", "temperature": 30.6, "pressure": 1015.9, "humidity": 60, "windSpeed": 1.6, "windDirection": "SSW", "condition": "Clear", "timestamp": "15:39:15 CDT", "status": "NORMAL", "hasAnomaly": 0, "severity": "NONE"}}, {"type": "Feature", "geometry": {"type": "Point", "coordinates": [-93.43895721, 44.95238876]}, "properties": {"id": "ATHER-MWW-1579", "name": "Minnetonka", "town": "Minnetonka, Minnesota, USA", "country": "USA", "temperature": 29.4, "pressure": 1015.9, "humidity": 59, "windSpeed": 0.0, "windDirection": "SSE", "condition": "Few Clouds", "timestamp": "15:30:00 CDT", "status": "NORMAL", "hasAnomaly": 0, "severity": "NONE"}}, {"type": "Feature", "geometry": {"type": "Point", "coordinates": [-93.346517, 45.022929]}, "properties": {"id": "ATHER-MWW-1580", "name": "Robbinsdale", "town": "Robbinsdale, Minnesota, USA", "country": "USA", "temperature": 30.6, "pressure": 1016.6, "humidity": 51, "windSpeed": 9.7, "windDirection": "SE", "condition": "Clear", "timestamp": "15:39:15 CDT", "status": "NORMAL", "hasAnomaly": 0, "severity": "NONE"}}, {"type": "Feature", "geometry": {"type": "Point", "coordinates": [-92.46932983, 46.84574127]}, "properties": {"id": "ATHER-MWW-1581", "name": "Saginaw", "town": "Saginaw, Minnesota, USA", "country": "USA", "temperature": null, "pressure": null, "humidity": null, "windSpeed": null, "windDirection": null, "condition": "Offline", "timestamp": "Offline", "status": "OFFLINE", "hasAnomaly": 0, "severity": "NONE"}}, {"type": "Feature", "geometry": {"type": "Point", "coordinates": [-92.675156, 44.302025]}, "properties": {"id": "ATHER-MWW-1582", "name": "Zumbrota", "town": "Zumbrota, Minnesota, USA", "country": "USA", "temperature": 30.0, "pressure": 1016.9, "humidity": 54, "windSpeed": 3.2, "windDirection": "ESE", "condition": "Clear", "timestamp": "15:39:09 CDT", "status": "NORMAL", "hasAnomaly": 0, "severity": "NONE"}}, {"type": "Feature", "geometry": {"type": "Point", "coordinates": [-89.23384, 31.62265]}, "properties": {"id": "ATHER-SEW-1583", "name": "Ellisville", "town": "Ellisville, Mississippi, USA", "country": "USA", "temperature": 31.1, "pressure": 1016.6, "humidity": 61, "windSpeed": 3.2, "windDirection": "SSW", "condition": "Clear", "timestamp": "16:42:04 EDT", "status": "NORMAL", "hasAnomaly": 0, "severity": "NONE"}}, {"type": "Feature", "geometry": {"type": "Point", "coordinates": [-90.8983, 31.5869]}, "properties": {"id": "ATHER-SEW-1584", "name": "Meadville", "town": "Meadville, Mississippi, USA", "country": "USA", "temperature": 27.8, "pressure": 1015.6, "humidity": 88, "windSpeed": 0.0, "windDirection": "S", "condition": "Clear", "timestamp": "16:41:58 EDT", "status": "NORMAL", "hasAnomaly": 0, "severity": "NONE"}}, {"type": "Feature", "geometry": {"type": "Point", "coordinates": [-91.967, 38.752]}, "properties": {"id": "ATHER-MWW-1585", "name": "Fulton", "town": "Fulton, Missouri, USA", "country": "USA", "temperature": 33.3, "pressure": 1015.9, "humidity": 32, "windSpeed": 3.2, "windDirection": "NE", "condition": "Clear", "timestamp": "15:38:58 CDT", "status": "NORMAL", "hasAnomaly": 0, "severity": "NONE"}}, {"type": "Feature", "geometry": {"type": "Point", "coordinates": [-89.67809, 37.39012]}, "properties": {"id": "ATHER-MWW-1586", "name": "Jackson", "town": "Jackson, Missouri, USA", "country": "USA", "temperature": 31.1, "pressure": 999.0, "humidity": 40, "windSpeed": 3.2, "windDirection": "E", "condition": "Sunny", "timestamp": "15:39:08 CDT", "status": "NORMAL", "hasAnomaly": 0, "severity": "NONE"}}, {"type": "Feature", "geometry": {"type": "Point", "coordinates": [-92.657, 37.679]}, "properties": {"id": "ATHER-MWW-1587", "name": "Lebanon", "town": "Lebanon, Missouri, USA", "country": "USA", "temperature": 35.6, "pressure": 972.9, "humidity": 34, "windSpeed": 3.2, "windDirection": "SSE", "condition": "Few Clouds", "timestamp": "15:38:59 CDT", "status": "NORMAL", "hasAnomaly": 0, "severity": "NONE"}}, {"type": "Feature", "geometry": {"type": "Point", "coordinates": [-90.728686, 38.839083]}, "properties": {"id": "ATHER-MWW-1588", "name": "OFallon", "town": "OFallon, Missouri, USA", "country": "USA", "temperature": null, "pressure": null, "humidity": null, "windSpeed": null, "windDirection": null, "condition": "Offline", "timestamp": "Offline", "status": "OFFLINE", "hasAnomaly": 0, "severity": "NONE"}}, {"type": "Feature", "geometry": {"type": "Point", "coordinates": [-94.6602, 40.0594]}, "properties": {"id": "ATHER-MWW-1589", "name": "Rea", "town": "Rea, Missouri, USA", "country": "USA", "temperature": null, "pressure": null, "humidity": null, "windSpeed": null, "windDirection": null, "condition": "Offline", "timestamp": "Offline", "status": "OFFLINE", "hasAnomaly": 0, "severity": "NONE"}}, {"type": "Feature", "geometry": {"type": "Point", "coordinates": [-94.5757, 39.4743]}, "properties": {"id": "ATHER-MWW-1590", "name": "Trimble", "town": "Trimble, Missouri, USA", "country": "USA", "temperature": 33.3, "pressure": 1016.6, "humidity": 42, "windSpeed": 1.6, "windDirection": "E", "condition": "Overcast", "timestamp": "15:39:10 CDT", "status": "NORMAL", "hasAnomaly": 0, "severity": "NONE"}}, {"type": "Feature", "geometry": {"type": "Point", "coordinates": [-103.009003, 42.827499]}, "properties": {"id": "ATHER-PWN-1591", "name": "Chadron", "town": "Chadron, Nebraska, USA", "country": "USA", "temperature": 32.2, "pressure": 1008.5, "humidity": 25, "windSpeed": 24.1, "windDirection": "S", "condition": "Haze", "timestamp": "15:36:21 CDT", "status": "NORMAL", "hasAnomaly": 0, "severity": "NONE"}}, {"type": "Feature", "geometry": {"type": "Point", "coordinates": [-97.393128, 41.448223]}, "properties": {"id": "ATHER-PWN-1592", "name": "Columbus", "town": "Columbus, Nebraska, USA", "country": "USA", "temperature": 31.1, "pressure": 1013.9, "humidity": 58, "windSpeed": 8.0, "windDirection": "SW", "condition": "Sunny", "timestamp": "15:38:00 CDT", "status": "NORMAL", "hasAnomaly": 0, "severity": "NONE"}}, {"type": "Feature", "geometry": {"type": "Point", "coordinates": [-97.26678467, 40.6411171]}, "properties": {"id": "ATHER-MWW-1593", "name": "Friend", "town": "Friend, Nebraska, USA", "country": "USA", "temperature": 31.1, "pressure": 1015.2, "humidity": 48, "windSpeed": 12.9, "windDirection": "ESE", "condition": "Clear", "timestamp": "15:39:17 CDT", "status": "NORMAL", "hasAnomaly": 0, "severity": "NONE"}}, {"type": "Feature", "geometry": {"type": "Point", "coordinates": [-96.644318, 40.816277]}, "properties": {"id": "ATHER-MWW-1594", "name": "Lincoln", "town": "Lincoln, Nebraska, USA", "country": "USA", "temperature": 33.3, "pressure": 1015.9, "humidity": 40, "windSpeed": 6.4, "windDirection": "ESE", "condition": "Sunny", "timestamp": "15:39:16 CDT", "status": "NORMAL", "hasAnomaly": 0, "severity": "NONE"}}, {"type": "Feature", "geometry": {"type": "Point", "coordinates": [-95.874994, 40.671353]}, "properties": {"id": "ATHER-MWW-1595", "name": "Nebraska City", "town": "Nebraska City, Nebraska, USA", "country": "USA", "temperature": 31.7, "pressure": 1018.3, "humidity": 42, "windSpeed": 1.6, "windDirection": "SE", "condition": "Clear", "timestamp": "15:34:55 CDT", "status": "NORMAL", "hasAnomaly": 0, "severity": "NONE"}}, {"type": "Feature", "geometry": {"type": "Point", "coordinates": [-96.131029, 41.190485]}, "properties": {"id": "ATHER-PWN-1596", "name": "Omaha", "town": "Omaha, Nebraska, USA", "country": "USA", "temperature": 31.1, "pressure": 1018.3, "humidity": 51, "windSpeed": 9.7, "windDirection": "S", "condition": "Partly Cloudy", "timestamp": "15:38:06 CDT", "status": "NORMAL", "hasAnomaly": 0, "severity": "NONE"}}, {"type": "Feature", "geometry": {"type": "Point", "coordinates": [-95.984976, 41.193984]}, "properties": {"id": "ATHER-PWN-1597", "name": "Omaha-2", "town": "Omaha-2, Nebraska, USA", "country": "USA", "temperature": null, "pressure": null, "humidity": null, "windSpeed": null, "windDirection": null, "condition": "Offline", "timestamp": "Offline", "status": "OFFLINE", "hasAnomaly": 0, "severity": "NONE"}}, {"type": "Feature", "geometry": {"type": "Point", "coordinates": [-115.329927, 36.205769]}, "properties": {"id": "ATHER-SWN-1598", "name": "Las Vegas", "town": "Las Vegas, Nevada, USA", "country": "USA", "temperature": 33.3, "pressure": 1011.9, "humidity": 30, "windSpeed": 4.8, "windDirection": "ENE", "condition": "Sunny", "timestamp": "13:36:07 PDT", "status": "NORMAL", "hasAnomaly": 0, "severity": "NONE"}}, {"type": "Feature", "geometry": {"type": "Point", "coordinates": [-119.72188, 39.03855]}, "properties": {"id": "ATHER-SWN-1599", "name": "Minden", "town": "Minden, Nevada, USA", "country": "USA", "temperature": 35.0, "pressure": 1016.9, "humidity": 11, "windSpeed": 12.9, "windDirection": "SW", "condition": "Sunny", "timestamp": "13:40:05 PDT", "status": "NORMAL", "hasAnomaly": 0, "severity": "NONE"}}, {"type": "Feature", "geometry": {"type": "Point", "coordinates": [-115.56833, 41.0395]}, "properties": {"id": "ATHER-SWN-1600", "name": "Ryndon/Devil's Gate", "town": "Ryndon/Devil's Gate, Nevada, USA", "country": "USA", "temperature": 31.7, "pressure": 1020.3, "humidity": 6, "windSpeed": 4.8, "windDirection": "NNW", "condition": "Mainly Fine", "timestamp": "13:30:15 PDT", "status": "NORMAL", "hasAnomaly": 0, "severity": "NONE"}}, {"type": "Feature", "geometry": {"type": "Point", "coordinates": [-72.366966, 43.374611]}, "properties": {"id": "ATHER-NEW-1601", "name": "Claremont", "town": "Claremont, New Hampshire, USA", "country": "USA", "temperature": 20.0, "pressure": 1019.6, "humidity": 100, "windSpeed": 0.0, "windDirection": "ESE", "condition": "Overcast", "timestamp": "16:38:10 EDT", "status": "NORMAL", "hasAnomaly": 0, "severity": "NONE"}}, {"type": "Feature", "geometry": {"type": "Point", "coordinates": [-71.11811829, 42.96468353]}, "properties": {"id": "ATHER-NEW-1602", "name": "Fremont", "town": "Fremont, New Hampshire, USA", "country": "USA", "temperature": 21.1, "pressure": 1020.0, "humidity": 95, "windSpeed": 0.0, "windDirection": "NE", "condition": "Overcast", "timestamp": "16:38:09 EDT", "status": "NORMAL", "hasAnomaly": 0, "severity": "NONE"}}, {"type": "Feature", "geometry": {"type": "Point", "coordinates": [-71.9163895, 44.2119446]}, "properties": {"id": "ATHER-NEW-1603", "name": "Lisbon", "town": "Lisbon, New Hampshire, USA", "country": "USA", "temperature": 21.7, "pressure": 1019.0, "humidity": 94, "windSpeed": 0.0, "windDirection": "WSW", "condition": "Overcast", "timestamp": "16:35:08 EDT", "status": "NORMAL", "hasAnomaly": 0, "severity": "NONE"}}, {"type": "Feature", "geometry": {"type": "Point", "coordinates": [-71.32746124, 45.07926178]}, "properties": {"id": "ATHER-NEW-1604", "name": "Pittsburg", "town": "Pittsburg, New Hampshire, USA", "country": "USA", "temperature": 22.2, "pressure": 1018.6, "humidity": 77, "windSpeed": 1.6, "windDirection": "SSE", "condition": "Overcast", "timestamp": "16:38:09 EDT", "status": "NORMAL", "hasAnomaly": 0, "severity": "NONE"}}, {"type": "Feature", "geometry": {"type": "Point", "coordinates": [-74.084534, 40.8563]}, "properties": {"id": "ATHER-MAW-1605", "name": "Hasbrouck Heights", "town": "Hasbrouck Heights, New Jersey, USA", "country": "USA", "temperature": 26.7, "pressure": 1014.6, "humidity": 75, "windSpeed": 3.2, "windDirection": "NE", "condition": "Partly Cloudy", "timestamp": "16:38:57 EDT", "status": "NORMAL", "hasAnomaly": 0, "severity": "NONE"}}, {"type": "Feature", "geometry": {"type": "Point", "coordinates": [-74.031265, 40.741175]}, "properties": {"id": "ATHER-NEW-1606", "name": "Hoboken", "town": "Hoboken, New Jersey, USA", "country": "USA", "temperature": 30.0, "pressure": 1015.6, "humidity": 57, "windSpeed": 8.0, "windDirection": "NNE", "condition": "Clear", "timestamp": "16:38:10 EDT", "status": "NORMAL", "hasAnomaly": 0, "severity": "NONE"}}, {"type": "Feature", "geometry": {"type": "Point", "coordinates": [-74.6583, 40.8427]}, "properties": {"id": "ATHER-MAW-1607", "name": "Succasunna", "town": "Succasunna, New Jersey, USA", "country": "USA", "temperature": 25.6, "pressure": 1013.9, "humidity": 74, "windSpeed": 6.4, "windDirection": "N", "condition": "Mostly Cloudy", "timestamp": "16:38:10 EDT", "status": "NORMAL", "hasAnomaly": 0, "severity": "NONE"}}, {"type": "Feature", "geometry": {"type": "Point", "coordinates": [-74.6042, 41.2286]}, "properties": {"id": "ATHER-MAW-1608", "name": "Sussex", "town": "Sussex, New Jersey, USA", "country": "USA", "temperature": 25.6, "pressure": 1017.6, "humidity": 74, "windSpeed": 1.6, "windDirection": "SSE", "condition": "Partly Cloudy", "timestamp": "16:39:03 EDT", "status": "NORMAL", "hasAnomaly": 0, "severity": "NONE"}}, {"type": "Feature", "geometry": {"type": "Point", "coordinates": [-74.088074, 40.851707]}, "properties": {"id": "ATHER-MAW-1609", "name": "Wood Ridge", "town": "Wood Ridge, New Jersey, USA", "country": "USA", "temperature": 26.7, "pressure": 1015.6, "humidity": 75, "windSpeed": 0.0, "windDirection": "NE", "condition": "Partly Cloudy", "timestamp": "16:39:00 EDT", "status": "NORMAL", "hasAnomaly": 0, "severity": "NONE"}}, {"type": "Feature", "geometry": {"type": "Point", "coordinates": [-74.2093, 40.8948]}, "properties": {"id": "ATHER-MAW-1610", "name": "Woodland Park", "town": "Woodland Park, New Jersey, USA", "country": "USA", "temperature": 27.2, "pressure": 1014.9, "humidity": 66, "windSpeed": 8.0, "windDirection": "ENE", "condition": "Mostly Cloudy", "timestamp": "16:31:00 EDT", "status": "NORMAL", "hasAnomaly": 0, "severity": "NONE"}}, {"type": "Feature", "geometry": {"type": "Point", "coordinates": [-105.655, 32.974]}, "properties": {"id": "ATHER-RMW-1611", "name": "Cloudcroft", "town": "Cloudcroft, New Mexico, USA", "country": "USA", "temperature": 15.6, "pressure": 1010.8, "humidity": 71, "windSpeed": 0.0, "windDirection": "S", "condition": "Clear", "timestamp": "14:50:29 MDT", "status": "NORMAL", "hasAnomaly": 0, "severity": "NONE"}}, {"type": "Feature", "geometry": {"type": "Point", "coordinates": [-106.77769, 32.30685]}, "properties": {"id": "ATHER-RMW-1612", "name": "Las Cruces", "town": "Las Cruces, New Mexico, USA", "country": "USA", "temperature": 29.4, "pressure": 1009.5, "humidity": 32, "windSpeed": 3.2, "windDirection": "E", "condition": "Partly Cloudy", "timestamp": "14:39:04 MDT", "status": "NORMAL", "hasAnomaly": 0, "severity": "NONE"}}, {"type": "Feature", "geometry": {"type": "Point", "coordinates": [-106.64709, 35.24192]}, "properties": {"id": "ATHER-RMW-1613", "name": "Rio Rancho 1", "town": "Rio Rancho 1, New Mexico, USA", "country": "USA", "temperature": 30.6, "pressure": 1020.7, "humidity": 24, "windSpeed": 3.2, "windDirection": "ESE", "condition": "Sunny", "timestamp": "14:40:08 MDT", "status": "NORMAL", "hasAnomaly": 0, "severity": "NONE"}}, {"type": "Feature", "geometry": {"type": "Point", "coordinates": [-106.72027, 35.28222]}, "properties": {"id": "ATHER-RMW-1614", "name": "Rio Rancho 2", "town": "Rio Rancho 2, New Mexico, USA", "country": "USA", "temperature": 31.1, "pressure": 1025.4, "humidity": 23, "windSpeed": 1.6, "windDirection": "ESE", "condition": "Partly Cloudy", "timestamp": "14:39:50 MDT", "status": "NORMAL", "hasAnomaly": 0, "severity": "NONE"}}, {"type": "Feature", "geometry": {"type": "Point", "coordinates": [-108.3425, 32.76083]}, "properties": {"id": "ATHER-RMW-1615", "name": "Silver City", "town": "Silver City, New Mexico, USA", "country": "USA", "temperature": 28.9, "pressure": 1009.1, "humidity": 35, "windSpeed": 9.7, "windDirection": "S", "condition": "Partly Cloudy", "timestamp": "14:39:59 MDT", "status": "NORMAL", "hasAnomaly": 0, "severity": "NONE"}}, {"type": "Feature", "geometry": {"type": "Point", "coordinates": [-103.324501, 33.2558289]}, "properties": {"id": "ATHER-MSW-1616", "name": "Tatum", "town": "Tatum, New Mexico, USA", "country": "USA", "temperature": 26.1, "pressure": 1019.3, "humidity": 57, "windSpeed": 6.4, "windDirection": "NW", "condition": "Cloudy2", "timestamp": "15:41:52 CDT", "status": "NORMAL", "hasAnomaly": 0, "severity": "NONE"}}, {"type": "Feature", "geometry": {"type": "Point", "coordinates": [-76.162384, 43.17128]}, "properties": {"id": "ATHER-NEW-1617", "name": "Clay", "town": "Clay, New York, USA", "country": "USA", "temperature": 25.6, "pressure": 1015.9, "humidity": 71, "windSpeed": 0.0, "windDirection": "NNE", "condition": "Mostly Cloudy", "timestamp": "16:37:16 EDT", "status": "NORMAL", "hasAnomaly": 0, "severity": "NONE"}}, {"type": "Feature", "geometry": {"type": "Point", "coordinates": [-73.843, 42.733]}, "properties": {"id": "ATHER-NEW-1618", "name": "Colonie", "town": "Colonie, New York, USA", "country": "USA", "temperature": 25.6, "pressure": 1016.9, "humidity": 79, "windSpeed": 1.6, "windDirection": "S", "condition": "Mostly Cloudy", "timestamp": "16:33:23 EDT", "status": "NORMAL", "hasAnomaly": 0, "severity": "NONE"}}, {"type": "Feature", "geometry": {"type": "Point", "coordinates": [-73.33053, 40.92341]}, "properties": {"id": "ATHER-NEW-1619", "name": "Crab Meadow", "town": "Crab Meadow, Northport, New York, USA", "country": "USA", "temperature": 27.2, "pressure": 1015.9, "humidity": 80, "windSpeed": 0.0, "windDirection": "ENE", "condition": "Sunny", "timestamp": "16:38:09 EDT", "status": "NORMAL", "hasAnomaly": 0, "severity": "NONE"}}, {"type": "Feature", "geometry": {"type": "Point", "coordinates": [-75.21006012, 42.26301956]}, "properties": {"id": "ATHER-NEW-1620", "name": "East Masonville", "town": "East Masonville, New York, USA", "country": "USA", "temperature": 23.9, "pressure": 1016.3, "humidity": 78, "windSpeed": 0.0, "windDirection": "ESE", "condition": "Mainly Fine", "timestamp": "16:38:13 EDT", "status": "NORMAL", "hasAnomaly": 0, "severity": "NONE"}}, {"type": "Feature", "geometry": {"type": "Point", "coordinates": [-78.657365, 42.838191]}, "properties": {"id": "ATHER-NEW-1621", "name": "Elma", "town": "Elma, New York, USA", "country": "USA", "temperature": 28.3, "pressure": 1017.6, "humidity": 45, "windSpeed": 1.6, "windDirection": "ESE", "condition": "Overcast", "timestamp": "16:38:08 EDT", "status": "NORMAL", "hasAnomaly": 0, "severity": "NONE"}}, {"type": "Feature", "geometry": {"type": "Point", "coordinates": [-73.0532, 40.8436]}, "properties": {"id": "ATHER-NEW-1622", "name": "Farmingville", "town": "Farmingville, New York, USA", "country": "USA", "temperature": 22.8, "pressure": 1016.3, "humidity": 98, "windSpeed": 0.0, "windDirection": "SSE", "condition": "Rain", "timestamp": "16:38:07 EDT", "status": "NORMAL", "hasAnomaly": 0, "severity": "NONE"}}, {"type": "Feature", "geometry": {"type": "Point", "coordinates": [-74.72141266, 42.8643074]}, "properties": {"id": "ATHER-NEW-1623", "name": "Hessville", "town": "Hessville, New York, USA", "country": "USA", "temperature": 24.4, "pressure": 1017.3, "humidity": 79, "windSpeed": 16.1, "windDirection": "ENE", "condition": "Sunny", "timestamp": "16:38:13 EDT", "status": "NORMAL", "hasAnomaly": 0, "severity": "NONE"}}, {"type": "Feature", "geometry": {"type": "Point", "coordinates": [-78.6967, 43.1137]}, "properties": {"id": "ATHER-NEW-1624", "name": "Lockport", "town": "Lockport, New York, USA", "country": "USA", "temperature": 27.8, "pressure": 1016.6, "humidity": 50, "windSpeed": 8.0, "windDirection": "NW", "condition": "Sunny", "timestamp": "16:38:13 EDT", "status": "NORMAL", "hasAnomaly": 0, "severity": "NONE"}}, {"type": "Feature", "geometry": {"type": "Point", "coordinates": [-73.2868419, 40.8882288]}, "properties": {"id": "ATHER-NEW-1625", "name": "Northport", "town": "Northport, New York, USA", "country": "USA", "temperature": 27.2, "pressure": 1016.3, "humidity": 83, "windSpeed": 1.6, "windDirection": "S", "condition": "Overcast", "timestamp": "16:38:12 EDT", "status": "NORMAL", "hasAnomaly": 0, "severity": "NONE"}}, {"type": "Feature", "geometry": {"type": "Point", "coordinates": [-73.41111755, 42.86706924]}, "properties": {"id": "ATHER-NEW-1626", "name": "Southwest Hoosick", "town": "Southwest Hoosick, New York, USA", "country": "USA", "temperature": 22.8, "pressure": 1018.3, "humidity": 82, "windSpeed": 3.2, "windDirection": "W", "condition": "Overcast", "timestamp": "16:38:07 EDT", "status": "NORMAL", "hasAnomaly": 0, "severity": "NONE"}}, {"type": "Feature", "geometry": {"type": "Point", "coordinates": [-73.85296, 41.05185]}, "properties": {"id": "ATHER-NEW-1627", "name": "Tarrytown", "town": "Tarrytown, New York, USA", "country": "USA", "temperature": 23.3, "pressure": 1016.9, "humidity": 91, "windSpeed": 0.0, "windDirection": "N", "condition": "light Rain", "timestamp": "16:23:12 EDT", "status": "NORMAL", "hasAnomaly": 0, "severity": "NONE"}}, {"type": "Feature", "geometry": {"type": "Point", "coordinates": [-75.41624451, 43.11187744]}, "properties": {"id": "ATHER-NEW-1628", "name": "Westmoreland", "town": "Westmoreland, New York, USA", "country": "USA", "temperature": 27.2, "pressure": 1019.6, "humidity": 64, "windSpeed": 6.4, "windDirection": "SE", "condition": "Sunny", "timestamp": "16:38:07 EDT", "status": "NORMAL", "hasAnomaly": 0, "severity": "NONE"}}, {"type": "Feature", "geometry": {"type": "Point", "coordinates": [-78.5741, 35.5343]}, "properties": {"id": "ATHER-MAW-1629", "name": "Benson", "town": "Benson, North Carolina, USA", "country": "USA", "temperature": 32.8, "pressure": 1022.0, "humidity": 61, "windSpeed": 0.0, "windDirection": "N", "condition": "Partly Cloudy", "timestamp": "16:39:04 EDT", "status": "NORMAL", "hasAnomaly": 0, "severity": "NONE"}}, {"type": "Feature", "geometry": {"type": "Point", "coordinates": [-78.5696539, 33.9246539]}, "properties": {"id": "ATHER-MAW-1630", "name": "Calabash", "town": "Calabash, North Carolina, USA", "country": "USA", "temperature": 30.0, "pressure": 1016.3, "humidity": 76, "windSpeed": 3.2, "windDirection": "SSW", "condition": "Partly Cloudy", "timestamp": "16:39:00 EDT", "status": "NORMAL", "hasAnomaly": 0, "severity": "NONE"}}, {"type": "Feature", "geometry": {"type": "Point", "coordinates": [-78.761733, 35.615049]}, "properties": {"id": "ATHER-SEW-1631", "name": "Fuquay Varina", "town": "Fuquay Varina, North Carolina, USA", "country": "USA", "temperature": 32.8, "pressure": 1013.5, "humidity": 66, "windSpeed": 1.6, "windDirection": "SSE", "condition": "Mostly Cloudy", "timestamp": "16:41:01 EDT", "status": "NORMAL", "hasAnomaly": 0, "severity": "NONE"}}, {"type": "Feature", "geometry": {"type": "Point", "coordinates": [-78.3705, 36.26217]}, "properties": {"id": "ATHER-SEW-1632", "name": "Gillburg", "town": "Gillburg, North Carolina, USA", "country": "USA", "temperature": 32.8, "pressure": 1014.2, "humidity": 60, "windSpeed": 4.8, "windDirection": "SSW", "condition": "Fog", "timestamp": "16:42:09 EDT", "status": "NORMAL", "hasAnomaly": 0, "severity": "NONE"}}, {"type": "Feature", "geometry": {"type": "Point", "coordinates": [-80.592849, 36.543492]}, "properties": {"id": "ATHER-SEW-1633", "name": "Mount Airy", "town": "Mount Airy, North Carolina, USA", "country": "USA", "temperature": 25.6, "pressure": 1013.5, "humidity": 78, "windSpeed": 0.0, "windDirection": "NW", "condition": "Clear", "timestamp": "16:36:39 EDT", "status": "NORMAL", "hasAnomaly": 0, "severity": "NONE"}}, {"type": "Feature", "geometry": {"type": "Point", "coordinates": [-76.827, 35.0263]}, "properties": {"id": "ATHER-MAW-1634", "name": "New Bern", "town": "New Bern, North Carolina, USA", "country": "USA", "temperature": 28.3, "pressure": 1015.6, "humidity": 74, "windSpeed": 8.0, "windDirection": "SSW", "condition": "Clear", "timestamp": "16:35:37 EDT", "status": "NORMAL", "hasAnomaly": 0, "severity": "NONE"}}, {"type": "Feature", "geometry": {"type": "Point", "coordinates": [-83.033615, 35.445229]}, "properties": {"id": "ATHER-SEW-1635", "name": "Waynesville", "town": "Waynesville, North Carolina, USA", "country": "USA", "temperature": 22.8, "pressure": 1014.2, "humidity": 84, "windSpeed": 0.0, "windDirection": "NNW", "condition": "Nearby Thunderstorm", "timestamp": "16:42:09 EDT", "status": "NORMAL", "hasAnomaly": 0, "severity": "NONE"}}, {"type": "Feature", "geometry": {"type": "Point", "coordinates": [-77.94360352, 34.24169922]}, "properties": {"id": "ATHER-SEW-1636", "name": "Wilmington", "town": "Wilmington, North Carolina, USA", "country": "USA", "temperature": 29.4, "pressure": 1014.6, "humidity": 76, "windSpeed": 0.0, "windDirection": "ESE", "condition": "Few Clouds", "timestamp": "16:32:13 EDT", "status": "NORMAL", "hasAnomaly": 0, "severity": "NONE"}}, {"type": "Feature", "geometry": {"type": "Point", "coordinates": [-100.78462982, 46.90220261]}, "properties": {"id": "ATHER-PWN-1637", "name": "Bismarck", "town": "Bismarck, North Dakota, USA", "country": "USA", "temperature": 38.9, "pressure": 1004.1, "humidity": 21, "windSpeed": 29.0, "windDirection": "S", "condition": "Smoke", "timestamp": "15:38:08 CDT", "status": "NORMAL", "hasAnomaly": 0, "severity": "NONE"}}, {"type": "Feature", "geometry": {"type": "Point", "coordinates": [-82.048, 41.437]}, "properties": {"id": "ATHER-MWW-1638", "name": "Avon", "town": "Avon, Ohio, USA", "country": "USA", "temperature": 25.0, "pressure": 1017.3, "humidity": 70, "windSpeed": 3.2, "windDirection": "ENE", "condition": "Partly Cloudy", "timestamp": "15:39:05 CDT", "status": "NORMAL", "hasAnomaly": 0, "severity": "NONE"}}, {"type": "Feature", "geometry": {"type": "Point", "coordinates": [-81.9343033, 39.7928009]}, "properties": {"id": "ATHER-MWW-1639", "name": "Blue Rock", "town": "Blue Rock, Ohio, USA", "country": "USA", "temperature": 26.7, "pressure": 1015.2, "humidity": 66, "windSpeed": 1.6, "windDirection": "S", "condition": "Partly Cloudy", "timestamp": "15:38:31 CDT", "status": "NORMAL", "hasAnomaly": 0, "severity": "NONE"}}, {"type": "Feature", "geometry": {"type": "Point", "coordinates": [-82.485732, 40.037678]}, "properties": {"id": "ATHER-MWW-1640", "name": "Granville", "town": "Granville, Ohio, USA", "country": "USA", "temperature": 27.2, "pressure": 1015.9, "humidity": 63, "windSpeed": 1.6, "windDirection": "N", "condition": "Overcast", "timestamp": "15:39:17 CDT", "status": "NORMAL", "hasAnomaly": 0, "severity": "NONE"}}, {"type": "Feature", "geometry": {"type": "Point", "coordinates": [-82.9201, 39.8619]}, "properties": {"id": "ATHER-MWW-1641", "name": "Groveport", "town": "Groveport, Ohio, USA", "country": "USA", "temperature": 25.0, "pressure": 1016.3, "humidity": 73, "windSpeed": 0.0, "windDirection": "WNW", "condition": "Partly Cloudy", "timestamp": "15:39:17 CDT", "status": "NORMAL", "hasAnomaly": 0, "severity": "NONE"}}, {"type": "Feature", "geometry": {"type": "Point", "coordinates": [-84.477, 39.3933]}, "properties": {"id": "ATHER-MWW-1642", "name": "Hamilton", "town": "Hamilton, Ohio, USA", "country": "USA", "temperature": 27.2, "pressure": 1017.3, "humidity": 71, "windSpeed": 1.6, "windDirection": "NW", "condition": "Partly Cloudy", "timestamp": "15:34:54 CDT", "status": "NORMAL", "hasAnomaly": 0, "severity": "NONE"}}, {"type": "Feature", "geometry": {"type": "Point", "coordinates": [-82.60787964, 39.70727921]}, "properties": {"id": "ATHER-MWW-1643", "name": "Lancaster", "town": "Lancaster, Ohio, USA", "country": "USA", "temperature": 30.6, "pressure": 1015.6, "humidity": 46, "windSpeed": 0.0, "windDirection": "NE", "condition": "Dry", "timestamp": "15:35:41 CDT", "status": "NORMAL", "hasAnomaly": 0, "severity": "NONE"}}, {"type": "Feature", "geometry": {"type": "Point", "coordinates": [-84.397636, 39.392872]}, "properties": {"id": "ATHER-MWW-1644", "name": "Liberty Township", "town": "Liberty Township, Ohio, USA", "country": "USA", "temperature": 27.2, "pressure": 1016.9, "humidity": 60, "windSpeed": 0.0, "windDirection": "ENE", "condition": "Partly Cloudy", "timestamp": "15:39:19 CDT", "status": "NORMAL", "hasAnomaly": 0, "severity": "NONE"}}, {"type": "Feature", "geometry": {"type": "Point", "coordinates": [-82.818854, 40.049081]}, "properties": {"id": "ATHER-MWW-1645", "name": "New Albany", "town": "New Albany, Ohio, USA", "country": "USA", "temperature": 27.8, "pressure": 1016.3, "humidity": 55, "windSpeed": 3.2, "windDirection": "NE", "condition": "Partly Cloudy", "timestamp": "15:39:17 CDT", "status": "NORMAL", "hasAnomaly": 0, "severity": "NONE"}}, {"type": "Feature", "geometry": {"type": "Point", "coordinates": [-80.97668, 41.19902]}, "properties": {"id": "ATHER-MWW-1646", "name": "Newton Falls", "town": "Newton Falls, Ohio, USA", "country": "USA", "temperature": 20.6, "pressure": 1016.9, "humidity": 77, "windSpeed": 0.0, "windDirection": "NE", "condition": "Mostly Cloudy", "timestamp": "15:39:20 CDT", "status": "NORMAL", "hasAnomaly": 0, "severity": "NONE"}}, {"type": "Feature", "geometry": {"type": "Point", "coordinates": [-80.82722, 41.63056]}, "properties": {"id": "ATHER-MWW-1647", "name": "Rome", "town": "Rome, Ohio, USA", "country": "USA", "temperature": null, "pressure": null, "humidity": null, "windSpeed": null, "windDirection": null, "condition": "Offline", "timestamp": "Offline", "status": "OFFLINE", "hasAnomaly": 0, "severity": "NONE"}}, {"type": "Feature", "geometry": {"type": "Point", "coordinates": [-97.1125, 34.1537]}, "properties": {"id": "ATHER-MSW-1648", "name": "Ardmore", "town": "Ardmore, Oklahoma, USA", "country": "USA", "temperature": 30.0, "pressure": 1014.6, "humidity": 60, "windSpeed": 0.0, "windDirection": "SE", "condition": "Cloudy2", "timestamp": "15:41:59 CDT", "status": "NORMAL", "hasAnomaly": 0, "severity": "NONE"}}, {"type": "Feature", "geometry": {"type": "Point", "coordinates": [-95.804306, 36.358749]}, "properties": {"id": "ATHER-MSW-1649", "name": "Collinsville", "town": "Collinsville, Oklahoma, USA", "country": "USA", "temperature": 31.7, "pressure": 1015.2, "humidity": 56, "windSpeed": 3.2, "windDirection": "SSE", "condition": "Mostly Cloudy", "timestamp": "15:40:26 CDT", "status": "NORMAL", "hasAnomaly": 0, "severity": "NONE"}}, {"type": "Feature", "geometry": {"type": "Point", "coordinates": [-97.844, 36.124]}, "properties": {"id": "ATHER-MSW-1650", "name": "Stillwater", "town": "Stillwater, Oklahoma, USA", "country": "USA", "temperature": 29.4, "pressure": 1014.9, "humidity": 66, "windSpeed": 4.8, "windDirection": "E", "condition": "light Rain", "timestamp": "15:41:53 CDT", "status": "NORMAL", "hasAnomaly": 0, "severity": "NONE"}}, {"type": "Feature", "geometry": {"type": "Point", "coordinates": [-97.043777, 36.124702]}, "properties": {"id": "ATHER-PWN-1651", "name": "Stillwater-2", "town": "Stillwater-2, Oklahoma, USA", "country": "USA", "temperature": 28.9, "pressure": 1014.6, "humidity": 66, "windSpeed": 3.2, "windDirection": "E", "condition": "Sunny", "timestamp": "15:38:10 CDT", "status": "NORMAL", "hasAnomaly": 0, "severity": "NONE"}}, {"type": "Feature", "geometry": {"type": "Point", "coordinates": [-122.9912769, 42.169059]}, "properties": {"id": "ATHER-NWW-1652", "name": "Buncom", "town": "Buncom, Oregon, USA", "country": "USA", "temperature": 28.9, "pressure": 1013.9, "humidity": 31, "windSpeed": 3.2, "windDirection": "WNW", "condition": "Smoke", "timestamp": "13:39:20 PDT", "status": "NORMAL", "hasAnomaly": 0, "severity": "NONE"}}, {"type": "Feature", "geometry": {"type": "Point", "coordinates": [-123.961184, 45.891881]}, "properties": {"id": "ATHER-NWW-1653", "name": "Cannon Beach", "town": "Cannon Beach, Oregon, USA", "country": "USA", "temperature": 18.3, "pressure": 1021.3, "humidity": 81, "windSpeed": 11.3, "windDirection": "NW", "condition": "Clear", "timestamp": "13:39:53 PDT", "status": "NORMAL", "hasAnomaly": 0, "severity": "NONE"}}, {"type": "Feature", "geometry": {"type": "Point", "coordinates": [-124.03833, 44.8655]}, "properties": {"id": "ATHER-NWW-1654", "name": "Gleneden Beach", "town": "Gleneden Beach, Oregon, USA", "country": "USA", "temperature": 20.6, "pressure": 1021.0, "humidity": 78, "windSpeed": 6.4, "windDirection": "NNE", "condition": "Clear", "timestamp": "13:40:14 PDT", "status": "NORMAL", "hasAnomaly": 0, "severity": "NONE"}}, {"type": "Feature", "geometry": {"type": "Point", "coordinates": [-123.386391, 42.428612]}, "properties": {"id": "ATHER-NWW-1655", "name": "Grants Pass", "town": "Grants Pass, Oregon, USA", "country": "USA", "temperature": 26.7, "pressure": 1014.6, "humidity": 34, "windSpeed": 3.2, "windDirection": "WSW", "condition": "Sunny", "timestamp": "13:40:58 PDT", "status": "NORMAL", "hasAnomaly": 0, "severity": "NONE"}}, {"type": "Feature", "geometry": {"type": "Point", "coordinates": [-117.237, 45.389]}, "properties": {"id": "ATHER-NWW-1656", "name": "Joseph", "town": "Joseph, Oregon, USA", "country": "USA", "temperature": 21.1, "pressure": 1021.3, "humidity": 37, "windSpeed": 3.2, "windDirection": "W", "condition": "Sunny", "timestamp": "13:38:14 PDT", "status": "NORMAL", "hasAnomaly": 0, "severity": "NONE"}}, {"type": "Feature", "geometry": {"type": "Point", "coordinates": [-121.7817, 42.2249]}, "properties": {"id": "ATHER-NWW-1657", "name": "Klamath Falls", "town": "Klamath Falls, Oregon, USA", "country": "USA", "temperature": 29.4, "pressure": 1019.0, "humidity": 32, "windSpeed": 1.6, "windDirection": "SW", "condition": "Overcast", "timestamp": "13:40:56 PDT", "status": "NORMAL", "hasAnomaly": 0, "severity": "NONE"}}, {"type": "Feature", "geometry": {"type": "Point", "coordinates": [-121.5395, 42.0392]}, "properties": {"id": "ATHER-NWW-1658", "name": "Merrill", "town": "Merrill, Oregon, USA", "country": "USA", "temperature": 27.2, "pressure": 1026.4, "humidity": 25, "windSpeed": 3.2, "windDirection": "S", "condition": "Reported", "timestamp": "12:55:18 PDT", "status": "NORMAL", "hasAnomaly": 0, "severity": "NONE"}}, {"type": "Feature", "geometry": {"type": "Point", "coordinates": [-121.185181, 45.590279]}, "properties": {"id": "ATHER-NWW-1659", "name": "The Dalles", "town": "The Dalles, Oregon, USA", "country": "USA", "temperature": 25.6, "pressure": 1017.3, "humidity": 39, "windSpeed": 6.4, "windDirection": "N", "condition": "Clear", "timestamp": "13:41:02 PDT", "status": "NORMAL", "hasAnomaly": 0, "severity": "NONE"}}, {"type": "Feature", "geometry": {"type": "Point", "coordinates": [-75.53642273, 41.00813675]}, "properties": {"id": "ATHER-NEW-1660", "name": "Albrightsville", "town": "Albrightsville, Pennsylvania, USA", "country": "USA", "temperature": 24.4, "pressure": 1016.9, "humidity": 76, "windSpeed": 0.0, "windDirection": "N", "condition": "Reported", "timestamp": "16:38:16 EDT", "status": "NORMAL", "hasAnomaly": 0, "severity": "NONE"}}, {"type": "Feature", "geometry": {"type": "Point", "coordinates": [-75.6032, 40.5535]}, "properties": {"id": "ATHER-MAW-1661", "name": "Allentown", "town": "Allentown, Pennsylvania, USA", "country": "USA", "temperature": 28.3, "pressure": 1015.6, "humidity": 63, "windSpeed": 0.0, "windDirection": "ENE", "condition": "Overcast", "timestamp": "16:39:03 EDT", "status": "NORMAL", "hasAnomaly": 0, "severity": "NONE"}}, {"type": "Feature", "geometry": {"type": "Point", "coordinates": [-75.56383, 41.49117]}, "properties": {"id": "ATHER-MAW-1662", "name": "Archbald", "town": "Archbald, Pennsylvania, USA", "country": "USA", "temperature": 21.7, "pressure": 1016.6, "humidity": 84, "windSpeed": 0.0, "windDirection": "SSE", "condition": "Reported", "timestamp": "16:38:55 EDT", "status": "NORMAL", "hasAnomaly": 0, "severity": "NONE"}}, {"type": "Feature", "geometry": {"type": "Point", "coordinates": [-75.979117, 39.946916]}, "properties": {"id": "ATHER-MAW-1663", "name": "Atglen", "town": "Atglen, Pennsylvania, USA", "country": "USA", "temperature": 26.7, "pressure": 1015.2, "humidity": 74, "windSpeed": 1.6, "windDirection": "NNE", "condition": "Clear", "timestamp": "16:39:05 EDT", "status": "NORMAL", "hasAnomaly": 0, "severity": "NONE"}}, {"type": "Feature", "geometry": {"type": "Point", "coordinates": [-79.94413757, 40.14915848]}, "properties": {"id": "ATHER-MAW-1664", "name": "Charleroi", "town": "Charleroi, Pennsylvania, USA", "country": "USA", "temperature": 27.8, "pressure": 1016.6, "humidity": 57, "windSpeed": 1.6, "windDirection": "WNW", "condition": "Partly Cloudy", "timestamp": "16:38:39 EDT", "status": "NORMAL", "hasAnomaly": 0, "severity": "NONE"}}, {"type": "Feature", "geometry": {"type": "Point", "coordinates": [-75.62985229, 40.17088318]}, "properties": {"id": "ATHER-MAW-1665", "name": "East Vincent", "town": "East Vincent, Pennsylvania, USA", "country": "USA", "temperature": 27.2, "pressure": 1014.6, "humidity": 75, "windSpeed": 1.6, "windDirection": "W", "condition": "Overcast", "timestamp": "16:39:00 EDT", "status": "NORMAL", "hasAnomaly": 0, "severity": "NONE"}}, {"type": "Feature", "geometry": {"type": "Point", "coordinates": [-79.59169, 40.446465]}, "properties": {"id": "ATHER-MAW-1666", "name": "Export", "town": "Export, Pennsylvania, USA", "country": "USA", "temperature": 27.2, "pressure": 1020.7, "humidity": 29, "windSpeed": 3.2, "windDirection": "N", "condition": "Few Clouds", "timestamp": "16:39:00 EDT", "status": "NORMAL", "hasAnomaly": 0, "severity": "NONE"}}, {"type": "Feature", "geometry": {"type": "Point", "coordinates": [-79.55, 40.313]}, "properties": {"id": "ATHER-MAW-1667", "name": "Greensburg", "town": "Greensburg, Pennsylvania, USA", "country": "USA", "temperature": null, "pressure": null, "humidity": null, "windSpeed": null, "windDirection": null, "condition": "Offline", "timestamp": "Offline", "status": "OFFLINE", "hasAnomaly": 0, "severity": "NONE"}}, {"type": "Feature", "geometry": {"type": "Point", "coordinates": [-75.907501, 41.219501]}, "properties": {"id": "ATHER-MAW-1668", "name": "Hanover Township", "town": "Hanover Township, Pennsylvania, USA", "country": "USA", "temperature": 23.3, "pressure": 1016.3, "humidity": 92, "windSpeed": 0.0, "windDirection": "NNE", "condition": "Reported", "timestamp": "16:30:39 EDT", "status": "NORMAL", "hasAnomaly": 0, "severity": "NONE"}}, {"type": "Feature", "geometry": {"type": "Point", "coordinates": [-76.193106, 40.582723]}, "properties": {"id": "ATHER-MAW-1669", "name": "Lake Wynonah", "town": "Lake Wynonah, Pennsylvania, USA", "country": "USA", "temperature": 27.8, "pressure": 1015.2, "humidity": 76, "windSpeed": 1.6, "windDirection": "SSE", "condition": "Partly Cloudy", "timestamp": "16:39:03 EDT", "status": "NORMAL", "hasAnomaly": 0, "severity": "NONE"}}, {"type": "Feature", "geometry": {"type": "Point", "coordinates": [-76.356667, 40.093889]}, "properties": {"id": "ATHER-MAW-1670", "name": "Lancaster", "town": "Lancaster, Pennsylvania, USA", "country": "USA", "temperature": null, "pressure": null, "humidity": null, "windSpeed": null, "windDirection": null, "condition": "Offline", "timestamp": "Offline", "status": "OFFLINE", "hasAnomaly": 0, "severity": "NONE"}}, {"type": "Feature", "geometry": {"type": "Point", "coordinates": [-77.01416779, 40.22277832]}, "properties": {"id": "ATHER-NEW-1671", "name": "Mechanicsburg-2", "town": "Mechanicsburg-2, Pennsylvania, USA", "country": "USA", "temperature": 26.7, "pressure": 1014.9, "humidity": 76, "windSpeed": 0.0, "windDirection": "SE", "condition": "Partly Cloudy", "timestamp": "16:38:08 EDT", "status": "NORMAL", "hasAnomaly": 0, "severity": "NONE"}}, {"type": "Feature", "geometry": {"type": "Point", "coordinates": [-76.0987, 40.09]}, "properties": {"id": "ATHER-MAW-1672", "name": "New Holland", "town": "New Holland, Pennsylvania, USA", "country": "USA", "temperature": 27.8, "pressure": 1014.9, "humidity": 63, "windSpeed": 0.0, "windDirection": "E", "condition": "Partly Cloudy", "timestamp": "16:39:06 EDT", "status": "NORMAL", "hasAnomaly": 0, "severity": "NONE"}}, {"type": "Feature", "geometry": {"type": "Point", "coordinates": [-75.774302, 41.111702]}, "properties": {"id": "ATHER-NEW-1673", "name": "Penn Lake Park", "town": "Penn Lake Park, Pennsylvania, USA", "country": "USA", "temperature": 23.3, "pressure": 1013.9, "humidity": 89, "windSpeed": 0.0, "windDirection": "SE", "condition": "Reported", "timestamp": "16:38:11 EDT", "status": "NORMAL", "hasAnomaly": 0, "severity": "NONE"}}, {"type": "Feature", "geometry": {"type": "Point", "coordinates": [-78.9905, 40.9447]}, "properties": {"id": "ATHER-NEW-1674", "name": "Punxsutawney", "town": "Punxsutawney, Pennsylvania, USA", "country": "USA", "temperature": 27.8, "pressure": 1016.3, "humidity": 51, "windSpeed": 1.6, "windDirection": "NE", "condition": "Clear", "timestamp": "16:37:54 EDT", "status": "NORMAL", "hasAnomaly": 0, "severity": "NONE"}}, {"type": "Feature", "geometry": {"type": "Point", "coordinates": [-78.55812073, 41.7175293]}, "properties": {"id": "ATHER-MAW-1675", "name": "Smethport", "town": "Smethport, Pennsylvania, USA", "country": "USA", "temperature": 27.2, "pressure": 1017.6, "humidity": 58, "windSpeed": 3.2, "windDirection": "N", "condition": "Few Clouds", "timestamp": "16:35:10 EDT", "status": "NORMAL", "hasAnomaly": 0, "severity": "NONE"}}, {"type": "Feature", "geometry": {"type": "Point", "coordinates": [-75.60167, 41.21583]}, "properties": {"id": "ATHER-MAW-1676", "name": "Thornhurst", "town": "Thornhurst, Pennsylvania, USA", "country": "USA", "temperature": 20.6, "pressure": 1019.0, "humidity": 97, "windSpeed": 0.0, "windDirection": "SE", "condition": "Cloudy2", "timestamp": "16:38:46 EDT", "status": "NORMAL", "hasAnomaly": 0, "severity": "NONE"}}, {"type": "Feature", "geometry": {"type": "Point", "coordinates": [-77.5517, 39.743]}, "properties": {"id": "ATHER-MAW-1677", "name": "Wayne Heights", "town": "Wayne Heights, Pennsylvania, USA", "country": "USA", "temperature": 26.1, "pressure": 1014.9, "humidity": 73, "windSpeed": 8.0, "windDirection": "SE", "condition": "Overcast", "timestamp": "16:39:05 EDT", "status": "NORMAL", "hasAnomaly": 0, "severity": "NONE"}}, {"type": "Feature", "geometry": {"type": "Point", "coordinates": [-76.269142, 39.970459]}, "properties": {"id": "ATHER-MAW-1678", "name": "Willow Street", "town": "Willow Street, Pennsylvania, USA", "country": "USA", "temperature": 27.8, "pressure": 1015.6, "humidity": 71, "windSpeed": 0.0, "windDirection": "SW", "condition": "Few Clouds", "timestamp": "16:38:32 EDT", "status": "NORMAL", "hasAnomaly": 0, "severity": "NONE"}}, {"type": "Feature", "geometry": {"type": "Point", "coordinates": [-76.66015625, 39.95489502]}, "properties": {"id": "ATHER-NEW-1679", "name": "York", "town": "York, Pennsylvania, USA", "country": "USA", "temperature": 25.6, "pressure": 1015.9, "humidity": 74, "windSpeed": 0.0, "windDirection": "SSE", "condition": "Clear", "timestamp": "16:38:18 EDT", "status": "NORMAL", "hasAnomaly": 0, "severity": "NONE"}}, {"type": "Feature", "geometry": {"type": "Point", "coordinates": [-81.7897861, 33.5758333]}, "properties": {"id": "ATHER-SEW-1680", "name": "Graniteville", "town": "Graniteville, South Carolina, USA", "country": "USA", "temperature": null, "pressure": null, "humidity": null, "windSpeed": null, "windDirection": null, "condition": "Offline", "timestamp": "Offline", "status": "OFFLINE", "hasAnomaly": 0, "severity": "NONE"}}, {"type": "Feature", "geometry": {"type": "Point", "coordinates": [-78.86956, 34.067265]}, "properties": {"id": "ATHER-SEW-1681", "name": "Loris", "town": "Loris, South Carolina, USA", "country": "USA", "temperature": 31.7, "pressure": 1013.5, "humidity": 60, "windSpeed": 12.9, "windDirection": "SSW", "condition": "Sunny", "timestamp": "16:41:57 EDT", "status": "NORMAL", "hasAnomaly": 0, "severity": "NONE"}}, {"type": "Feature", "geometry": {"type": "Point", "coordinates": [-80.1059, 32.5855]}, "properties": {"id": "ATHER-SEW-1682", "name": "Summerville", "town": "Summerville, South Carolina, USA", "country": "USA", "temperature": 24.4, "pressure": 1014.9, "humidity": 93, "windSpeed": 0.0, "windDirection": "N", "condition": "Thunderstorm", "timestamp": "16:41:55 EDT", "status": "NORMAL", "hasAnomaly": 0, "severity": "NONE"}}, {"type": "Feature", "geometry": {"type": "Point", "coordinates": [-103.87333, 44.49117]}, "properties": {"id": "ATHER-PWN-1683", "name": "Spearfish", "town": "Spearfish, South Dakota, USA", "country": "USA", "temperature": 35.6, "pressure": 998.3, "humidity": 26, "windSpeed": 4.8, "windDirection": "N", "condition": "Sunny", "timestamp": "15:37:59 CDT", "status": "NORMAL", "hasAnomaly": 0, "severity": "NONE"}}, {"type": "Feature", "geometry": {"type": "Point", "coordinates": [-89.837502, 35.267502]}, "properties": {"id": "ATHER-SEW-1684", "name": "Bartlett", "town": "Bartlett, Tennessee, USA", "country": "USA", "temperature": 33.9, "pressure": 1015.9, "humidity": 54, "windSpeed": 0.0, "windDirection": "NW", "condition": "Partly Cloudy", "timestamp": "16:40:14 EDT", "status": "NORMAL", "hasAnomaly": 0, "severity": "NONE"}}, {"type": "Feature", "geometry": {"type": "Point", "coordinates": [-88.243999, 36.034576]}, "properties": {"id": "ATHER-SEW-1685", "name": "Bruceton", "town": "Bruceton, Tennessee, USA", "country": "USA", "temperature": 31.7, "pressure": 1016.6, "humidity": 51, "windSpeed": 0.0, "windDirection": "NE", "condition": "Clear", "timestamp": "16:41:49 EDT", "status": "NORMAL", "hasAnomaly": 0, "severity": "NONE"}}, {"type": "Feature", "geometry": {"type": "Point", "coordinates": [-86.66246, 35.108214]}, "properties": {"id": "ATHER-SEW-1686", "name": "Fayetteville", "town": "Fayetteville, Tennessee, USA", "country": "USA", "temperature": null, "pressure": null, "humidity": null, "windSpeed": null, "windDirection": null, "condition": "Offline", "timestamp": "Offline", "status": "OFFLINE", "hasAnomaly": 0, "severity": "NONE"}}, {"type": "Feature", "geometry": {"type": "Point", "coordinates": [-86.3136928, 35.9080072]}, "properties": {"id": "ATHER-SEW-1687", "name": "Murfreesboro", "town": "Murfreesboro, Tennessee, USA", "country": "USA", "temperature": 30.0, "pressure": 1015.9, "humidity": 63, "windSpeed": 0.0, "windDirection": "ESE", "condition": "Partly Cloudy", "timestamp": "16:41:26 EDT", "status": "NORMAL", "hasAnomaly": 0, "severity": "NONE"}}, {"type": "Feature", "geometry": {"type": "Point", "coordinates": [-86.9383087, 36.0774002]}, "properties": {"id": "ATHER-SEW-1688", "name": "Nashville", "town": "Nashville, Tennessee, USA", "country": "USA", "temperature": 31.7, "pressure": 1015.6, "humidity": 58, "windSpeed": 0.0, "windDirection": "NNW", "condition": "Partly Cloudy", "timestamp": "16:40:10 EDT", "status": "NORMAL", "hasAnomaly": 0, "severity": "NONE"}}, {"type": "Feature", "geometry": {"type": "Point", "coordinates": [-88.1267, 35.6497]}, "properties": {"id": "ATHER-SEW-1689", "name": "Parsons", "town": "Parsons, Tennessee, USA", "country": "USA", "temperature": 32.8, "pressure": 1015.2, "humidity": 40, "windSpeed": 4.8, "windDirection": "NW", "condition": "Clear", "timestamp": "16:39:42 EDT", "status": "NORMAL", "hasAnomaly": 0, "severity": "NONE"}}, {"type": "Feature", "geometry": {"type": "Point", "coordinates": [-88.2212, 35.2601]}, "properties": {"id": "ATHER-SEW-1690", "name": "Savannah", "town": "Savannah, Tennessee, USA", "country": "USA", "temperature": 35.0, "pressure": 1015.9, "humidity": 43, "windSpeed": 0.0, "windDirection": "WNW", "condition": "Clear", "timestamp": "16:40:30 EDT", "status": "NORMAL", "hasAnomaly": 0, "severity": "NONE"}}, {"type": "Feature", "geometry": {"type": "Point", "coordinates": [-95.08, 30.16]}, "properties": {"id": "ATHER-MSW-1691", "name": "Cleveland", "town": "Cleveland, Texas, USA", "country": "USA", "temperature": 24.4, "pressure": 1016.6, "humidity": 95, "windSpeed": 0.0, "windDirection": "SSE", "condition": "Partly Cloudy", "timestamp": "15:42:01 CDT", "status": "NORMAL", "hasAnomaly": 0, "severity": "NONE"}}, {"type": "Feature", "geometry": {"type": "Point", "coordinates": [-97.66616, 33.26377]}, "properties": {"id": "ATHER-MSW-1692", "name": "Decatur", "town": "Decatur, Texas, USA", "country": "USA", "temperature": 31.1, "pressure": 1011.9, "humidity": 61, "windSpeed": 12.9, "windDirection": "SSE", "condition": "Sunny", "timestamp": "15:41:57 CDT", "status": "NORMAL", "hasAnomaly": 0, "severity": "NONE"}}, {"type": "Feature", "geometry": {"type": "Point", "coordinates": [-97.078776, 33.031263]}, "properties": {"id": "ATHER-MSW-1693", "name": "Flower Mound", "town": "Flower Mound, Texas, USA", "country": "USA", "temperature": 30.0, "pressure": 1014.2, "humidity": 74, "windSpeed": 8.0, "windDirection": "SSE", "condition": "Mostly Cloudy", "timestamp": "15:41:58 CDT", "status": "NORMAL", "hasAnomaly": 0, "severity": "NONE"}}, {"type": "Feature", "geometry": {"type": "Point", "coordinates": [-95.0469, 29.5091]}, "properties": {"id": "ATHER-MSW-1694", "name": "League City", "town": "League City, Texas, USA", "country": "USA", "temperature": 33.9, "pressure": 1016.3, "humidity": 61, "windSpeed": 9.7, "windDirection": "N", "condition": "Overcast", "timestamp": "15:41:55 CDT", "status": "NORMAL", "hasAnomaly": 0, "severity": "NONE"}}, {"type": "Feature", "geometry": {"type": "Point", "coordinates": [-98.115667, 29.672666]}, "properties": {"id": "ATHER-MSW-1695", "name": "New Braunfels", "town": "New Braunfels, Texas, USA", "country": "USA", "temperature": 23.3, "pressure": 1009.1, "humidity": 95, "windSpeed": 0.0, "windDirection": "NULL", "condition": "light Rain +Mist", "timestamp": "15:41:56 CDT", "status": "NORMAL", "hasAnomaly": 0, "severity": "NONE"}}, {"type": "Feature", "geometry": {"type": "Point", "coordinates": [-95.42221, 32.2232]}, "properties": {"id": "ATHER-MSW-1696", "name": "Noonday", "town": "Noonday, Texas, USA", "country": "USA", "temperature": 26.1, "pressure": 1016.3, "humidity": 95, "windSpeed": 1.6, "windDirection": "ENE", "condition": "Mostly Cloudy", "timestamp": "15:42:05 CDT", "status": "NORMAL", "hasAnomaly": 0, "severity": "NONE"}}, {"type": "Feature", "geometry": {"type": "Point", "coordinates": [-96.75176, 33.10431]}, "properties": {"id": "ATHER-MSW-1697", "name": "Plano", "town": "Plano, Texas, USA", "country": "USA", "temperature": 28.3, "pressure": 1013.5, "humidity": 76, "windSpeed": 6.4, "windDirection": "SE", "condition": "Partly Cloudy", "timestamp": "15:41:57 CDT", "status": "NORMAL", "hasAnomaly": 0, "severity": "NONE"}}, {"type": "Feature", "geometry": {"type": "Point", "coordinates": [-96.765804, 33.067383]}, "properties": {"id": "ATHER-MSW-1698", "name": "Plano-2", "town": "Plano-2, Texas, USA", "country": "USA", "temperature": 28.3, "pressure": 1015.2, "humidity": 76, "windSpeed": 6.4, "windDirection": "SSE", "condition": "Partly Cloudy", "timestamp": "15:41:59 CDT", "status": "NORMAL", "hasAnomaly": 0, "severity": "NONE"}}, {"type": "Feature", "geometry": {"type": "Point", "coordinates": [-97.128438, 31.492878]}, "properties": {"id": "ATHER-MSW-1699", "name": "Robinson", "town": "Robinson, Texas, USA", "country": "USA", "temperature": 41.1, "pressure": 1010.8, "humidity": 23, "windSpeed": 6.4, "windDirection": "SE", "condition": "Nearby Thunderstorm", "timestamp": "15:41:44 CDT", "status": "NORMAL", "hasAnomaly": 0, "severity": "NONE"}}, {"type": "Feature", "geometry": {"type": "Point", "coordinates": [-97.64801025, 30.47702408]}, "properties": {"id": "ATHER-MSW-1700", "name": "Round Rock/Siena", "town": "Round Rock/Siena, Texas, USA", "country": "USA", "temperature": 23.3, "pressure": 1016.3, "humidity": 96, "windSpeed": 0.0, "windDirection": "WSW", "condition": "light Rain", "timestamp": "15:41:00 CDT", "status": "NORMAL", "hasAnomaly": 0, "severity": "NONE"}}, {"type": "Feature", "geometry": {"type": "Point", "coordinates": [-97.30867, 33.34167]}, "properties": {"id": "ATHER-MSW-1701", "name": "Sanger", "town": "Sanger, Texas, USA", "country": "USA", "temperature": null, "pressure": null, "humidity": null, "windSpeed": null, "windDirection": null, "condition": "Offline", "timestamp": "Offline", "status": "OFFLINE", "hasAnomaly": 0, "severity": "NONE"}}, {"type": "Feature", "geometry": {"type": "Point", "coordinates": [-95.49454, 30.05374]}, "properties": {"id": "ATHER-MSW-1702", "name": "Spring", "town": "Spring, Texas, USA", "country": "USA", "temperature": 27.2, "pressure": 1015.9, "humidity": 91, "windSpeed": 1.6, "windDirection": "NW", "condition": "Partly Cloudy", "timestamp": "15:42:03 CDT", "status": "NORMAL", "hasAnomaly": 0, "severity": "NONE"}}, {"type": "Feature", "geometry": {"type": "Point", "coordinates": [-103.37944, 29.465]}, "properties": {"id": "ATHER-MSW-1703", "name": "Terlingua", "town": "Terlingua, Texas, USA", "country": "USA", "temperature": 25.0, "pressure": 1012.5, "humidity": 72, "windSpeed": 11.3, "windDirection": "NNE", "condition": "Overcast", "timestamp": "15:42:05 CDT", "status": "NORMAL", "hasAnomaly": 0, "severity": "NONE"}}, {"type": "Feature", "geometry": {"type": "Point", "coordinates": [-95.24273, 32.29515]}, "properties": {"id": "ATHER-MSW-1704", "name": "Tyler", "town": "Tyler, Texas, USA", "country": "USA", "temperature": 25.0, "pressure": 1015.9, "humidity": 95, "windSpeed": 0.0, "windDirection": "SE", "condition": "Overcast", "timestamp": "15:42:06 CDT", "status": "NORMAL", "hasAnomaly": 0, "severity": "NONE"}}, {"type": "Feature", "geometry": {"type": "Point", "coordinates": [-96.830278, 28.779444]}, "properties": {"id": "ATHER-MSW-1705", "name": "Victoria", "town": "Victoria, Texas, USA", "country": "USA", "temperature": 33.3, "pressure": 1015.2, "humidity": 50, "windSpeed": 17.7, "windDirection": "S", "condition": "Haze", "timestamp": "15:40:00 CDT", "status": "NORMAL", "hasAnomaly": 0, "severity": "NONE"}}, {"type": "Feature", "geometry": {"type": "Point", "coordinates": [-111.865654, 40.856739]}, "properties": {"id": "ATHER-SWN-1706", "name": "Bountiful", "town": "Bountiful, Utah, USA", "country": "USA", "temperature": 35.6, "pressure": 1002.4, "humidity": 18, "windSpeed": 0.0, "windDirection": "ESE", "condition": "Partly Cloudy", "timestamp": "13:38:01 PDT", "status": "NORMAL", "hasAnomaly": 0, "severity": "NONE"}}, {"type": "Feature", "geometry": {"type": "Point", "coordinates": [-72.99534607, 44.50953293]}, "properties": {"id": "ATHER-NEW-1707", "name": "Jericho", "town": "Jericho, Vermont, USA", "country": "USA", "temperature": 24.4, "pressure": 1019.0, "humidity": 73, "windSpeed": 1.6, "windDirection": "S", "condition": "Mostly Cloudy", "timestamp": "16:38:12 EDT", "status": "NORMAL", "hasAnomaly": 0, "severity": "NONE"}}, {"type": "Feature", "geometry": {"type": "Point", "coordinates": [-81.277496, 37.241692]}, "properties": {"id": "ATHER-MAW-1708", "name": "Bluefield", "town": "Bluefield, Virginia, USA", "country": "USA", "temperature": 24.4, "pressure": 1014.9, "humidity": 70, "windSpeed": 3.2, "windDirection": "WSW", "condition": "Mostly Cloudy", "timestamp": "16:38:39 EDT", "status": "NORMAL", "hasAnomaly": 0, "severity": "NONE"}}, {"type": "Feature", "geometry": {"type": "Point", "coordinates": [-76.341185, 36.726508]}, "properties": {"id": "ATHER-MAW-1709", "name": "Chesapeake", "town": "Chesapeake, Virginia, USA", "country": "USA", "temperature": 27.8, "pressure": 1015.6, "humidity": 79, "windSpeed": 1.6, "windDirection": "NNE", "condition": "Partly Cloudy", "timestamp": "16:39:09 EDT", "status": "NORMAL", "hasAnomaly": 0, "severity": "NONE"}}, {"type": "Feature", "geometry": {"type": "Point", "coordinates": [-77.41986084, 38.8183403]}, "properties": {"id": "ATHER-MAW-1710", "name": "Clifton", "town": "Clifton, Virginia, USA", "country": "USA", "temperature": 23.9, "pressure": 1015.9, "humidity": 88, "windSpeed": 1.6, "windDirection": "N", "condition": "Nearby Thunderstorm", "timestamp": "16:38:09 EDT", "status": "NORMAL", "hasAnomaly": 0, "severity": "NONE"}}, {"type": "Feature", "geometry": {"type": "Point", "coordinates": [-76.43755341, 37.01980972]}, "properties": {"id": "ATHER-SEW-1711", "name": "Hampton", "town": "Hampton, Virginia, USA", "country": "USA", "temperature": 30.0, "pressure": 1014.9, "humidity": 72, "windSpeed": 0.0, "windDirection": "SE", "condition": "Clear", "timestamp": "16:41:34 EDT", "status": "NORMAL", "hasAnomaly": 0, "severity": "NONE"}}, {"type": "Feature", "geometry": {"type": "Point", "coordinates": [-79.5408568, 37.7792445]}, "properties": {"id": "ATHER-MAW-1712", "name": "Lexington", "town": "Lexington, Virginia, USA", "country": "USA", "temperature": 32.2, "pressure": 1012.9, "humidity": 28, "windSpeed": 0.0, "windDirection": "N", "condition": "Mostly Cloudy", "timestamp": "16:39:10 EDT", "status": "NORMAL", "hasAnomaly": 0, "severity": "NONE"}}, {"type": "Feature", "geometry": {"type": "Point", "coordinates": [-81.588203, 36.814098]}, "properties": {"id": "ATHER-MAW-1713", "name": "Marion", "town": "Marion, Virginia, USA", "country": "USA", "temperature": 23.3, "pressure": 1019.6, "humidity": 75, "windSpeed": 1.6, "windDirection": "NW", "condition": "Partly Cloudy", "timestamp": "16:39:09 EDT", "status": "NORMAL", "hasAnomaly": 0, "severity": "NONE"}}, {"type": "Feature", "geometry": {"type": "Point", "coordinates": [-77.56643, 38.96178]}, "properties": {"id": "ATHER-MAW-1714", "name": "Willowsford Farm", "town": "Willowsford Farm, Virginia, USA", "country": "USA", "temperature": 21.7, "pressure": 1016.6, "humidity": 94, "windSpeed": 0.0, "windDirection": "NW", "condition": "Rain", "timestamp": "16:39:06 EDT", "status": "NORMAL", "hasAnomaly": 0, "severity": "NONE"}}, {"type": "Feature", "geometry": {"type": "Point", "coordinates": [-122.748558, 48.997448]}, "properties": {"id": "ATHER-NWW-1715", "name": "Blaine", "town": "Blaine, Washington, USA", "country": "USA", "temperature": 20.6, "pressure": 1021.7, "humidity": 73, "windSpeed": 4.8, "windDirection": "WSW", "condition": "Partly Cloudy", "timestamp": "13:26:43 PDT", "status": "NORMAL", "hasAnomaly": 0, "severity": "NONE"}}, {"type": "Feature", "geometry": {"type": "Point", "coordinates": [-122.279979, 47.78039]}, "properties": {"id": "ATHER-NWW-1716", "name": "Brier", "town": "Brier, Washington, USA", "country": "USA", "temperature": 20.0, "pressure": 1021.3, "humidity": 72, "windSpeed": 3.2, "windDirection": "SSW", "condition": "Overcast", "timestamp": "13:41:03 PDT", "status": "NORMAL", "hasAnomaly": 0, "severity": "NONE"}}, {"type": "Feature", "geometry": {"type": "Point", "coordinates": [-122.588211, 47.35331]}, "properties": {"id": "ATHER-NWW-1717", "name": "Gig Harbor", "town": "Gig Harbor, Washington, USA", "country": "USA", "temperature": 21.1, "pressure": 1020.7, "humidity": 66, "windSpeed": 0.0, "windDirection": "ENE", "condition": "Cloudy2", "timestamp": "13:40:38 PDT", "status": "NORMAL", "hasAnomaly": 0, "severity": "NONE"}}, {"type": "Feature", "geometry": {"type": "Point", "coordinates": [-122.585419, 47.920189]}, "properties": {"id": "ATHER-NWW-1718", "name": "Hansville", "town": "Hansville, Washington, USA", "country": "USA", "temperature": 15.0, "pressure": 1021.0, "humidity": 88, "windSpeed": 16.1, "windDirection": "W", "condition": "Overcast", "timestamp": "13:40:55 PDT", "status": "NORMAL", "hasAnomaly": 0, "severity": "NONE"}}, {"type": "Feature", "geometry": {"type": "Point", "coordinates": [-122.515869, 47.751278]}, "properties": {"id": "ATHER-NWW-1719", "name": "Indianola", "town": "Indianola, Washington, USA", "country": "USA", "temperature": 21.1, "pressure": 1020.7, "humidity": 72, "windSpeed": 0.0, "windDirection": "ESE", "condition": "Overcast", "timestamp": "13:40:56 PDT", "status": "NORMAL", "hasAnomaly": 0, "severity": "NONE"}}, {"type": "Feature", "geometry": {"type": "Point", "coordinates": [-122.180878, 47.689991]}, "properties": {"id": "ATHER-NWW-1720", "name": "Kirkland", "town": "Kirkland, Washington, USA", "country": "USA", "temperature": 21.1, "pressure": 1021.3, "humidity": 63, "windSpeed": 0.0, "windDirection": "WSW", "condition": "Dry", "timestamp": "13:40:57 PDT", "status": "NORMAL", "hasAnomaly": 0, "severity": "NONE"}}, {"type": "Feature", "geometry": {"type": "Point", "coordinates": [-122.5501633, 47.1473198]}, "properties": {"id": "ATHER-NWW-1721", "name": "Lakewood", "town": "Lakewood, Washington, USA", "country": "USA", "temperature": null, "pressure": null, "humidity": null, "windSpeed": null, "windDirection": null, "condition": "Offline", "timestamp": "Offline", "status": "OFFLINE", "hasAnomaly": 0, "severity": "NONE"}}, {"type": "Feature", "geometry": {"type": "Point", "coordinates": [-124.028763, 46.361355]}, "properties": {"id": "ATHER-NWW-1722", "name": "Long Beach", "town": "Long Beach, Washington, USA", "country": "USA", "temperature": 18.9, "pressure": 1021.3, "humidity": 80, "windSpeed": 9.7, "windDirection": "NNW", "condition": "Dry", "timestamp": "13:41:04 PDT", "status": "NORMAL", "hasAnomaly": 0, "severity": "NONE"}}, {"type": "Feature", "geometry": {"type": "Point", "coordinates": [-124.0533, 46.35333]}, "properties": {"id": "ATHER-NWW-1723", "name": "Long Beach-2", "town": "Long Beach-2, Washington, USA", "country": "USA", "temperature": 17.8, "pressure": 1021.7, "humidity": 82, "windSpeed": 12.9, "windDirection": "NNW", "condition": "Clear", "timestamp": "13:41:06 PDT", "status": "NORMAL", "hasAnomaly": 0, "severity": "NONE"}}, {"type": "Feature", "geometry": {"type": "Point", "coordinates": [-123.02739716, 46.16475296]}, "properties": {"id": "ATHER-NWW-1724", "name": "Longview", "town": "Longview, Washington, USA", "country": "USA", "temperature": 22.2, "pressure": 1022.4, "humidity": 68, "windSpeed": 0.0, "windDirection": "NW", "condition": "Overcast", "timestamp": "13:41:05 PDT", "status": "NORMAL", "hasAnomaly": 0, "severity": "NONE"}}, {"type": "Feature", "geometry": {"type": "Point", "coordinates": [-121.7784, 47.4985]}, "properties": {"id": "ATHER-NWW-1725", "name": "North Bend-3", "town": "North Bend-3, Washington, USA", "country": "USA", "temperature": 21.1, "pressure": 1019.3, "humidity": 62, "windSpeed": 4.8, "windDirection": "SW", "condition": "Sunny", "timestamp": "13:41:05 PDT", "status": "NORMAL", "hasAnomaly": 0, "severity": "NONE"}}, {"type": "Feature", "geometry": {"type": "Point", "coordinates": [-124.05458, 46.52546]}, "properties": {"id": "ATHER-NWW-1726", "name": "Ocean Park", "town": "Ocean Park, Washington, USA", "country": "USA", "temperature": 16.7, "pressure": 1022.0, "humidity": 88, "windSpeed": 14.5, "windDirection": "NNW", "condition": "Sunny", "timestamp": "13:40:54 PDT", "status": "NORMAL", "hasAnomaly": 0, "severity": "NONE"}}, {"type": "Feature", "geometry": {"type": "Point", "coordinates": [-124.04583, 46.48817]}, "properties": {"id": "ATHER-NWW-1727", "name": "Ocean Park-2", "town": "Ocean Park-2, Washington, USA", "country": "USA", "temperature": 22.2, "pressure": 1020.3, "humidity": 67, "windSpeed": 0.0, "windDirection": "NNW", "condition": "Overcast", "timestamp": "13:40:51 PDT", "status": "NORMAL", "hasAnomaly": 0, "severity": "NONE"}}, {"type": "Feature", "geometry": {"type": "Point", "coordinates": [-122.3136, 47.6118]}, "properties": {"id": "ATHER-NWW-1728", "name": "Seattle", "town": "Seattle, Washington, USA", "country": "USA", "temperature": 22.2, "pressure": 1021.3, "humidity": 61, "windSpeed": 1.6, "windDirection": "NW", "condition": "Mostly Cloudy", "timestamp": "13:41:06 PDT", "status": "NORMAL", "hasAnomaly": 0, "severity": "NONE"}}, {"type": "Feature", "geometry": {"type": "Point", "coordinates": [-123.135895, 48.107988]}, "properties": {"id": "ATHER-NWW-1729", "name": "Sequim", "town": "Sequim, Washington, USA", "country": "USA", "temperature": 16.7, "pressure": 1023.4, "humidity": 77, "windSpeed": 6.4, "windDirection": "W", "condition": "Overcast", "timestamp": "13:40:59 PDT", "status": "NORMAL", "hasAnomaly": 0, "severity": "NONE"}}, {"type": "Feature", "geometry": {"type": "Point", "coordinates": [-122.442418, 45.663474]}, "properties": {"id": "ATHER-NWW-1730", "name": "Vancouver/Camas", "town": "Vancouver/Camas, Washington, USA", "country": "USA", "temperature": 23.3, "pressure": 1019.6, "humidity": 54, "windSpeed": 3.2, "windDirection": "S", "condition": "Overcast", "timestamp": "12:56:02 PDT", "status": "NORMAL", "hasAnomaly": 0, "severity": "NONE"}}, {"type": "Feature", "geometry": {"type": "Point", "coordinates": [-122.04433, 47.765133]}, "properties": {"id": "ATHER-NWW-1731", "name": "Woodinville", "town": "Woodinville, Washington, USA", "country": "USA", "temperature": 22.2, "pressure": 1021.0, "humidity": 60, "windSpeed": 1.6, "windDirection": "NW", "condition": "Overcast", "timestamp": "13:40:08 PDT", "status": "NORMAL", "hasAnomaly": 0, "severity": "NONE"}}, {"type": "Feature", "geometry": {"type": "Point", "coordinates": [-77.899635, 39.287048]}, "properties": {"id": "ATHER-MAW-1732", "name": "Charles Town", "town": "Charles Town, West Virginia, USA", "country": "USA", "temperature": null, "pressure": null, "humidity": null, "windSpeed": null, "windDirection": null, "condition": "Offline", "timestamp": "Offline", "status": "OFFLINE", "hasAnomaly": 0, "severity": "NONE"}}, {"type": "Feature", "geometry": {"type": "Point", "coordinates": [-77.7882, 39.3386]}, "properties": {"id": "ATHER-MAW-1733", "name": "Harpers Ferry", "town": "Harpers Ferry, West Virginia, USA", "country": "USA", "temperature": 22.8, "pressure": 1015.2, "humidity": 71, "windSpeed": 0.0, "windDirection": "S", "condition": "Partly Cloudy", "timestamp": "16:39:04 EDT", "status": "NORMAL", "hasAnomaly": 0, "severity": "NONE"}}, {"type": "Feature", "geometry": {"type": "Point", "coordinates": [-81.546523, 38.369973]}, "properties": {"id": "ATHER-MAW-1734", "name": "Rutledge", "town": "Rutledge, West Virginia, USA", "country": "USA", "temperature": null, "pressure": null, "humidity": null, "windSpeed": null, "windDirection": null, "condition": "Offline", "timestamp": "Offline", "status": "OFFLINE", "hasAnomaly": 0, "severity": "NONE"}}, {"type": "Feature", "geometry": {"type": "Point", "coordinates": [-88.23132324, 45.45090103]}, "properties": {"id": "ATHER-MWW-1735", "name": "Athelstane", "town": "Athelstane, Wisconsin, USA", "country": "USA", "temperature": 32.2, "pressure": 1020.0, "humidity": 40, "windSpeed": 1.6, "windDirection": "NW", "condition": "Sunny", "timestamp": "15:39:16 CDT", "status": "NORMAL", "hasAnomaly": 0, "severity": "NONE"}}, {"type": "Feature", "geometry": {"type": "Point", "coordinates": [-88.8484, 45.5162]}, "properties": {"id": "ATHER-MWW-1736", "name": "Crandon", "town": "Crandon, Wisconsin, USA", "country": "USA", "temperature": 29.4, "pressure": 1019.0, "humidity": 37, "windSpeed": 0.0, "windDirection": "SW", "condition": "Clear", "timestamp": "15:39:17 CDT", "status": "NORMAL", "hasAnomaly": 0, "severity": "NONE"}}, {"type": "Feature", "geometry": {"type": "Point", "coordinates": [-88.071, 44.438]}, "properties": {"id": "ATHER-MWW-1737", "name": "De Pere", "town": "De Pere, Wisconsin, USA", "country": "USA", "temperature": 32.8, "pressure": 1017.6, "humidity": 54, "windSpeed": 3.2, "windDirection": "ESE", "condition": "Sunny", "timestamp": "15:39:17 CDT", "status": "NORMAL", "hasAnomaly": 0, "severity": "NONE"}}, {"type": "Feature", "geometry": {"type": "Point", "coordinates": [-91.192, 43.4208]}, "properties": {"id": "ATHER-MWW-1738", "name": "DeSoto", "town": "DeSoto, Wisconsin, USA", "country": "USA", "temperature": 30.6, "pressure": 1014.6, "humidity": 63, "windSpeed": 0.0, "windDirection": "SSW", "condition": "Sunny", "timestamp": "15:39:01 CDT", "status": "NORMAL", "hasAnomaly": 0, "severity": "NONE"}}, {"type": "Feature", "geometry": {"type": "Point", "coordinates": [-87.93506622, 44.51412964]}, "properties": {"id": "ATHER-MWW-1739", "name": "Green Bay", "town": "Green Bay, Wisconsin, USA", "country": "USA", "temperature": 30.6, "pressure": 995.6, "humidity": 99, "windSpeed": 0.0, "windDirection": "E", "condition": "Clear", "timestamp": "15:38:34 CDT", "status": "NORMAL", "hasAnomaly": 0, "severity": "NONE"}}, {"type": "Feature", "geometry": {"type": "Point", "coordinates": [-90.07982635, 43.79676819]}, "properties": {"id": "ATHER-MWW-1740", "name": "Mauston", "town": "Mauston, Wisconsin, USA", "country": "USA", "temperature": 32.8, "pressure": 1019.3, "humidity": 48, "windSpeed": 6.4, "windDirection": "SSW", "condition": "Sunny", "timestamp": "15:39:12 CDT", "status": "NORMAL", "hasAnomaly": 0, "severity": "NONE"}}, {"type": "Feature", "geometry": {"type": "Point", "coordinates": [-89.5473938, 44.44224548]}, "properties": {"id": "ATHER-MWW-1741", "name": "Plover", "town": "Plover, Wisconsin, USA", "country": "USA", "temperature": 31.7, "pressure": 1019.6, "humidity": 40, "windSpeed": 4.8, "windDirection": "SW", "condition": "Partly Cloudy", "timestamp": "15:39:22 CDT", "status": "NORMAL", "hasAnomaly": 0, "severity": "NONE"}}, {"type": "Feature", "geometry": {"type": "Point", "coordinates": [-89.217, 43.193]}, "properties": {"id": "ATHER-MWW-1742", "name": "Sun Prairie", "town": "Sun Prairie, Wisconsin, USA", "country": "USA", "temperature": 29.4, "pressure": 1017.3, "humidity": 54, "windSpeed": 1.6, "windDirection": "E", "condition": "Mainly Fine", "timestamp": "15:39:21 CDT", "status": "NORMAL", "hasAnomaly": 0, "severity": "NONE"}}, {"type": "Feature", "geometry": {"type": "Point", "coordinates": [-89.114403, 44.341286]}, "properties": {"id": "ATHER-MWW-1743", "name": "Waupaca", "town": "Waupaca, Wisconsin, USA", "country": "USA", "temperature": 28.3, "pressure": 1016.9, "humidity": 65, "windSpeed": 0.0, "windDirection": "N", "condition": "Clear", "timestamp": "15:39:19 CDT", "status": "NORMAL", "hasAnomaly": 0, "severity": "NONE"}}, {"type": "Feature", "geometry": {"type": "Point", "coordinates": [-91.073448, 45.873779]}, "properties": {"id": "ATHER-MWW-1744", "name": "Winter", "town": "Winter, Wisconsin, USA", "country": "USA", "temperature": 29.4, "pressure": 1018.3, "humidity": 54, "windSpeed": 0.0, "windDirection": "NNW", "condition": "Cloudy2", "timestamp": "15:39:18 CDT", "status": "NORMAL", "hasAnomaly": 0, "severity": "NONE"}}, {"type": "Feature", "geometry": {"type": "Point", "coordinates": [-108.04344, 44.37794]}, "properties": {"id": "ATHER-RMW-1745", "name": "Basin", "town": "Basin, Wyoming, USA", "country": "USA", "temperature": 37.2, "pressure": 1009.5, "humidity": 16, "windSpeed": 0.0, "windDirection": "W", "condition": "Sunny", "timestamp": "14:40:10 MDT", "status": "NORMAL", "hasAnomaly": 0, "severity": "NONE"}}, {"type": "Feature", "geometry": {"type": "Point", "coordinates": [-108.7768, 44.75847]}, "properties": {"id": "ATHER-RMW-1746", "name": "Powell 1", "town": "Powell 1, Wyoming, USA", "country": "USA", "temperature": null, "pressure": null, "humidity": null, "windSpeed": null, "windDirection": null, "condition": "Offline", "timestamp": "Offline", "status": "OFFLINE", "hasAnomaly": 0, "severity": "NONE"}}, {"type": "Feature", "geometry": {"type": "Point", "coordinates": [-106.97627, 44.81217]}, "properties": {"id": "ATHER-RMW-1747", "name": "Sheridan", "town": "Sheridan, Wyoming, USA", "country": "USA", "temperature": 40.0, "pressure": 1002.0, "humidity": 13, "windSpeed": 0.0, "windDirection": "N", "condition": "Clear", "timestamp": "14:33:53 MDT", "status": "NORMAL", "hasAnomaly": 0, "severity": "NONE"}}]}